Model,Split,Threshold,AUROC,AUPRC,Utility,Sensitivity,Specificity,PPV,NPV,F1,BalancedAccuracy,AlarmRate,Brier,ECE,NLL,CalSlope,CITL,Note
qSOFA_partial,A_test,1.0,0.5672470398266762,0.02600793190631954,0.0,0.0,1.0,0.0,0.9781211010108726,0.0,0.5,0.0,0.13335178405266365,0.20807545636315375,1.0237013777116013,0.026932398851712096,0.1863812871820334,partial clinical score; calibration columns not interpretable
SIRS,A_test,0.5,0.617706081927831,0.031587712377682584,0.0763116646242413,0.5196392202502182,0.6582864208779409,0.032896190967361676,0.9839396887159533,0.06187531396698367,0.5889628205640796,0.3456063962518779,0.15119642973035216,0.27684729448157736,0.639081032730715,0.055939362691474405,0.27003605809271003,partial clinical score; calibration columns not interpretable
NEWS2_partial,A_test,0.3333333432674408,0.6390187078320577,0.03561047823060427,0.11413738398548455,0.3345941227814955,0.8279457225602811,0.041686301518831334,0.9823404501756688,0.07413615265600824,0.5812699226708883,0.17561047029765997,0.0623962646078856,0.1664873819590572,0.26122321052954384,0.10794836421242542,0.1664873819590579,partial clinical score; calibration columns not interpretable
SOFA_partial,A_test,0.4615384638309479,0.5712867066978671,0.031197608661188623,0.0395670058042881,0.06517311608961303,0.9789333246558849,0.06472117885004335,0.9790862521235949,0.06494636126413453,0.5220532203727489,0.022031675705955746,0.038918474427388314,0.08609502534268001,0.2564766239862484,0.026435153732086526,0.07032091650709321,partial clinical score; calibration columns not interpretable
SepsisGuard_CP,A_test,0.02926015097867041,0.8115105238946035,0.09890363990799896,0.4117548709472104,0.6645330229851615,0.7987504474309329,0.06878067877254795,0.9906929813940348,0.12465888003493068,0.7316417352080472,0.2113856848216332,0.020450821266194463,0.0007398670833080357,0.09012980241382225,0.9978880208151538,0.0005610627727196081,
qSOFA_partial,B_test,1.0,0.5837059784525742,0.018763083502999503,0.0,0.0,1.0,0.0,0.9858112661702583,0.0,0.5,0.0,0.10735283730296422,0.17324893822360307,0.7769578221578194,0.03760554093925209,0.15818916097621513,partial clinical score; calibration columns not interpretable
SIRS,B_test,0.5,0.6622697065322787,0.027330745264750562,-0.01801174654136008,0.5056765523632993,0.7415254661202059,0.02738703241269403,0.9904964052491381,0.05195995571797588,0.6236010092417525,0.26198201752223155,0.11405702777717895,0.22934312428702958,0.4573506540618927,0.0766695098544756,0.22424432945329323,partial clinical score; calibration columns not interpretable
NEWS2_partial,B_test,0.3333333432674408,0.6947185439534114,0.03460789717232511,0.10320482121580161,0.3107043558850788,0.8964931353357632,0.04141509288284254,0.9890546732865965,0.07308798081508631,0.603598745610421,0.1064467347173595,0.04263347414231229,0.12787651745709594,0.1980042777498154,0.1156080755734987,0.127876517457113,partial clinical score; calibration columns not interpretable
SOFA_partial,B_test,0.4615384638309479,0.6234060014168806,0.023717283190836713,0.027678697995885158,0.07205746061167748,0.9780304066108868,0.04507899695608059,0.9865281244323648,0.05546143557735177,0.5250439336112821,0.022680276805233657,0.03191564467096871,0.08106878511051585,0.19047307070637728,0.0545894642517081,0.07157466412164397,partial clinical score; calibration columns not interpretable
SepsisGuard_CP,B_test,0.02926015097867041,0.7378379602111149,0.055436801743017475,0.19721699685456287,0.3513670064874884,0.9195048504513638,0.05911243641466409,0.9899490361019708,0.10119951285430674,0.6354359284694261,0.0843384782287095,0.013713679833544113,0.002572848395163465,0.06884110306307051,0.8366199749820418,-0.0021685121546272078,
