Threshold,Utility,Model
0.31888166069984436,0.17127516002159315,Logistic
0.3211974416470327,0.17116526567440424,Logistic
0.32348887188695064,0.17510989434718896,Logistic
0.32592264276793026,0.17874219171743644,Logistic
0.3284728393174019,0.18260777357908517,Logistic
0.33087601032076763,0.18491555487005468,Logistic
0.33338353372822294,0.18853435644327898,Logistic
0.3356761250075172,0.19264864656435557,Logistic
0.33820233154296875,0.19497763553636138,Logistic
0.3407448659123493,0.19945631217706472,Logistic
0.34300857519903105,0.20380581476054593,Logistic
0.34566499827889835,0.205922726922187,Logistic
0.34801364687510905,0.20836353821238518,Logistic
0.3506081621626846,0.21102028225495478,Logistic
0.3531608234433567,0.21338204673401706,Logistic
0.35559029348758087,0.216669237294671,Logistic
0.35823588889186125,0.21969229582787067,Logistic
0.36093313193321225,0.22292164725842514,Logistic
0.3635718536817727,0.22582709956042252,Logistic
0.3662150176342796,0.23040410272229497,Logistic
0.36882896010615246,0.2306952263437957,Logistic
0.3716036170440561,0.23225495488547845,Logistic
0.37441411922559015,0.23427932443896032,Logistic
0.3770612334774322,0.23887367933986262,Logistic
0.38007635066889917,0.243236677720367,Logistic
0.38293795981327017,0.2463137194416595,Logistic
0.38595515178431994,0.24837857638621103,Logistic
0.3888873445677156,0.25195303462635915,Logistic
0.39180508316264434,0.25578198503894495,Logistic
0.39478664479836717,0.25820544459011324,Logistic
0.39764665762917334,0.26097593892187854,Logistic
0.4005920892573204,0.2650555255648954,Logistic
0.40321869566460616,0.2674635613480372,Logistic
0.40606759071450277,0.2674095781599444,Logistic
0.40892142173222135,0.2691023367008559,Logistic
0.41162579830955054,0.2722950566823474,Logistic
0.41457922050331825,0.27316264363383963,Logistic
0.4178137849639444,0.275915786226575,Logistic
0.4209706581280011,0.27872483997840664,Logistic
0.42410374375050813,0.279764016349194,Logistic
0.42728872915275956,0.28151654199120835,Logistic
0.4305695906847465,0.2829605922726921,Logistic
0.43383617563808663,0.2834637927045576,Logistic
0.43720999356378026,0.286521554715817,Logistic
0.4408456417352211,0.287333230508213,Logistic
0.44411504587706385,0.286631449063006,Logistic
0.44747071329886173,0.28811405876455604,Logistic
0.4508305521392021,0.2887290815146139,Logistic
0.4540639464855194,0.29134919410812055,Logistic
0.4574532697060528,0.2935278013418677,Logistic
0.4610022083550942,0.29744543842060606,Logistic
0.46481826557431905,0.3003875221716664,Logistic
0.4686838158819856,0.2999286650728772,Logistic
0.4721985624056905,0.302373332305082,Logistic
0.4760001110810192,0.30584946402406094,Logistic
0.4799345634965336,0.30902290429551926,Logistic
0.48410786185545074,0.30954538443741797,Logistic
0.4879238179210855,0.31137888486157156,Logistic
0.4915519554394634,0.3112477828333461,Logistic
0.4950598520521357,0.3141725148453766,Logistic
0.4989111364889546,0.31401249325210145,Logistic
0.5027873803988224,0.31343795789311313,Logistic
0.5063852792387249,0.31331071180689435,Logistic
0.5102557504597832,0.31364039484846135,Logistic
0.5144686276892654,0.31109354515308074,Logistic
0.518906211231937,0.3128537826791084,Logistic
0.5228986453008251,0.31289812601218464,Logistic
0.5275895724416781,0.31246433253643857,Logistic
0.5322904329299927,0.3146390838281791,Logistic
0.5368405199391502,0.31276509601295593,Logistic
0.5412520443691927,0.3123679339862727,Logistic
0.5455387142606142,0.31124392689133945,Logistic
0.5498934017830537,0.3117895426852779,Logistic
0.554631541572699,0.31073879848847064,Logistic
0.5598320489731156,0.3110723374720443,Logistic
0.5643938588495014,0.308161101257037,Logistic
0.5692913574050454,0.3074246163337702,Logistic
0.5742830156578738,0.308087838358911,Logistic
0.5793605606856467,0.3090595357445823,Logistic
0.5846985557119386,0.3080916943009176,Logistic
0.5905046406513502,0.308423305313488,Logistic
0.5955116153023824,0.30708529343718655,Logistic
0.601183633335498,0.3028881005629674,Logistic
0.6066999533677301,0.3012782447751985,Logistic
0.6121698415139142,0.30138621115138425,Logistic
0.6182520369121006,0.298420991748284,Logistic
0.6239848265567748,0.2970656281329528,Logistic
0.6303848797293271,0.29606308321122843,Logistic
0.6367543732819436,0.29224762859566583,Logistic
0.6427723319290065,0.2915651268604919,Logistic
0.6487853846029069,0.2854650266059997,Logistic
0.6548729086342983,0.28570987892342087,Logistic
0.6614138158068938,0.28249595126089294,Logistic
0.6682670189372631,0.2790911544690367,Logistic
0.6759541294875266,0.27532004318655035,Logistic
0.683913562738595,0.27002969075345096,Logistic
0.6918428830980252,0.2671762936685432,Logistic
0.7004100515121171,0.26052093776509594,Logistic
0.7089574593656204,0.2567382586565898,Logistic
0.7178258789587422,0.24967995681344946,Logistic
0.7275818988054744,0.24568327292357517,Logistic
0.7371482143161677,0.24014035628904132,Logistic
0.7468834744862147,0.23376841212308164,Logistic
0.7557764668865364,0.23159173286033768,Logistic
0.7656358707572232,0.22576926043032303,Logistic
0.7758140183196347,0.21969615176987728,Logistic
0.7865974400624508,0.2125954345646641,Logistic
0.7984724695402033,0.2087240687900053,Logistic
0.8110818757610161,0.19932328217783596,Logistic
0.8224876515705042,0.18858448368936526,Logistic
0.8359961431567409,0.17190367856867422,Logistic
0.8493104777015558,0.15486619881236974,Logistic
0.8624891356299907,0.14198928048122142,Logistic
0.87781184125748,0.12956350736484915,Logistic
0.8938133449434237,0.11114752834117368,Logistic
0.909506488828098,0.09904179841135179,Logistic
0.9285880212984166,0.08212192488624964,Logistic
0.9479715274562355,0.06284992673710173,Logistic
0.9704434271419756,0.02775892650574533,Logistic
0.9951183953285214,-0.0006034549240379986,Logistic
0.024324975907802582,0.21557222179378407,RandomForest
0.024368828162550926,0.2188478445284182,RandomForest
0.024422338232398033,0.22196730161178366,RandomForest
0.024469827681779865,0.22538173825865643,RandomForest
0.024521658197045326,0.22981992750829017,RandomForest
0.024576352909207344,0.23473046965373626,RandomForest
0.024634161964058876,0.23744698079740872,RandomForest
0.02469688653945923,0.240175059767101,RandomForest
0.024788176640868187,0.24368011105112966,RandomForest
0.024945305660367012,0.2475996761008714,RandomForest
0.028455775983694222,0.24967224492943613,RandomForest
0.02869158238172531,0.2541547775121461,RandomForest
0.028826770402178042,0.25824785995218624,RandomForest
0.028927676558494566,0.26071759080743423,RandomForest
0.029004320917760625,0.2628923420991748,RandomForest
0.029070602729916573,0.26668851700470414,RandomForest
0.029133170100695948,0.27087028611089675,RandomForest
0.029187082042651517,0.2713542068327291,RandomForest
0.029250042727013596,0.2743136423228193,RandomForest
0.029299555346369743,0.2746703169584328,RandomForest
0.0293587613850832,0.2779189480990205,RandomForest
0.029417753219604492,0.27974859258116747,RandomForest
0.029481662183749577,0.2810731086604456,RandomForest
0.029557598642504016,0.28405375183157233,RandomForest
0.02965225838124752,0.28415979023675475,RandomForest
0.029788175597786903,0.28687244543842055,RandomForest
0.03308457498565443,0.29159211845453836,RandomForest
0.03350901533550575,0.29244042569599743,RandomForest
0.03367465370367555,0.2933504280095626,RandomForest
0.03379409117483291,0.2932598133724067,RandomForest
0.033882706628627135,0.29356828873293733,RandomForest
0.0339623553234489,0.2954519164031772,RandomForest
0.034036690908820694,0.2969133184236908,RandomForest
0.034102376659627724,0.29722564972622795,RandomForest
0.03416992351412773,0.2995276471041875,RandomForest
0.03424139469423715,0.3026740957815993,RandomForest
0.03431413322687149,0.302153543610704,RandomForest
0.034400072434995356,0.30426274388833185,RandomForest
0.03448418155312538,0.30372869592041324,RandomForest
0.034621838480234146,0.30498187707256874,RandomForest
0.03483710065484047,0.30678260198966595,RandomForest
0.038217372980563574,0.3115601141358833,RandomForest
0.03846757376719923,0.3103956196498804,RandomForest
0.038629882360957254,0.3124527647104186,RandomForest
0.03874283656477928,0.31129019819541903,RandomForest
0.03884521636329278,0.3114887792087606,RandomForest
0.038940013005453,0.3104033315338936,RandomForest
0.03902535140514374,0.31143094007866107,RandomForest
0.039108207307442897,0.31185894964139727,RandomForest
0.03920051487053142,0.3107677180535204,RandomForest
0.03930043821700481,0.3099695380581475,RandomForest
0.039412862913949145,0.3101276316804194,RandomForest
0.03958065062761307,0.31023752602760846,RandomForest
0.042775192609229025,0.30982108429089217,RandomForest
0.04329180601740084,0.309362227192103,RandomForest
0.04349198927648929,0.3097902367548391,RandomForest
0.04363688826560974,0.3105305776201125,RandomForest
0.04376423614841549,0.314430862959821,RandomForest
0.04388126076595122,0.31205753065473885,RandomForest
0.04399525001645088,0.31262628210071713,RandomForest
0.044101099956686755,0.3150092542608158,RandomForest
0.044222842901945114,0.3158016503431787,RandomForest
0.04436764493584633,0.31473162643633834,RandomForest
0.04463135121675098,0.31239106963831254,RandomForest
0.04795044521298729,0.31387560731086595,RandomForest
0.048272233456373215,0.3146101642631294,RandomForest
0.04848536978048437,0.31367702629752436,RandomForest
0.04863991852830939,0.31397393383203503,RandomForest
0.04879151364309447,0.3137252255726073,RandomForest
0.048925267846393984,0.3124431248554021,RandomForest
0.04909632963292739,0.3108429089226497,RandomForest
0.04928766009374326,0.30984807588493857,RandomForest
0.04967878758907318,0.3082266522711497,RandomForest
0.052969316872603756,0.3062177064856944,RandomForest
0.0533006208651707,0.3035763862111513,RandomForest
0.05352583441476361,0.3012242615871056,RandomForest
0.0537007447851806,0.29896275160021585,RandomForest
0.05388707319866209,0.2971600987121153,RandomForest
0.05410219001719932,0.290851777589265,RandomForest
0.05446912844842223,0.2882220251407418,RandomForest
0.057921078798650695,0.2858679725456928,RandomForest
0.058284728288400076,0.28218747590036236,RandomForest
0.05851809307932854,0.27560538289504116,RandomForest
0.05876901538369535,0.2727635536361532,RandomForest
0.05903616030251278,0.2702533353898357,RandomForest
0.05973345224346435,0.2699892033623813,RandomForest
0.06290987817880488,0.2692180149610549,RandomForest
0.06330266151032528,0.2688671242384514,RandomForest
0.06358552855153043,0.2674770571450605,RandomForest
0.06390450894832611,0.26310634688054285,RandomForest
0.0669768964392798,0.25998303385517074,RandomForest
0.06801191314879586,0.2572896583635381,RandomForest
0.06843176656861266,0.25357060229814127,RandomForest
0.06886615743431725,0.2508714428934988,RandomForest
0.07230798762135145,0.24924616333770333,RandomForest
0.07307540034170912,0.2451241613326135,RandomForest
0.07357238914385564,0.23981838513148757,RandomForest
0.07718907278125021,0.23353127168967372,RandomForest
0.07817011253623402,0.22818308012647479,RandomForest
0.07889247596113623,0.2219113904526875,RandomForest
0.08295428671506273,0.2150921570139584,RandomForest
0.08379177044369591,0.20929860414899346,RandomForest
0.08785845998355321,0.2005591115909616,RandomForest
0.08916423991522869,0.19440310017737328,RandomForest
0.09324329948024591,0.18774003238991277,RandomForest
0.09787472092053467,0.17985848692835657,RandomForest
0.10270798992158994,0.16797254569291273,RandomForest
0.10764168338815705,0.15768103647721135,RandomForest
0.11316517280430355,0.14948330377111121,RandomForest
0.12153082660541784,0.13378576386211138,RandomForest
0.12750513132880714,0.12269993059304385,RandomForest
0.13657651841640472,0.11434024832266518,RandomForest
0.14241628348827362,0.10598827793629981,RandomForest
0.1491437417093451,0.0976999305930439,RandomForest
0.1576804720103241,0.08980296136346098,RandomForest
0.17198849315903766,0.080282640549086,RandomForest
0.19085017520039027,0.06662682193259811,RandomForest
0.2212412727184645,0.04690367856867425,RandomForest
0.2816378499259479,0.027317421145985975,RandomForest
0.3801699788570383,0.006724762859566499,RandomForest
0.044283200055360794,0.22737526027608537,ExtraTrees
0.044500574524162194,0.23190984807588483,ExtraTrees
0.04474618605580651,0.23479602066784908,ExtraTrees
0.04522594662799556,0.2367220637001618,ExtraTrees
0.046400252598674356,0.2417039407727306,ExtraTrees
0.04687843952985371,0.2444937148145291,ExtraTrees
0.04718881902849975,0.2461903292974473,ExtraTrees
0.047413076740853925,0.2501330299992287,ExtraTrees
0.04764116731235961,0.25225379810287646,ExtraTrees
0.047893211846592045,0.2558263283720212,ExtraTrees
0.048232920949949944,0.25655124546926805,ExtraTrees
0.049303908776961454,0.2603454924037941,ExtraTrees
0.04999657679079963,0.26386403948484605,ExtraTrees
0.05031125345988935,0.2650034703478059,ExtraTrees
0.05057534960438224,0.2683716356905992,ExtraTrees
0.05082476287454116,0.2719673016117836,ExtraTrees
0.05108723667188853,0.2735270301534664,ExtraTrees
0.051490594470075195,0.2757634765173131,ExtraTrees
0.05261447877217742,0.27853204287807504,ExtraTrees
0.05321988797062585,0.2805525564895503,ExtraTrees
0.053592695686496605,0.2828834734325595,ExtraTrees
0.053863858758526686,0.2878614945631216,ExtraTrees
0.05412355071531624,0.29239801033392443,ExtraTrees
0.05444899733740242,0.2943240533662373,ExtraTrees
0.055251683727783316,0.2980585331996606,ExtraTrees
0.05620200086165876,0.3010218246317574,ExtraTrees
0.05662319725351173,0.3051380427238373,ExtraTrees
0.05695207979912017,0.30685393691678864,ExtraTrees
0.0572211101230453,0.30803771111282474,ExtraTrees
0.057481448402800485,0.3120652425387521,ExtraTrees
0.05794368479056519,0.31360761934140496,ExtraTrees
0.05910066035990955,0.3157476671550859,ExtraTrees
0.059713021754968065,0.31492056759466325,ExtraTrees
0.06003139960214872,0.31805544844605527,ExtraTrees
0.060319825134107045,0.3178877149687668,ExtraTrees
0.06060892585007583,0.31887098018045795,ExtraTrees
0.06098011112739059,0.3186222719210302,ExtraTrees
0.06198446289869421,0.3214544613249015,ExtraTrees
0.06276585783828206,0.3236118608776123,ExtraTrees
0.06313389387376168,0.3271072723066244,ExtraTrees
0.06345239941562925,0.3312042106886711,ExtraTrees
0.06376263357110384,0.33153582170124146,ExtraTrees
0.0641224296092987,0.33253836662296593,ExtraTrees
0.06497128622071083,0.3325807819850388,ExtraTrees
0.06593924836401178,0.3320274543070871,ExtraTrees
0.06637234712348264,0.3331514614020204,ExtraTrees
0.0667420536289696,0.33436608313410954,ExtraTrees
0.06707030091816638,0.3375414513765712,ExtraTrees
0.06754574319444784,0.3382393768797716,ExtraTrees
0.06875932077975833,0.3365504742808667,ExtraTrees
0.06938671757694052,0.3370363229737024,ExtraTrees
0.06981322744914463,0.3390992519472506,ExtraTrees
0.07019308141750448,0.34035628904141274,ExtraTrees
0.07067138646780945,0.34038328063545914,ExtraTrees
0.07187647610151468,0.33761471427469714,ExtraTrees
0.07260800827826773,0.33840903832806346,ExtraTrees
0.07303615940318388,0.33772653659288954,ExtraTrees
0.07339798126225712,0.33483265211691204,ExtraTrees
0.07390479604636922,0.33372985270301525,ExtraTrees
0.07509418900048034,0.3314355672090691,ExtraTrees
0.07579966639771181,0.3292376802652887,ExtraTrees
0.07625447367519891,0.3312042106886711,ExtraTrees
0.07663622671716354,0.33244196807280013,ExtraTrees
0.07729105042008791,0.32689326752525627,ExtraTrees
0.07854970548182975,0.3265751523097091,ExtraTrees
0.07920304072879945,0.32621269376108575,ExtraTrees
0.07962998394405141,0.32564779825711415,ExtraTrees
0.08014383502016548,0.323835505513997,ExtraTrees
0.08137478849717546,0.32171280943934594,ExtraTrees
0.08230730162899033,0.3198330377111127,ExtraTrees
0.08284442317836425,0.3195303462635921,ExtraTrees
0.08341533726729265,0.31995835582632826,ExtraTrees
0.08477457593368891,0.31616025294979555,ExtraTrees
0.08562670466479134,0.31374836122464705,ExtraTrees
0.08614495991658763,0.31215971311791463,ExtraTrees
0.08684531944889982,0.307301226189558,ExtraTrees
0.08839082568984072,0.3032158556335312,ExtraTrees
0.08910104970020408,0.29654314799105413,ExtraTrees
0.08970287613207553,0.29566977712655196,ExtraTrees
0.09111122954342547,0.2925040487391069,ExtraTrees
0.09211839103147763,0.28830492789388434,ExtraTrees
0.0927422228956423,0.2870016194956427,ExtraTrees
0.09384467036934459,0.2811926428626512,ExtraTrees
0.09521517656756047,0.2785918099791778,ExtraTrees
0.09590630391415428,0.2736812678337317,ExtraTrees
0.09710035611476221,0.26616410889180214,ExtraTrees
0.09852079290953003,0.2656724762859566,ExtraTrees
0.09938178320066271,0.2580781985038944,ExtraTrees
0.10114283185996928,0.2554156705483149,ExtraTrees
0.10211001371911593,0.25669391532351343,ExtraTrees
0.10311542352207567,0.25084059535744574,ExtraTrees
0.10498645325969247,0.24488702089920558,ExtraTrees
0.10596770543561265,0.2383434873139507,ExtraTrees
0.10784891556265976,0.2319869669160175,ExtraTrees
0.10921104444024944,0.2226420914629443,ExtraTrees
0.11138476708856954,0.21737101873987807,ExtraTrees
0.11266455704324384,0.20915979023675477,ExtraTrees
0.11485891304346693,0.20486234287036317,ExtraTrees
0.11710531414957608,0.1983072414590884,ExtraTrees
0.11888268319824169,0.19292820235983638,ExtraTrees
0.12139111898776866,0.18605884167502112,ExtraTrees
0.12405181272891387,0.17692218709030608,ExtraTrees
0.12667844659941538,0.1688998997455078,ExtraTrees
0.1293545466431049,0.1573590653196575,ExtraTrees
0.13280349154832993,0.14669738567131943,ExtraTrees
0.13656490546815533,0.14156898280249855,ExtraTrees
0.14024501162116298,0.13583712500963985,ExtraTrees
0.14400827137061528,0.12206755610395623,ExtraTrees
0.14820340751098987,0.1120768103647721,ExtraTrees
0.15379126717813874,0.10485270301534658,ExtraTrees
0.15974307000136162,0.09505089843448752,ExtraTrees
0.16658420349670058,0.08531657283874441,ExtraTrees
0.17583870325369041,0.06939346032235671,ExtraTrees
0.18733163424499916,0.05395812446980782,ExtraTrees
0.20541210922874384,0.035235598056605213,ExtraTrees
0.2362599787942498,0.010800493560576862,ExtraTrees
0.3103447445280412,-0.006751754453613163,ExtraTrees
0.32983255734864336,-0.003287190560654029,ExtraTrees
0.3439306951731193,2.6991594046348387e-05,ExtraTrees
0.3885242928266522,0.0010449602837971966,ExtraTrees
0.12236855924129486,0.2398935760006169,LightGBM
0.12412880079285434,0.24241343410195104,LightGBM
0.126066735874705,0.24455540988663524,LightGBM
0.12804572271449224,0.24857330145754594,LightGBM
0.1297636606272529,0.25416634533816596,LightGBM
0.1316678239467765,0.25801071951877835,LightGBM
0.13350739528351474,0.26127670239839584,LightGBM
0.13563916598348058,0.2640067093390914,LightGBM
0.13745739462095147,0.2676197269993058,LightGBM
0.13920924688637756,0.27251870131873207,LightGBM
0.1412757784328541,0.2773232050589958,LightGBM
0.14329426232255807,0.28074920953188853,LightGBM
0.14533472829406002,0.283905298064317,LightGBM
0.14743239252557272,0.2863865967455848,LightGBM
0.14939658348700582,0.2889623660060152,LightGBM
0.15197122691809628,0.2903678568674326,LightGBM
0.15418012714486162,0.29223413279864263,LightGBM
0.15644002275807511,0.294871597131179,LightGBM
0.1589419985839299,0.29781175291123607,LightGBM
0.16124433622540546,0.30114135883396304,LightGBM
0.16367482310583611,0.3029575075190868,LightGBM
0.16602733894656685,0.30680188169969913,LightGBM
0.16873024090298083,0.30864694994987263,LightGBM
0.17098783106262946,0.311222719210303,LightGBM
0.17361368734195454,0.31516541991208435,LightGBM
0.17596474426383726,0.31693529729312864,LightGBM
0.17878463029160221,0.3223548237834502,LightGBM
0.18116958116733728,0.326812292743117,LightGBM
0.18388001919493957,0.32775699853474194,LightGBM
0.186432808642127,0.3298970463484228,LightGBM
0.1890431374812328,0.33058725996761,LightGBM
0.19189345207134215,0.33305120690984796,LightGBM
0.194928879704796,0.33584098095164633,LightGBM
0.19774174170484063,0.33759543456466407,LightGBM
0.20061307852608817,0.33863653890645473,LightGBM
0.20385424980345893,0.34240765018894104,LightGBM
0.20707869598344594,0.3455290352433098,LightGBM
0.2095837624428653,0.3477057145060537,LightGBM
0.21268983978784387,0.34953343101719736,LightGBM
0.21557007124644376,0.3511702783990128,LightGBM
0.21859836851849276,0.3549780211305621,LightGBM
0.22210784096878114,0.35525179301303295,LightGBM
0.22547883357721213,0.3569696151769877,LightGBM
0.22839382614358134,0.3608699005166961,LightGBM
0.2315659475376626,0.36256458702861094,LightGBM
0.23474170364001218,0.3658344258502351,LightGBM
0.23794570016259906,0.36891532351353423,LightGBM
0.24123865671819,0.37126552016657655,LightGBM
0.24439447360078828,0.37494023289889716,LightGBM
0.2477815194550682,0.37561887869206434,LightGBM
0.25115244433659467,0.377525642014344,LightGBM
0.25451644480228425,0.37976208837819064,LightGBM
0.25818058126112997,0.3812659057607773,LightGBM
0.2615206998526549,0.3828102105344334,LightGBM
0.26535578861356784,0.3853493483458008,LightGBM
0.26900179831420673,0.3875491632605844,LightGBM
0.27301334217015427,0.38926312948253244,LightGBM
0.27717479787053184,0.3897682578854013,LightGBM
0.28146978889393204,0.39315570293822766,LightGBM
0.2854444647546577,0.3960264517621654,LightGBM
0.28979345352709796,0.3979775584175213,LightGBM
0.2940484169711587,0.3978117529112361,LightGBM
0.29854863114316926,0.40031425927354036,LightGBM
0.30303805457143224,0.4020089457854554,LightGBM
0.3076282346949858,0.4048989743194261,LightGBM
0.31231329531228846,0.40286496491092766,LightGBM
0.3169532322883607,0.4026798796946092,LightGBM
0.3216737126943444,0.40328140664764395,LightGBM
0.3266280002934591,0.4059555024292434,LightGBM
0.3314821145374234,0.40675368242461624,LightGBM
0.3369361517008614,0.40511105112979096,LightGBM
0.3425970693285726,0.40650111822318186,LightGBM
0.34834905393384086,0.4085428395156936,LightGBM
0.35384185193466544,0.40583018431402784,LightGBM
0.35988468997819084,0.4044381892496336,LightGBM
0.365920486044483,0.4049625973625356,LightGBM
0.37223675724838945,0.4051033392457776,LightGBM
0.3792385046972948,0.4056836585177758,LightGBM
0.38544789408234986,0.4035763862111513,LightGBM
0.3922891043204221,0.4001098943471889,LightGBM
0.3990086781077024,0.40244466723220473,LightGBM
0.4051717046970079,0.39987853782679095,LightGBM
0.41293325701080447,0.3981009485617335,LightGBM
0.41985118542599076,0.39236523482686814,LightGBM
0.4270303130009595,0.38950990977095695,LightGBM
0.43473607344286785,0.3887888486157167,LightGBM
0.4429990677973804,0.38274273154931737,LightGBM
0.4505969196477858,0.3752062928973547,LightGBM
0.45838956895595834,0.3736928356597516,LightGBM
0.4676480550044725,0.370286110896892,LightGBM
0.4761820480703301,0.3641648029613634,LightGBM
0.48515968967886586,0.3641204596282871,LightGBM
0.49433518901993256,0.3617317035551784,LightGBM
0.5035372138624432,0.3560191254723528,LightGBM
0.5127781320419632,0.3521130562196344,LightGBM
0.5230760951603163,0.34841906377728066,LightGBM
0.5332580748966761,0.3408286419372252,LightGBM
0.54338803061317,0.33805621963445665,LightGBM
0.5534204989321092,0.3285339708490783,LightGBM
0.5644267098623165,0.32372368319580463,LightGBM
0.575588374077773,0.31924693452610464,LightGBM
0.5872552897228914,0.31259543456466404,LightGBM
0.5988102083887371,0.30549857330145747,LightGBM
0.6099109185122643,0.29901480681730536,LightGBM
0.6223669443370918,0.2911660368628055,LightGBM
0.6356206949318154,0.2808841675021207,LightGBM
0.649033807794587,0.26745392149302066,LightGBM
0.6631286639305725,0.24730855247937059,LightGBM
0.6780914213877767,0.23718477674095773,LightGBM
0.694232106126657,0.22353474203747967,LightGBM
0.7108237286776051,0.20856019125472347,LightGBM
0.7288505485779097,0.1915670548314952,LightGBM
0.745180563477909,0.1823841289427006,LightGBM
0.7621843263662164,0.16584213773424844,LightGBM
0.7811670312120135,0.14289928279478664,LightGBM
0.7992706498278288,0.11970579162489386,LightGBM
0.8183980128144016,0.09245970540603059,LightGBM
0.8405297673770357,0.07166846610626967,LightGBM
0.8642322583959886,0.04551939538829323,LightGBM
0.9090763447284692,0.014143595280326876,LightGBM
0.1312623769044876,0.2181904064162874,XGBoost
0.13315307073282595,0.2205945862574226,XGBoost
0.13495685149040554,0.22373139507981785,XGBoost
0.13661055336078676,0.22769144752062923,XGBoost
0.13845068216323853,0.22898511606385433,XGBoost
0.1402463525784116,0.2337086450219788,XGBoost
0.14211560046171942,0.23659674558494628,XGBoost
0.14397123190585304,0.23936531194570823,XGBoost
0.14592916277376544,0.2414822241073493,XGBoost
0.14785653800824108,0.2447886943780364,XGBoost
0.15002367253563986,0.24701935682887316,XGBoost
0.15196980947756966,0.2509061463715585,XGBoost
0.15406224382725084,0.2544806046117065,XGBoost
0.1561198468959632,0.25609817228348875,XGBoost
0.15814663504151738,0.25762126937610846,XGBoost
0.1603485528185588,0.26190714891648015,XGBoost
0.16235066899732384,0.2675580319271997,XGBoost
0.1641957094158445,0.27042106886712414,XGBoost
0.16658188390932163,0.2725360530577619,XGBoost
0.16882145649495253,0.2769935220174287,XGBoost
0.17116456897819743,0.27956929127785907,XGBoost
0.17337168849566403,0.2826251253181151,XGBoost
0.1757157973421722,0.2870864502197885,XGBoost
0.17797818811400598,0.2902965219403099,XGBoost
0.18046182389720147,0.2920471196113209,XGBoost
0.18278734573797006,0.29608429089226485,XGBoost
0.185132136672485,0.2981992750829026,XGBoost
0.18753805942645596,0.301226189558109,XGBoost
0.1900671326973858,0.30338166113981635,XGBoost
0.19259651005268097,0.3034086527338628,XGBoost
0.19494667630736567,0.3055968998226265,XGBoost
0.19739555446139906,0.3058301843140278,XGBoost
0.20031759915031305,0.30978830878383584,XGBoost
0.20289856747168478,0.312003547466646,XGBoost
0.20560843491554265,0.31508058918793846,XGBoost
0.20824291798998326,0.3190097940926968,XGBoost
0.21095459017332863,0.32252448523174204,XGBoost
0.21367559924947116,0.324469807974088,XGBoost
0.21667640825079268,0.3243618415979022,XGBoost
0.2192874155745787,0.32579239608236277,XGBoost
0.22214489918796956,0.328123313025372,XGBoost
0.22527961074003647,0.3295885709878922,XGBoost
0.22830237800934736,0.33305506285185466,XGBoost
0.2312488298536349,0.3357850697925502,XGBoost
0.2341202604830766,0.3390780442662141,XGBoost
0.23724456835444233,0.3425946633762627,XGBoost
0.240591408871803,0.34463445669777115,XGBoost
0.24401546004639954,0.3467513688594122,XGBoost
0.24749872441351914,0.34989010565281087,XGBoost
0.2501311131435281,0.3515944320197423,XGBoost
0.2533777789909299,0.3553424076501888,XGBoost
0.25670697241170065,0.35828641937225253,XGBoost
0.2597536685607013,0.35969383820467327,XGBoost
0.26372783082873896,0.35843680111051124,XGBoost
0.26717777537297804,0.35964949487159703,XGBoost
0.27047726823001345,0.3613287576154853,XGBoost
0.27414024884560523,0.36559535744582394,XGBoost
0.2772178349985796,0.36531580165034305,XGBoost
0.2809100568014033,0.36854708105190087,XGBoost
0.2843920554403498,0.3705675946633761,XGBoost
0.287885226672437,0.3721697385671318,XGBoost
0.29141693011351993,0.3711189943703246,XGBoost
0.29548338695133436,0.37198658132181683,XGBoost
0.2999824430872412,0.37156435567209056,XGBoost
0.3042363355420216,0.3737256111668079,XGBoost
0.30806453391784383,0.3741381969615177,XGBoost
0.31209127109191004,0.3735463098634995,XGBoost
0.3159505266962933,0.3742847227577696,XGBoost
0.32019659761020114,0.3757711884013263,XGBoost
0.32432468157856403,0.3742615871057298,XGBoost
0.32841212202520936,0.37551669622888867,XGBoost
0.3326293896947588,0.3757114213002235,XGBoost
0.33788574616047534,0.3780018508521631,XGBoost
0.3428757485511927,0.37328410580704857,XGBoost
0.3475521289180308,0.3730778129096938,XGBoost
0.35283889662818746,0.3691987352510217,XGBoost
0.35791309012284794,0.36757538366622955,XGBoost
0.36343608675283573,0.36683118685894955,XGBoost
0.3686556185994829,0.3646275160021592,XGBoost
0.3743986171804558,0.36403755687514455,XGBoost
0.3801481751634293,0.3572510989434718,XGBoost
0.38624957089063505,0.3512666769491786,XGBoost
0.39243829066212427,0.34883936145600364,XGBoost
0.39858895815821244,0.3505513997069483,XGBoost
0.40527929844575766,0.3484711189943702,XGBoost
0.41157414768423356,0.34512608930361677,XGBoost
0.41837435613159374,0.3405259504897045,XGBoost
0.42510508936493346,0.33903370093313784,XGBoost
0.43275146873257736,0.3344142824091925,XGBoost
0.44028899203128175,0.3340826713966221,XGBoost
0.44805537523341776,0.3263958510064008,XGBoost
0.4559565124932458,0.3204904758232436,XGBoost
0.4642404867019974,0.3142168581784529,XGBoost
0.473130134754822,0.3125530192025911,XGBoost
0.48261918254058905,0.30962443124855393,XGBoost
0.4916370291469479,0.30366700084830717,XGBoost
0.5006754476643409,0.29659134726613706,XGBoost
0.5112420880554103,0.2929166345338165,XGBoost
0.5214240315661711,0.28672591964216854,XGBoost
0.5325017899865866,0.2763862111513842,XGBoost
0.5441571785622286,0.2722834888563275,XGBoost
0.5557278597194607,0.2648897200586102,XGBoost
0.5674534196172442,0.2604611706639931,XGBoost
0.5797959790209763,0.2543572144674944,XGBoost
0.5926267310511165,0.24588378190791998,XGBoost
0.6059030929032494,0.23693028456852003,XGBoost
0.6194937229156494,0.22947482069869662,XGBoost
0.6339541039246471,0.22621847767409564,XGBoost
0.6490131317226827,0.21423420991748277,XGBoost
0.6658489471203136,0.2054445901133646,XGBoost
0.6829697530009164,0.19429898974319412,XGBoost
0.7008156047809023,0.1775834811444435,XGBoost
0.720009143520804,0.1648260970155008,XGBoost
0.7404424345873988,0.14755918870980173,XGBoost
0.760190607752119,0.13387252255726068,XGBoost
0.782633594925664,0.11676370787383346,XGBoost
0.8063103177086648,0.09894539986118597,XGBoost
0.832005449010544,0.07896969229582783,XGBoost
0.8641914624687023,0.05177951723606076,XGBoost
0.9174647405147548,0.010893036168735952,XGBoost
0.1347368210554123,0.23911467571527711,Ensemble_Equal
0.1359777713122488,0.24443780365543294,Ensemble_Equal
0.13717485084954437,0.24714660291509205,Ensemble_Equal
0.13821311708508421,0.24997300840595355,Ensemble_Equal
0.1394907172687915,0.2531078892573455,Ensemble_Equal
0.14064124563411506,0.25840980951646475,Ensemble_Equal
0.1418897569319781,0.2622175522480141,Ensemble_Equal
0.14323984982686885,0.2652348268682038,Ensemble_Equal
0.14440927289413805,0.2686955348191562,Ensemble_Equal
0.14561629555555952,0.2725746124778282,Ensemble_Equal
0.1468844304365271,0.27651538520860636,Ensemble_Equal
0.1482475084597323,0.2811290198195418,Ensemble_Equal
0.1496632049544519,0.2849521863191177,Ensemble_Equal
0.15107627325899461,0.28570409501041094,Ensemble_Equal
0.1525467198456035,0.2894539986118608,Ensemble_Equal
0.1539394346455566,0.2924539214930206,Ensemble_Equal
0.15518258562709103,0.29535744582401474,Ensemble_Equal
0.15661617048297607,0.2963233592966761,Ensemble_Equal
0.15799717134788258,0.2973027685663606,Ensemble_Equal
0.15950767835599036,0.3008810827485153,Ensemble_Equal
0.16092995706225643,0.30358024215315793,Ensemble_Equal
0.1623623203985831,0.3069792550320042,Ensemble_Equal
0.16380632216790142,0.3109007480527492,Ensemble_Equal
0.16521366434738416,0.3136673864425078,Ensemble_Equal
0.1666834490659858,0.3173594509138582,Ensemble_Equal
0.16827979856679415,0.32076039176370774,Ensemble_Equal
0.16972504754026396,0.323341944937148,Ensemble_Equal
0.17118791840306852,0.32317806740186616,Ensemble_Equal
0.17266266549334805,0.3240842137734248,Ensemble_Equal
0.17419940225617225,0.3270687128865581,Ensemble_Equal
0.17575297993271294,0.32855132258810815,Ensemble_Equal
0.17740659568940892,0.33051592504048727,Ensemble_Equal
0.1790889575321134,0.334094239222642,Ensemble_Equal
0.18094215326950336,0.3361745199352201,Ensemble_Equal
0.1828017055307116,0.33702282717667914,Ensemble_Equal
0.18461667192332884,0.340815146140202,Ensemble_Equal
0.1864461796894795,0.3443549009022903,Ensemble_Equal
0.1881164177601077,0.34657206755610387,Ensemble_Equal
0.18993627286558393,0.34884128942700693,Ensemble_Equal
0.19185031842534284,0.3515693683966992,Ensemble_Equal
0.19368705529124797,0.35639507981799945,Ensemble_Equal
0.19547786066912798,0.3582247243001464,Ensemble_Equal
0.19745100228926715,0.3611205367471272,Ensemble_Equal
0.1993825706233498,0.36379270455772333,Ensemble_Equal
0.20125191593069988,0.3652367548392071,Ensemble_Equal
0.20319260149442847,0.36633569831109725,Ensemble_Equal
0.20487528742561825,0.3693780365543301,Ensemble_Equal
0.20687369210279288,0.3722063700161948,Ensemble_Equal
0.20879286103288663,0.3736562042106885,Ensemble_Equal
0.21083448445796965,0.3734903987044033,Ensemble_Equal
0.21286908899034773,0.37470694840749585,Ensemble_Equal
0.2150496860061373,0.3732339785609623,Ensemble_Equal
0.21705291394426046,0.37356751754453604,Ensemble_Equal
0.21926105723060482,0.37544150535975934,Ensemble_Equal
0.22155329974559176,0.3774080357831417,Ensemble_Equal
0.22393889576196668,0.3796753296830414,Ensemble_Equal
0.2262833336381351,0.3820062466260506,Ensemble_Equal
0.228220884074684,0.3858390529806431,Ensemble_Equal
0.23049310313453195,0.38884283180380963,Ensemble_Equal
0.23268903669689883,0.3910773501966529,Ensemble_Equal
0.23514691104408073,0.39548469191023355,Ensemble_Equal
0.23735145158827808,0.39729891262435396,Ensemble_Equal
0.23978935101753523,0.40047428086681564,Ensemble_Equal
0.2421073441820986,0.40220945476980013,Ensemble_Equal
0.244284038266214,0.4045403717128093,Ensemble_Equal
0.24681916175269306,0.40652232590421833,Ensemble_Equal
0.24926398631905308,0.40778514691139034,Ensemble_Equal
0.2519349522831059,0.40898241690444964,Ensemble_Equal
0.25423585619245254,0.40763090923112505,Ensemble_Equal
0.2568155471707593,0.40742654430477354,Ensemble_Equal
0.25923308505731474,0.40916171820775804,Ensemble_Equal
0.26189914676622184,0.41167000848307234,Ensemble_Equal
0.26479416100518044,0.4107156628364308,Ensemble_Equal
0.2675696553653028,0.4093429474820698,Ensemble_Equal
0.27078077724601046,0.40523636924500644,Ensemble_Equal
0.27358450781898336,0.40428202359836496,Ensemble_Equal
0.2766821919389129,0.40284375722989113,Ensemble_Equal
0.2798168291835224,0.39910927739646784,Ensemble_Equal
0.28308471728372975,0.3970984036400092,Ensemble_Equal
0.28620511865716025,0.39517043263669305,Ensemble_Equal
0.289723197852864,0.39212231048045026,Ensemble_Equal
0.29319926355967,0.3920104881622579,Ensemble_Equal
0.29676344619278144,0.38974897817536813,Ensemble_Equal
0.3006568759970304,0.39009794092696837,Ensemble_Equal
0.3041722381535698,0.38682039022133097,Ensemble_Equal
0.3081530911581857,0.3822202514074188,Ensemble_Equal
0.31206452328417483,0.3786747127323204,Ensemble_Equal
0.31597483343537114,0.376525025063623,Ensemble_Equal
0.3209129636067302,0.372896583635382,Ensemble_Equal
0.32579314155037664,0.3719499498727538,Ensemble_Equal
0.3307807694362992,0.36783180380967057,Ensemble_Equal
0.3356406315004126,0.359770957044806,Ensemble_Equal
0.34027784060229777,0.35347613171897885,Ensemble_Equal
0.3452934671229675,0.34350273771882467,Ensemble_Equal
0.3506930573567623,0.3364097323976247,Ensemble_Equal
0.3561729740645706,0.3274755147682578,Ensemble_Equal
0.36118119508679164,0.3245642785532505,Ensemble_Equal
0.3669356427062458,0.3204075730701009,Ensemble_Equal
0.37290372799424565,0.3147991054214544,Ensemble_Equal
0.3796223515282159,0.31010256805737635,Ensemble_Equal
0.38649540323169307,0.29797563044651804,Ensemble_Equal
0.39364284288682844,0.29254453613017656,Ensemble_Equal
0.40082772050585064,0.2877920876070023,Ensemble_Equal
0.4080801862778784,0.27628595665921174,Ensemble_Equal
0.41571547983874796,0.26798604148993593,Ensemble_Equal
0.42412413400762217,0.2601951106655355,Ensemble_Equal
0.4326742296819933,0.24798719827253787,Ensemble_Equal
0.44063350083447306,0.24042184005552547,Ensemble_Equal
0.44986738339592436,0.22811752911236205,Ensemble_Equal
0.4595604155354136,0.22124816842754672,Ensemble_Equal
0.46955736369645873,0.20832690676332216,Ensemble_Equal
0.4809825650844253,0.1899456312177064,Ensemble_Equal
0.4925934035637802,0.17529305159250394,Ensemble_Equal
0.5044793131291366,0.15536939924423526,Ensemble_Equal
0.5171045739710833,0.14056450990977087,Ensemble_Equal
0.531143255464169,0.12123081668851697,Ensemble_Equal
0.5487400970258632,0.09826675406801863,Ensemble_Equal
0.567676223065672,0.07544921724377254,Ensemble_Equal
0.5923257187114046,0.049396545075962,Ensemble_Equal
0.6577966680526712,0.015946248168427483,Ensemble_Equal
0.13934388756752014,0.24452649032158547,Ensemble_Raw
0.14064326542916417,0.24821662682193252,Ensemble_Raw
0.1418469214128847,0.25161949564278546,Ensemble_Raw
0.1432092779819705,0.25446518084368003,Ensemble_Raw
0.14463828731184247,0.2584445129945245,Ensemble_Raw
0.1458444608810569,0.26155818616487997,Ensemble_Raw
0.1471976942414997,0.26540256034549226,Ensemble_Raw
0.1484771961639909,0.2684583943857483,Ensemble_Raw
0.14989052934806885,0.27149494871597124,Ensemble_Raw
0.1513307022757891,0.2744543842060614,Ensemble_Raw
0.15283176640502544,0.27768373563661586,Ensemble_Raw
0.15419285740421598,0.28014575460785063,Ensemble_Raw
0.15565328605736004,0.28429474820698686,Ensemble_Raw
0.15715416986952307,0.28673555949718504,Ensemble_Raw
0.15870277258929086,0.28900670933909145,Ensemble_Raw
0.1602445733872782,0.2919314413511219,Ensemble_Raw
0.16172560782192133,0.2929147065628132,Ensemble_Raw
0.163225657079901,0.2956080820544458,Ensemble_Raw
0.16467118237299078,0.2991863962366005,Ensemble_Raw
0.16624881229981656,0.30161563970077876,Ensemble_Raw
0.16775900265749763,0.30511297910079416,Ensemble_Raw
0.16933649111495297,0.308014575460785,Ensemble_Raw
0.17096065789911927,0.3098403640009253,Ensemble_Raw
0.1726367517233897,0.3131853936916788,Ensemble_Raw
0.17435090436053877,0.31622387599290497,Ensemble_Raw
0.17613776107044773,0.31772769337549156,Ensemble_Raw
0.17802379131016613,0.319883164957199,Ensemble_Raw
0.1795601974830908,0.3214274697308551,Ensemble_Raw
0.18124712836041168,0.32323783450296895,Ensemble_Raw
0.18310009236596214,0.32681614868512365,Ensemble_Raw
0.18494792602142368,0.32985077504434324,Ensemble_Raw
0.18691853756313564,0.3325672861880156,Ensemble_Raw
0.18866258747838124,0.33328449140124916,Ensemble_Raw
0.19046157407760625,0.3359952186319117,Ensemble_Raw
0.1925327184540885,0.335698311097401,Ensemble_Raw
0.194458729642279,0.33954268527801335,Ensemble_Raw
0.19649518793370546,0.3445014266985423,Ensemble_Raw
0.19840775371649688,0.34618454538443727,Ensemble_Raw
0.20057021930237778,0.3493772653659288,Ensemble_Raw
0.20273105212269715,0.35377882316649945,Ensemble_Raw
0.20460173204666426,0.35676139430862946,Ensemble_Raw
0.20668633886996438,0.3599560422611243,Ensemble_Raw
0.20883872445190654,0.36315261818462247,Ensemble_Raw
0.21111959150408496,0.3658228580242152,Ensemble_Raw
0.2131076010094971,0.36606192642862645,Ensemble_Raw
0.2150443694020519,0.3695245623505821,Ensemble_Raw
0.21711723608429692,0.3710322356751753,Ensemble_Raw
0.21928269840789444,0.370689056836585,Ensemble_Raw
0.22146653019881046,0.37392033623814286,Ensemble_Raw
0.22354838770277352,0.3746433253643864,Ensemble_Raw
0.2258371318338298,0.37647296984653345,Ensemble_Raw
0.22812082460096902,0.37797678722912,Ensemble_Raw
0.23043616707385087,0.3794227654816071,Ensemble_Raw
0.23288292173227346,0.3811039561964987,Ensemble_Raw
0.235267449944961,0.38245160792781663,Ensemble_Raw
0.2376364210473389,0.382862265751523,Ensemble_Raw
0.23993827152953406,0.3835813989357598,Ensemble_Raw
0.24238915738788974,0.3862805583404024,Ensemble_Raw
0.24458142767633712,0.38997262281175277,Ensemble_Raw
0.24693832672393623,0.39236137888486144,Ensemble_Raw
0.2491147851743618,0.3934082671396621,Ensemble_Raw
0.25156711051243696,0.39731048045037387,Ensemble_Raw
0.2541531613253746,0.39952957507519077,Ensemble_Raw
0.25699260044799127,0.4038212385285724,Ensemble_Raw
0.259883012262713,0.4063063931518469,Ensemble_Raw
0.2628608139272498,0.41070602298141423,Ensemble_Raw
0.26564653300036906,0.41198426775661284,Ensemble_Raw
0.26846019103547103,0.41561656512686035,Ensemble_Raw
0.27148923744474135,0.4164301688902598,Ensemble_Raw
0.2743625281037403,0.41715123004550003,Ensemble_Raw
0.2775743520259858,0.41721099714660276,Ensemble_Raw
0.28077262092638416,0.415479679185625,Ensemble_Raw
0.2837760559210256,0.4117182077581552,Ensemble_Raw
0.2873862999266938,0.4133203516619109,Ensemble_Raw
0.2908035885305966,0.41399706948407483,Ensemble_Raw
0.2940797169168456,0.4137406493406338,Ensemble_Raw
0.2977959856205627,0.4101546232744659,Ensemble_Raw
0.30157208754735837,0.4059940618493097,Ensemble_Raw
0.3054781895104577,0.401964602452379,Ensemble_Raw
0.30912882927986757,0.40065165419912074,Ensemble_Raw
0.31301573967733304,0.39752834117374863,Ensemble_Raw
0.3172893095006462,0.3943683966993135,Ensemble_Raw
0.3215548018788089,0.39045654353358517,Ensemble_Raw
0.3259940786431817,0.388979717745045,Ensemble_Raw
0.33029468446619364,0.385131487622426,Ensemble_Raw
0.33494918755122594,0.38423305313488076,Ensemble_Raw
0.33928690343343915,0.3831842369090768,Ensemble_Raw
0.34454689698259383,0.3796348422919718,Ensemble_Raw
0.34935385294521554,0.3737468188478445,Ensemble_Raw
0.3547171748115235,0.37183427161255483,Ensemble_Raw
0.3606318286587209,0.36527531425927345,Ensemble_Raw
0.365917000209584,0.3592600447289272,Ensemble_Raw
0.37142989643080915,0.3560403331533893,Ensemble_Raw
0.3769919010190403,0.3465277242230276,Ensemble_Raw
0.38292457963238247,0.342748901056528,Ensemble_Raw
0.38904604255652236,0.34034472121539283,Ensemble_Raw
0.39531038661363743,0.3311714351816148,Ensemble_Raw
0.40178378732565057,0.3224820698696691,Ensemble_Raw
0.4085424217757057,0.31548353512763166,Ensemble_Raw
0.41624902902831556,0.31099521863191165,Ensemble_Raw
0.4236784908951834,0.2999903601449833,Ensemble_Raw
0.4319535395618246,0.28887175136885934,Ensemble_Raw
0.43957767156192235,0.2851276316804195,Ensemble_Raw
0.44758000929215375,0.27645947404951027,Ensemble_Raw
0.4562713173738048,0.27065628132952874,Ensemble_Raw
0.4654045337789199,0.259204133569831,Ensemble_Raw
0.47508053661594934,0.24935220174288567,Ensemble_Raw
0.48453081135088655,0.24166923729467105,Ensemble_Raw
0.49435814152845836,0.2280114907071797,Ensemble_Raw
0.5043050498681906,0.2186492635150767,Ensemble_Raw
0.5169311633029904,0.21033970849078423,Ensemble_Raw
0.5287622260346132,0.19908421377342475,Ensemble_Raw
0.5419706120771524,0.17897162026683103,Ensemble_Raw
0.5554273671582968,0.15707565358217004,Ensemble_Raw
0.5696356758109662,0.14229004395773887,Ensemble_Raw
0.5854422487130683,0.1156975399089997,Ensemble_Raw
0.6031503999093002,0.09811444435875682,Ensemble_Raw
0.6231421505703628,0.07532004318655035,Ensemble_Raw
0.6485619207149795,0.053265982879617466,Ensemble_Raw
0.7093911521434774,0.01565898048893338,Ensemble_Raw
0.010242167860269547,0.24452649032158547,SepsisGuard_CP
0.010378403790639477,0.24821662682193252,SepsisGuard_CP
0.010505249376870507,0.25161949564278546,SepsisGuard_CP
0.010649569207317189,0.25446518084368003,SepsisGuard_CP
0.010801809389801586,0.2584445129945245,SepsisGuard_CP
0.01093099278390032,0.26155818616487997,SepsisGuard_CP
0.011076677196604365,0.26540256034549226,SepsisGuard_CP
0.011215153227176736,0.2684583943857483,SepsisGuard_CP
0.011368941849269783,0.27149494871597124,SepsisGuard_CP
0.011526545265579925,0.2744543842060614,SepsisGuard_CP
0.011691775705759265,0.27768373563661586,SepsisGuard_CP
0.011842452476161117,0.28014575460785063,SepsisGuard_CP
0.012005032720686008,0.28429474820698686,SepsisGuard_CP
0.012173095123075387,0.28673555949718504,SepsisGuard_CP
0.012347542196073953,0.28900670933909145,SepsisGuard_CP
0.012522281805256835,0.2919314413511219,SepsisGuard_CP
0.012691129897572413,0.2929147065628132,SepsisGuard_CP
0.012863142670797448,0.2956080820544458,SepsisGuard_CP
0.013029857465261672,0.2991863962366005,SepsisGuard_CP
0.013212879538629986,0.30161563970077876,SepsisGuard_CP
0.013389126604908154,0.30511297910079416,SepsisGuard_CP
0.013574331851785673,0.308014575460785,SepsisGuard_CP
0.013766196316468115,0.3098403640009253,SepsisGuard_CP
0.01396545398075666,0.3131853936916788,SepsisGuard_CP
0.014170568209924116,0.31622387599290497,SepsisGuard_CP
0.014385816238883154,0.31772769337549156,SepsisGuard_CP
0.014614609498311493,0.319883164957199,SepsisGuard_CP
0.014802208326036941,0.3214274697308551,SepsisGuard_CP
0.015009450717883949,0.32323783450296895,SepsisGuard_CP
0.015238623569242094,0.32681614868512365,SepsisGuard_CP
0.015468764900848147,0.32985077504434324,SepsisGuard_CP
0.015715974256333684,0.3325672861880156,SepsisGuard_CP
0.01593629629346503,0.33328449140124916,SepsisGuard_CP
0.016165075150294972,0.3359952186319117,SepsisGuard_CP
0.016430381306580137,0.335698311097401,SepsisGuard_CP
0.01667895052362891,0.33954268527801335,SepsisGuard_CP
0.01694372387430748,0.3445014266985423,SepsisGuard_CP
0.017194222770067828,0.34618454538443727,SepsisGuard_CP
0.017479608847814448,0.3493772653659288,SepsisGuard_CP
0.017767072994919392,0.35377882316649945,SepsisGuard_CP
0.018017805315741972,0.35676139430862946,SepsisGuard_CP
0.018299257990692843,0.3599560422611243,SepsisGuard_CP
0.01859214358557673,0.36315261818462247,SepsisGuard_CP
0.018905059443489344,0.3658228580242152,SepsisGuard_CP
0.01917994404239815,0.36606192642862645,SepsisGuard_CP
0.01944968325250288,0.3695245623505821,SepsisGuard_CP
0.019740505271473852,0.3710322356751753,SepsisGuard_CP
0.0200466896765748,0.370689056836585,SepsisGuard_CP
0.02035793263358729,0.37392033623814286,SepsisGuard_CP
0.020656962314072765,0.3746433253643864,SepsisGuard_CP
0.02098833973355153,0.37647296984653345,SepsisGuard_CP
0.021321750832455497,0.37797678722912,SepsisGuard_CP
0.0216626238513644,0.3794227654816071,SepsisGuard_CP
0.022025972494370303,0.3811039561964987,SepsisGuard_CP
0.022383199760643374,0.38245160792781663,SepsisGuard_CP
0.022741165713665364,0.382862265751523,SepsisGuard_CP
0.023091943643548874,0.3835813989357598,SepsisGuard_CP
0.02346865865694625,0.3862805583404024,SepsisGuard_CP
0.02380846329809738,0.38997262281175277,SepsisGuard_CP
0.02417679656898024,0.39236137888486144,SepsisGuard_CP
0.02451972908645618,0.3934082671396621,SepsisGuard_CP
0.024909364384888603,0.39731048045037387,SepsisGuard_CP
0.025323992833495138,0.39952957507519077,SepsisGuard_CP
0.02578371788736651,0.4038212385285724,SepsisGuard_CP
0.026256553134747913,0.4063063931518469,SepsisGuard_CP
0.026748846043683907,0.41070602298141423,SepsisGuard_CP
0.02721418146338283,0.41198426775661284,SepsisGuard_CP
0.027688937757445985,0.41561656512686035,SepsisGuard_CP
0.0282054256349802,0.4164301688902598,SepsisGuard_CP
0.028700578228891396,0.41715123004550003,SepsisGuard_CP
0.02926015097867041,0.41721099714660276,SepsisGuard_CP
0.029823804250159184,0.415479679185625,SepsisGuard_CP
0.030359048956457305,0.4117182077581552,SepsisGuard_CP
0.031010116441347532,0.4133203516619109,SepsisGuard_CP
0.031634209971468,0.41399706948407483,SepsisGuard_CP
0.03223975052853592,0.4137406493406338,SepsisGuard_CP
0.03293532927622313,0.4101546232744659,SepsisGuard_CP
0.03365168112341095,0.4059940618493097,SepsisGuard_CP
0.03440299732369535,0.401964602452379,SepsisGuard_CP
0.03511477762535842,0.40065165419912074,SepsisGuard_CP
0.03588297612151178,0.39752834117374863,SepsisGuard_CP
0.03674009150166472,0.3943683966993135,SepsisGuard_CP
0.03760885868127606,0.39045654353358517,SepsisGuard_CP
0.0385273289428789,0.388979717745045,SepsisGuard_CP
0.03943126922670532,0.385131487622426,SepsisGuard_CP
0.040425568159137455,0.38423305313488076,SepsisGuard_CP
0.04136741334951226,0.3831842369090768,SepsisGuard_CP
0.04252957533863415,0.3796348422919718,SepsisGuard_CP
0.04361125147292594,0.3737468188478445,SepsisGuard_CP
0.04484068433952933,0.37183427161255483,SepsisGuard_CP
0.046224712656826504,0.36527531425927345,SepsisGuard_CP
0.04748704436947318,0.3592600447289272,SepsisGuard_CP
0.04883011244149774,0.3560403331533893,SepsisGuard_CP
0.05021304185663451,0.3465277242230276,SepsisGuard_CP
0.05171976529525108,0.342748901056528,SepsisGuard_CP
0.05330953570098438,0.34034472121539283,SepsisGuard_CP
0.054974279559710446,0.3311714351816148,SepsisGuard_CP
0.056735950820461005,0.3224820698696691,SepsisGuard_CP
0.05862139530216947,0.31548353512763166,SepsisGuard_CP
0.06083063422544164,0.31099521863191165,SepsisGuard_CP
0.06302227128704063,0.2999903601449833,SepsisGuard_CP
0.06553736676563733,0.28887175136885934,SepsisGuard_CP
0.06792617627552577,0.2851276316804195,SepsisGuard_CP
0.07051004757650761,0.27645947404951027,SepsisGuard_CP
0.07340864032506945,0.27065628132952874,SepsisGuard_CP
0.0765624301047886,0.259204133569831,SepsisGuard_CP
0.08002959242137563,0.24935220174288567,SepsisGuard_CP
0.08354679483701201,0.24166923729467105,SepsisGuard_CP
0.08734819539004021,0.2280114907071797,SepsisGuard_CP
0.09135263771394705,0.2186492635150767,SepsisGuard_CP
0.09667562108330358,0.21033970849078423,SepsisGuard_CP
0.101921802483186,0.19908421377342475,SepsisGuard_CP
0.10809401312996372,0.17897162026683103,SepsisGuard_CP
0.11474849122011363,0.15707565358217004,SepsisGuard_CP
0.12220646267578385,0.14229004395773887,SepsisGuard_CP
0.1310680125666264,0.1156975399089997,SepsisGuard_CP
0.14176830069958674,0.09811444435875682,SepsisGuard_CP
0.15493636668479624,0.07532004318655035,SepsisGuard_CP
0.17356849482279876,0.053265982879617466,SepsisGuard_CP
0.22890101999044307,0.01565898048893338,SepsisGuard_CP
