Model,Split,SepticPatients_evaluable,SepticPatients_onset_at_admission,NonSepticPatients,DetectedBy_tsepsis+3h,"TimelyWindowDetection_[-12,+3]h",MedianLead_h,LeadIQR_low,LeadIQR_high,PrematureFirstAlarm_frac,Detected_in_48h_window,MedianLead48_h,Lead48_IQR_low,Lead48_IQR_high,NonSeptic_anyAlarm_frac,NonSeptic_alarmHours_per_patientDay,NonSeptic_alarmEpisodes_per_patientDay,AlarmEpisodes_per_100_patientHours_all,OperatingPoint,Threshold,RowSensitivity,RowSpecificity
SepsisGuard_CP,A_test,315,43,3709,0.9015873015873016,0.8412698412698413,38.5,15.0,82.0,0.7492063492063492,0.9015873015873016,34.0,14.0,48.0,0.5057967107036937,3.5636390218940748,0.7154647465185131,3.1249204287933185,utility_optimal,0.02926015097867041,0.6645330229851615,0.7987504474309329
SepsisGuard_CP,A_test,315,43,3709,0.8,0.7333333333333333,35.0,13.75,80.0,0.6285714285714286,0.7968253968253968,30.0,13.0,48.0,0.27581558371528714,1.3768924302788843,0.34860923279359624,1.7671173579813104,specificity_90,0.05100938677787781,0.49869071864998543,0.8973023982298005
SepsisGuard_CP,A_test,315,43,3709,0.6222222222222222,0.5365079365079365,32.5,14.0,81.0,0.4793650793650794,0.6222222222222222,27.5,13.0,48.0,0.11809112968455109,0.48949157498446577,0.12789941152819911,0.8721004252285285,specificity_95,0.07998362928628922,0.33575792842595287,0.9464579740327357
SepsisGuard_CP,A_test,315,43,3709,0.3873015873015873,0.346031746031746,33.5,14.25,68.0,0.29523809523809524,0.38412698412698415,30.0,14.0,47.0,0.025613372876786195,0.17053254870426549,0.027720311414890893,0.3902171975657576,specificity_98,0.12013452500104904,0.19784695955775386,0.9743125833848557
LightGBM,A_test,315,43,3709,0.9111111111111111,0.8380952380952381,38.0,15.0,80.5,0.7523809523809524,0.9111111111111111,33.0,14.0,48.0,0.4971690482609868,3.4094228590226248,0.6577433385723161,2.883023960481756,utility_optimal,0.34834905393384086,0.6482397439627582,0.8052910741596434
LightGBM,A_test,315,43,3709,0.7936507936507936,0.7206349206349206,34.0,13.25,82.0,0.6190476190476191,0.7904761904761904,30.0,13.0,48.0,0.2820167160959827,1.4167184473116707,0.34545122263240613,1.7155552160517404,specificity_90,0.5078116059303284,0.503345941227815,0.8954671178939833
LightGBM,A_test,315,43,3709,0.6444444444444445,0.5714285714285714,31.0,14.0,80.5,0.49206349206349204,0.6444444444444445,27.0,12.0,48.0,0.1337287678619574,0.5393179575276874,0.13860155707445446,0.9211162885442925,specificity_95,0.6476277709007263,0.35350596450392785,0.9426312192899677
LightGBM,A_test,315,43,3709,0.4380952380952381,0.37777777777777777,33.5,12.0,73.0,0.3238095238095238,0.43492063492063493,26.0,11.0,48.0,0.03154489080614721,0.1608830732117402,0.03561533681786615,0.4685152649402898,specificity_98,0.7750468850135803,0.21268548152458538,0.9744036965930168
Ensemble_Equal,A_test,315,43,3709,0.9015873015873016,0.8476190476190476,39.5,15.0,82.0,0.7428571428571429,0.9015873015873016,34.0,14.0,48.0,0.5244001078457805,3.466968821959867,0.7644139040169596,3.346446668194434,utility_optimal,0.26189914676622184,0.6549316264183881,0.802928638833751
Ensemble_Equal,A_test,315,43,3709,0.7936507936507936,0.726984126984127,35.0,14.0,80.0,0.6317460317460317,0.7873015873015873,31.0,13.75,48.0,0.2852520895119978,1.3809276654848495,0.36790818377864687,1.8645125149593869,specificity_90,0.3479580581188202,0.4951993017166133,0.8974846246461228
Ensemble_Equal,A_test,315,43,3709,0.6253968253968254,0.5333333333333333,33.0,14.0,81.0,0.4793650793650794,0.6253968253968254,27.0,13.0,48.0,0.1245618765165813,0.4870353448590957,0.13228553675207427,0.9032923382476511,specificity_95,0.4326149821281433,0.33022985161478036,0.9472714848198888
Ensemble_Equal,A_test,315,43,3709,0.3873015873015873,0.3396825396825397,35.0,15.25,67.0,0.3047619047619048,0.38412698412698415,32.0,14.0,47.0,0.029387975195470477,0.1736905588654556,0.03035198654921598,0.4086777175158506,specificity_98,0.513119637966156,0.19697410532441081,0.9745273502326641
SepsisGuard_CP,B_test,734,180,15086,0.7029972752043597,0.5940054495912807,40.0,15.0,85.0,0.5490463215258855,0.6989100817438693,29.0,12.0,48.0,0.37843033275884924,1.3971918147065439,0.37786912525297955,1.7032398047240989,utility_optimal,0.02926015097867041,0.3513670064874884,0.9195048504513638
SepsisGuard_CP,B_test,734,180,15086,0.48501362397820164,0.4196185286103542,38.0,14.0,87.25,0.37193460490463215,0.47956403269754766,26.0,11.0,46.0,0.12766803659021608,0.5363220148414661,0.12594198335956824,0.6852737643210546,specificity_90,0.05100938677787781,0.22080630213160335,0.9628787904051436
SepsisGuard_CP,B_test,734,180,15086,0.32561307901907355,0.2724795640326976,32.0,9.0,74.0,0.22888283378746593,0.3133514986376022,25.0,7.25,44.0,0.034270184276812936,0.20564335507083428,0.04412502810883742,0.30967996449529067,specificity_95,0.07998362928628922,0.11712233549582947,0.9844432068669986
SepsisGuard_CP,B_test,734,180,15086,0.15803814713896458,0.12397820163487738,26.5,7.75,57.25,0.10762942779291552,0.15258855585831063,22.0,6.0,36.25,0.00523664324539308,0.04753586687654599,0.01100966944007196,0.10076105001890297,specificity_98,0.12013452500104904,0.042052826691380905,0.9961016310455566
LightGBM,B_test,734,180,15086,0.6811989100817438,0.5776566757493188,40.0,15.0,87.0,0.5272479564032697,0.6757493188010899,30.0,12.0,48.0,0.30863051836139466,1.3791445918596807,0.31323588936361596,1.4187090093199861,utility_optimal,0.34834905393384086,0.36422613531047265,0.9185577702263321
LightGBM,B_test,734,180,15086,0.5217983651226158,0.4482288828337875,38.0,14.0,85.5,0.40735694822888285,0.5149863760217984,29.0,11.0,48.0,0.1211719475009943,0.6192615246233416,0.12693501236788848,0.6953005572266877,specificity_90,0.5078116059303284,0.26413345690454126,0.956559364255725
LightGBM,B_test,734,180,15086,0.3923705722070845,0.3446866485013624,33.0,10.0,71.75,0.279291553133515,0.38419618528610355,26.0,8.0,44.0,0.036523929471032744,0.26889498538340456,0.053753091972116036,0.39235991255321595,specificity_95,0.6476277709007263,0.16728452270620944,0.9785606381453235
LightGBM,B_test,734,180,15086,0.24795640326975477,0.1989100817438692,29.0,7.0,62.5,0.15940054495912806,0.23705722070844687,21.5,5.0,40.0,0.008352114543285166,0.06614436698898134,0.01774499662693951,0.1791672830678699,specificity_98,0.7750468850135803,0.0685820203892493,0.9937556066148885
Ensemble_Equal,B_test,734,180,15086,0.726158038147139,0.6089918256130791,39.0,15.0,85.0,0.5599455040871935,0.717983651226158,29.0,11.5,47.0,0.41395996287949094,1.3879523274117382,0.4055012367888464,1.825698177096175,utility_optimal,0.26189914676622184,0.3548424467099166,0.9201467974348799
Ensemble_Equal,B_test,734,180,15086,0.4891008174386921,0.42779291553133514,39.0,13.0,88.5,0.3692098092643052,0.48365122615803813,26.0,10.0,46.0,0.14152194087233197,0.5458205531819205,0.13928311221047898,0.7475713792593324,specificity_90,0.3479580581188202,0.22335495829471733,0.9623468914759445
Ensemble_Equal,B_test,734,180,15086,0.329700272479564,0.27111716621253407,33.5,11.0,75.75,0.24114441416893734,0.3188010899182561,26.0,9.0,44.0,0.04268858544345751,0.21725747695075334,0.04986732628738476,0.335815375511613,specificity_95,0.4326149821281433,0.11932344763670065,0.9837779163568091
Ensemble_Equal,B_test,734,180,15086,0.16621253405994552,0.12397820163487738,29.0,8.0,61.75,0.11307901907356949,0.15803814713896458,22.0,6.75,37.0,0.006628662335940607,0.052241960872498314,0.012477625365414887,0.11078784292453606,specificity_98,0.513119637966156,0.044717330861909176,0.9957814912511797
