LocalPatients,Rep,Spec95_RealizedSpecificity,Spec95_Detected48h,Spec95_FalseEpisodesPerDay,Mondrian_SepsisRowCoverage,Mondrian_NonSepsisRowCoverage,Mondrian_MeanSetSize,LocalSepticPatients,ECE,CalSlope,CITL,Brier,Utility,RowCoverage,SepsisRowCoverage,MeanSetSize
25,0,0.8619880681230804,0.8719346049046321,0.7503845288958849,0.4951343836886006,0.8249485608715806,0.9794105560760721,1,0.04950903370739995,0.2571872882527238,0.04342182347701585,0.040918362806889666,0.18485745920701266,0.8201916596807863,0.040546802594995365,0.8307066423393659
25,1,0.9066008823853082,0.7425068119891008,0.45839082527546665,0.8496292863762743,0.8778116444180626,1.4742278547594392,2,0.01035086666034277,1.8492944425734263,0.009626537729611187,0.013838878315352776,-0.06569404589043473,0.8754425760639085,0.0,0.8837023521869914
25,2,0.9805214943858819,0.3474114441416894,0.056300427254328766,0.08804448563484708,0.9455612284030693,0.9540838634383682,1,0.01633780728815427,0.16985571571918967,-0.009101376256743855,0.016066235620214152,0.0737124204541537,0.9400200535858113,0.0,0.9505596922925194
25,3,0.9393201698074826,0.12942779291553133,0.446690353046998,0.2908943466172382,0.8866021496053277,1.5280405016683927,1,0.004153167536904534,-0.9097627626984293,-0.0020725137057438538,0.014368768861173931,-0.16498718454636382,0.8905271463089895,0.0,0.9042720712724165
25,4,0.9113129399837929,0.7275204359673024,0.4255345176523499,0.9230769230769231,0.8453558053683442,1.6213011818465737,1,0.0023628851043151207,2.5809247546918215,-0.0023628851043149997,0.01387935009689651,0.09052001241317492,0.8420615743708598,0.0,0.8494616762825254
25,5,0.950334979607762,0.0994550408719346,0.3702271194063414,0.4563253012048193,0.9188262207830753,1.7282591186284662,2,0.009269486157665175,-1.9574471445555388,0.009269486157664956,0.014384478265892033,-0.6954186189959884,0.9211795453424725,0.0,0.9350855564870063
25,6,0.8859018438051283,0.8201634877384196,0.6183116707892962,0.8496292863762743,0.8512900633276531,1.447416868024393,2,0.011143571215923184,1.2777764889835748,0.011140943122238818,0.013854623213989382,-0.20048081896304035,0.8587931686309318,0.0,0.8666420106185381
25,7,0.98740116517546,0.28065395095367845,0.0334607600629638,0.36943929564411493,0.9713058035342099,1.0608149645774776,1,0.008163597034337028,0.8214950254463002,-0.00816359703433717,0.01382880772202137,0.20019156133985683,0.9615760145963805,0.0,0.9734257113269885
25,8,0.9727631065565296,0.4100817438692098,0.08419158983584439,0.4324606116774791,0.9439188445621255,1.0644541972812598,1,0.007037801973404383,0.6687580237107384,-0.007016403854401421,0.01376967411881692,0.1964051598962504,0.9352186991469007,0.0,0.9455315022108256
25,9,0.9100540569381963,0.7356948228882834,0.43304699797616375,0.8414040778498609,0.8698531692172249,1.4487039137367064,2,0.0037638011857180804,4.069031984982343,0.0037638011857181377,0.013900630725264979,0.08208978096876397,0.876708253201177,0.0,0.885018985157059
25,10,0.998656079821522,0.09809264305177112,0.004749269170227119,0.6818813716404077,0.9725680213693313,1.2980439535151307,2,0.001876052163775277,1.3826860990940537,-0.0018760521637752048,0.013772436174077406,0.15921161014968613,0.9660387593076581,0.0,0.9781974785081448
25,11,0.9706455152083077,0.42370572207084467,0.09144501911400944,0.16531510658016682,0.9085567364415795,0.9312244193500666,1,0.013329029969796808,0.2524206146462768,-0.009107136763551748,0.014394470176052885,0.15711516284629515,0.9058451271430216,0.0,0.9150122458372372
25,12,0.9187295118868573,0.6989100817438693,0.3828342702945806,0.4209916589434662,0.8647742847710167,0.9777783256899584,1,0.03477470113644178,0.20451199502998385,0.01994464242322256,0.030394168363065594,0.19421178255489185,0.8581586863257558,0.006603336422613531,0.8663412068313691
25,13,0.8941321043522338,0.7915531335149864,0.5593775579042051,0.9075532900834106,0.8564973371705645,1.5919571971004487,1,0.0008660523366216431,1.174201555874791,0.0003110046356847619,0.013722057019030781,0.097053786593005,0.853607179841215,0.0,0.8612998668573401
25,14,0.9592672133498295,0.49318801089918257,0.14312570272093547,0.2804680259499537,0.9228379725813606,0.9756069497180991,1,0.015898874633026576,0.2623220050746781,-0.0035101628671669605,0.01589396213681435,0.18169439836330012,0.9189342012262275,0.0,0.9285073228462942
25,15,0.9974622251716583,0.12125340599455041,0.007814706543737351,0.5927942539388322,0.9879080531832234,1.2183671121192696,3,0.002151198844288897,1.214053173257454,-0.002151198844289083,0.013751034742801389,0.12674157992130686,0.9778013380015451,0.0,0.9909627364925949
25,16,0.9844265329193748,0.3133514986376022,0.04412502810883742,0.7914735866543096,0.9692315644498097,1.4432335585252396,5,0.00934458779671271,0.8978823338771612,0.009342426386892174,0.013967463908812644,0.19948010252362916,0.9682725972681099,0.0,0.98061541496129
25,17,0.8610326509242369,0.8719346049046321,0.7544861704519902,0.9318813716404077,0.8117578009063958,1.6069431431530155,1,0.0029021774116669797,0.903782811263667,-0.0029021774116669407,0.013991625507268434,0.10454613371747758,0.8073836645462465,0.0,0.8139618981869586
25,18,0.9059389266646436,0.18119891008174388,0.6425329435574545,0.3741890639481001,0.8329403839676659,1.5693952693262323,2,0.004310640414284059,-16.095529467669152,0.004310640414284162,0.014032443789418368,-0.007126848088026048,0.8497082367638115,0.0,0.8632263260844552
25,19,0.9430884819704605,0.5831062670299727,0.22092736676411065,0.07414272474513438,0.8651827964877997,0.8699064713907655,1,0.01668591156555907,0.17682360824860568,-0.007400300163573445,0.01627816235414592,0.09872151961779699,0.8654486578891135,0.0,0.873452011111659
25,20,0.8109607862099784,0.9223433242506812,0.9730389026309872,0.9690685820203893,0.7440849170804584,1.6437677729013593,1,0.002422533416731903,3.9357364292887347,-0.0024225334167317873,0.013920623305792182,0.16782880546179688,0.7470190837812516,0.0,0.752563407137104
25,21,0.9541132961393142,0.5231607629427792,0.1678219024061165,0.26112140871177014,0.934177924360304,0.9812416785837565,3,0.01611759844509005,0.29610767865528104,-0.0010678005035148885,0.016204561291175937,0.1726599824529813,0.931429886417805,0.0,0.9415668096717458
25,22,0.9956797801706745,0.16076294277929154,0.012045873622666967,0.9431186283595923,0.9832977066652439,1.8148084225060408,5,0.0269735785564822,2.9827960515739034,0.02697357855648412,0.014493519631120546,-0.13673456877626813,0.9801584562026399,0.0,0.9935351841806795
25,23,0.8858785002784549,0.8201634877384196,0.6184411963121206,0.8695551436515292,0.840070163971601,1.4824679060440193,2,0.019934040379430175,0.45838038810392145,0.01993364376837764,0.019458455848615278,0.19947014133395663,0.8502819008169371,0.0,0.8578726761674639
25,24,0.904930152833404,0.7520435967302452,0.4697890712840117,0.7128127896200185,0.8576511743461311,1.2167020070023176,1,0.001220907009722969,0.854386390061413,0.0012185224097637157,0.013733423109748228,0.1695195258473716,0.8506747538504529,0.0,0.8582836103029406
25,25,0.9563842878056752,0.510899182561308,0.15672588261749495,0.8931881371640408,0.8798608725810271,1.5785065009780233,2,0.005059746739243345,0.7119924120289949,0.005055171884827221,0.014038371053674078,0.1102837789688637,0.8829002087545408,0.0,0.891386820520407
25,26,0.9288539328840261,0.6566757493188011,0.30632786147964924,0.8190454124189064,0.8964564526509909,1.4208442230879235,1,0.004527793552415016,1.4392955420203772,-0.004527793552414918,0.013828657565268137,0.0970817545486241,0.8903923599125532,0.0,0.8990680013807387
25,27,0.9283803927715102,0.659400544959128,0.31025680233865527,1.0,0.8837725806935696,1.8793513815605636,1,0.0034576747244993325,0.7214563846756965,-0.0010692781181061897,0.013761625562958861,0.13560512311647302,0.888876834820915,0.0,0.8975097391390108
25,28,0.8866855193434466,0.2125340599455041,0.745160332808635,0.25729842446709916,0.8576411699775569,1.455306803425547,1,0.0065878138688306035,-0.6880547677822908,-0.001672345030474441,0.014704212411591583,-0.18499346775831088,0.8512566365862879,0.0,0.8647796571165574
25,29,0.8789204619350449,0.8337874659400545,0.6515997301551608,0.780583873957368,0.8229243436300517,1.2767575652974341,3,0.04134305898409321,0.7037144279653508,0.04134218868945567,0.019695287939469137,-0.07759498569036787,0.8449693443134935,0.0,0.8524335519502934
50,0,0.9053219906025631,0.7465940054495913,0.4667236339105015,0.30155236329935126,0.845675945162721,0.9038052500945148,1,0.025175215878157024,0.23727243209973956,0.009040822028943558,0.022379267628419193,0.18941700221828048,0.8395252888866972,0.0,0.8468727912290218
50,1,0.9019171704977841,0.7615803814713896,0.4953055992804138,0.9072057460611678,0.8477351776942599,1.5812301724279632,2,0.006756988899904241,0.5707270908840645,0.0027160740513701032,0.014316319795397655,0.1992919892878899,0.8445896411723129,0.0,0.8520456301264033
50,2,0.9818354014586369,0.33787465940054495,0.051767033955475605,0.7167516218721038,0.9208604423931783,1.2860841264362148,3,0.0015456154252051857,0.9979417850235136,-0.0015456154252046824,0.013714807445160801,0.029330722990808952,0.9221411312194882,0.0,0.9318408205532818
50,3,0.9071677966045173,0.7411444141689373,0.45355520575668995,0.6320667284522706,0.8445037666447682,1.1104311520949421,2,0.0075133458654992194,0.5436977760806216,0.0005322591196329999,0.014218224973246131,0.19977089263753137,0.8414731166888572,0.0,0.8488584249716455
50,4,0.9568911758134385,0.510899182561308,0.1543080728581066,0.9156626506024096,0.8829922399447759,1.6400167661127274,3,0.0015299799486590989,0.9232365449609143,-0.0014648850070076765,0.013709584752495455,0.1946768934880639,0.8873235037888128,0.0,0.8959284645856962
50,5,0.9967619193714589,0.1362397820163488,0.009153136946255903,0.027919369786839666,0.9782088178504613,0.9790998898696517,2,0.013364122682331791,0.28345051436031804,-0.01336412268233177,0.014053848800166274,0.028315831012248525,0.9671154067426073,0.0,0.9793563127701892
50,6,0.9724713124731132,0.4141689373297003,0.0852709691927142,0.09476367006487488,0.9370091606668245,0.9466065059092329,1,0.01315169698015434,0.242728634832306,-0.012934852384109016,0.01403214938537786,0.08595663817511001,0.9272860265956573,0.0,0.9372043328895244
50,7,0.9811317608689127,0.3419618528610354,0.0544870699347875,0.7979610750695088,0.964299410742691,1.4482601048703914,7,0.009226898734313198,1.1475827137409116,0.009210468527627054,0.013821565145090982,0.10377452464053549,0.9612850732284629,0.0,0.9731216200667357
50,8,0.9139040714445308,0.723433242506812,0.41202068810434,0.9967562557924003,0.8570492448369121,1.83572661373835,5,0.01469594033738293,2.6946919463812957,0.014197196351710148,0.01398710816096431,0.14973736940305674,0.8694462251590315,0.0,0.8775235465259629
50,9,0.9447542093380776,0.5735694822888283,0.2124218574319766,0.9180954587581094,0.9070877616559231,1.6716570508078965,5,0.013521999471130246,0.6027481039388866,0.013520913200241675,0.015540247925850039,0.12651515441759598,0.9130381182504068,0.0,0.9224452224797409
50,10,0.9488293221373333,0.555858310626703,0.19454733528221274,0.5662650602409639,0.9097305823542947,1.114218321087496,1,0.009306438450497313,0.79446302366516,-0.009306438450497233,0.013870770795489231,0.03855286901418718,0.899010470601772,0.0,0.9079540411262883
50,11,0.9693399451093644,0.43869209809264303,0.09753271868675512,0.8697868396663577,0.9394785723099086,1.5835840031559743,4,0.004894059322434783,1.3318092272735491,0.004376087816355666,0.013739715738106279,0.14655017183052185,0.9397849992603186,0.0,0.9503082006016076
50,12,0.9826157422074305,0.3310626702997275,0.049651450416010795,0.29552826691380907,0.9375527313593602,0.9954024688922859,2,0.010012878996178212,0.4542314933731775,-0.009154937614730421,0.013854468895485089,0.1967928800481203,0.9312852376021171,0.0,0.9414122984368065
50,13,0.9318168933767745,0.6376021798365122,0.2844380481223297,0.8315569972196478,0.897985453648093,1.4557243125071913,3,0.004992443838616228,1.3387646543952278,0.004473830352985696,0.013740867162594041,0.00034787539317960556,0.8973272843828591,0.0,0.9062051054456992
50,14,0.9135972708082529,0.723433242506812,0.41340229368113335,0.16044949026876737,0.8578946139814385,0.8789075726942486,1,0.01992548664474287,0.18861952720280045,-0.0012684278937754537,0.018563892266527538,0.13045710366916602,0.8493696270361787,0.0,0.8569390338116607
50,15,0.9232164711924207,0.6839237057220708,0.35036653923993705,0.6807228915662651,0.8739749690698272,1.194396502128639,2,0.008204241150976456,0.5183604596600999,-0.0010764477024558378,0.014169586058031607,0.11500538287364996,0.8724707003961405,0.0,0.8806252773805414
50,16,0.9928068589950946,0.20708446866485014,0.019731054643579944,0.8895968489341983,0.9520007069753792,1.642572776435393,4,0.0015784265695584553,1.5835350019615146,0.0012536390342446791,0.013767861547348149,-0.022102347392658483,0.9675740092377993,0.0,0.9798527212058451
50,17,0.9179758494542617,0.7029972752043597,0.3878857656847313,0.8234476367006488,0.8676155254461114,1.402986669296645,5,0.026440495825704194,0.6511160844976849,0.026440495825704055,0.01730987513263644,0.008676579327466382,0.8892631129082631,0.0,0.8979091671186942
50,18,0.9902674167719905,0.2506811989100817,0.026120980436249157,0.08202038924930491,0.950730152166446,0.9583016914049016,1,0.012989442239683534,0.26995544214160666,-0.012865533252168106,0.014014153873371423,0.06564309057403273,0.9414731166888571,0.0,0.9520801485937834
50,19,0.9804964834644462,0.3474114441416894,0.056343602428603555,0.9075532900834106,0.9651614538348412,1.7028239393789963,4,0.0046100459657383444,5.841102816943734,0.004610045965738068,0.013935236427204739,0.08435135414711174,0.9579433568387659,0.0,0.969544849351546
50,20,0.899452761038987,0.771117166212534,0.5177998650775805,0.9979147358665431,0.8263525072615042,1.808156220720943,3,0.005730390244377188,1.729164361609548,0.005078929959952955,0.013780711901782792,0.09788784466674069,0.8313000312309943,0.0,0.83841576672091
50,21,0.9459880814622386,0.5708446866485014,0.20680908477625368,0.9206441149212233,0.8918344343696748,1.661638476584973,6,0.015555478759975771,1.0956617059023628,0.015543590714245473,0.014094351389585086,-0.19688559573661102,0.9078570606703158,0.0,0.917103078718543
50,22,0.9840963887564237,0.31743869209809267,0.04516123229143243,0.6266218721037998,0.969359953846513,1.2331919719907294,5,0.0038550980971940735,0.7955851083726995,-0.003676667922524959,0.013722955747450765,0.11050943822721479,0.9604106053881684,0.0,0.9721781152916811
50,23,0.8402152273159279,0.896457765667575,0.8516734877445469,0.9786839666357738,0.7840657086927959,1.70873974719332,2,0.0014646636263465982,1.5854110032655426,-0.001464663626346771,0.013791312105714701,0.15784386218310964,0.7818334237388431,0.0,0.7879283988362346
50,24,0.9631422387775995,0.47956403269754766,0.12460355295704971,0.2466404077849861,0.908189909593856,0.9506353041734471,1,0.012041001998706393,0.3179278077023404,-0.00932370185311392,0.014075109247736172,0.17317873056131325,0.9005769515262094,0.0,0.9095566842546476
50,25,0.9098656413300474,0.7356948228882834,0.43408320215875873,0.9750926784059314,0.8709203018651478,1.7837253644985782,2,0.0020927380471661323,7.484479498167266,-0.00209273804716675,0.013953430655302142,0.15010784903433946,0.8683630027779148,0.0,0.8764189555698013
50,26,0.9310865744708523,0.6416893732970027,0.2897917697324039,0.6240732159406858,0.8935635227382623,1.1522856156615218,2,0.01097940724340131,0.43631465721290796,-0.0006949714869292998,0.014681451700771134,0.14610804825813284,0.8878807304765193,0.0,0.8964922662195703
50,27,0.9724046166826181,0.4141689373297003,0.08548684506408816,0.8886700648748842,0.8895667774928385,1.577487384322041,3,0.0005899728799265283,0.9415046494544063,-0.00038758192929412745,0.013707452618347939,0.03216314896192916,0.9094120354389599,0.0,0.9187139405296119
50,28,0.9108494042398514,0.7343324250681199,0.42864313020013495,0.928985171455051,0.8387796004255191,1.628030639249141,2,0.0038727207718757266,2.0639945689307346,-0.0038727207718758285,0.013873698141375554,0.07938301923658984,0.8365156072784654,0.0,0.8437710603744432
50,29,0.9952279161900697,0.16893732970027248,0.013384304025185518,0.8016682113067656,0.9838462795420667,1.473895819977974,4,0.0019545937723148437,1.6371215381873079,0.0016685163048506344,0.013771771483769703,0.057204813553347916,0.9742311422325229,0.0,0.987090093199862
100,0,0.8979220926471225,0.7752043596730245,0.531788621542613,0.8569277108433735,0.8489773867922326,1.4616319016388053,6,0.008331932188094405,0.6872988279770257,0.008330926457362121,0.014368725286157537,0.18488925838942896,0.852035767707152,0.0,0.8596988674655226
100,1,0.9590521194254824,0.494550408719346,0.1440755565549809,0.7216172381835032,0.9085617386258666,1.2800384634350805,2,0.009587239844449296,0.5880916977644164,-0.00958723984444932,0.013839416706669222,0.13166202449686423,0.9013938885875372,0.0,0.9104015648371879
100,2,0.9213539912428427,0.6961852861035422,0.36452799640206884,0.8812557924003707,0.8710120085770786,1.5420484244785246,10,0.01321212157200388,0.6732630381241935,0.01321002983865765,0.014893725587919071,-0.046087359633428054,0.8810131992044316,0.0,0.8894537863471242
100,3,0.9841314040464336,0.31743869209809267,0.044945356420058466,0.8739573679332715,0.9465733370238337,1.6009862419251442,11,0.0075188545722842835,1.2737755869799359,0.00743285986436981,0.013771236630419592,0.19776639477727187,0.9537814159146571,0.0,0.9651281292634416
100,4,0.9675508305293311,0.4536784741144414,0.10491567348774455,0.47335495829471735,0.919391467607522,1.062751286223844,1,0.011857918473836923,0.4641783244046741,-0.01185791847383692,0.013941035420300766,0.11191971281123927,0.9089895951476897,0.0,0.9182734191363808
100,5,0.9412860282323281,0.5871934604904632,0.23003732853609177,0.9156626506024096,0.8965681681000703,1.6538093594358696,7,0.004120416259023954,0.7618242968047882,0.004117275773447849,0.013891790344065362,0.19780279143184454,0.9010404852310272,0.0,0.9100366553248845
100,6,0.9836478595653435,0.3188010899182561,0.04658601304250057,0.8447636700648748,0.9130370261680933,1.4992783996581027,5,0.0035775534180756967,1.300992620767627,-0.0035775534180759183,0.013789417966778829,0.03581852244907341,0.9142331147163733,0.0,0.9236714499400036
100,7,0.9841747563102555,0.31607629427792916,0.0447726557229593,0.9097544022242817,0.9529361154370742,1.697416046156122,5,0.004318455279904168,1.707232699469242,-0.004318455279904208,0.01385378654203656,0.05874266798971719,0.9462087216660914,0.0,0.9571034074658513
100,8,0.972773110925104,0.4100817438692098,0.08401888913874522,0.9529657089898054,0.9204552654659202,1.7804576162532668,5,0.003211801780145351,1.2744559909322328,-0.0032118017801452143,0.013778479960386454,0.04962319884450212,0.9210217466344495,0.0,0.9306754113450696
100,9,0.921715815906279,0.6920980926430518,0.3618943107713065,0.9457831325301205,0.869387966078521,1.7060719627858048,3,0.0070270234623672784,0.8274526745970153,-0.00702702346236694,0.014030102264610085,0.03486454697658751,0.8652431908213751,0.0,0.8732465440439207
100,10,0.8998162530971858,0.7683923705722071,0.5136550483472004,0.7443234476367007,0.856995888204516,1.2580041750908164,2,0.006362916990618631,0.8268426452143234,-0.006362916990618833,0.013774262853868546,0.10660350250753801,0.8490753981951773,0.0,0.8566349425514078
100,11,0.9839096405430371,0.31743869209809267,0.04598156060265347,0.9864457831325302,0.9378662015746876,1.8854512878675806,6,0.00039666438897719884,2.315644734390147,-0.0003966643889768279,0.013844035853721416,0.19488799408458599,0.9354208787415553,0.0,0.9457435442247316
100,12,0.9807115773887931,0.3446866485013624,0.05539374859455813,0.8718721037998146,0.907934798195212,1.5549435376497855,5,0.002220822195531893,1.1903978741573578,-0.002220822195531942,0.013748883882226804,0.04333424005700847,0.9157108338675477,0.0,0.9251804000854743
100,13,0.9716276107233492,0.41553133514986373,0.08803418034630088,0.8569277108433735,0.9289806548859668,1.542748656245377,8,0.002560210405729875,0.7524143637517398,0.00010669668031129675,0.013767027040819916,0.1978502986441289,0.9296267074313329,0.0,0.9396765126485527
100,14,0.9721561748630235,0.4141689373297003,0.08643669889813357,0.6240732159406858,0.9362588330237537,1.1956720416851587,6,0.002995259755296493,0.8173506369120325,-0.0025768139715860085,0.01371622703412268,0.09688789447268899,0.9342982066834328,0.0,0.9445814224896034
100,15,0.9395519376794533,0.5994550408719346,0.23940634135372163,0.5649907321594069,0.8924913879060523,1.0948403109949538,5,0.008904807592734315,0.4930528232520496,-0.002105796630853288,0.01417203781160857,0.19603046591549095,0.888840672616993,0.0,0.8974719331985469
100,16,0.8922379439021706,0.7997275204359673,0.574963795817405,0.879286376274328,0.8373839910094074,1.5033482913358647,3,0.00627173459976831,0.5837674602484861,0.0007033042311690822,0.014084583917777052,0.15881622754422195,0.8341535578677449,0.0,0.8413449052385884
100,17,0.9900206423471583,0.2561307901907357,0.026552732178997077,0.680259499536608,0.9659167836621991,1.2879316863093184,11,0.0022658454288007235,0.9476461688264054,0.002248480313905893,0.013722826209059642,0.11107607667051082,0.9678222134556274,0.0,0.980120650262176
100,18,0.9112529137723473,0.728882833787466,0.42579356869799867,0.9457831325301205,0.859530328243333,1.6960813320840935,4,0.001761700344619835,0.8658232232677971,-0.001243338371635344,0.01371091224873089,0.19688827759536903,0.8580912931275375,0.0,0.8659154790670152
100,19,0.9208671119722279,0.6961852861035422,0.3684137620868001,0.6680954587581094,0.8745485528680857,1.1793579565067311,2,0.011422642739759596,0.4033241445165387,-0.003373352514659207,0.014483015147078115,0.16635340002222096,0.8664694182816378,0.0,0.8744908526061443
100,20,0.9504416928725543,0.5504087193460491,0.18703485495839894,0.8838044485634847,0.8938136319526193,1.571755675000411,5,0.002158329642825892,1.255569824658338,-0.002158329642826159,0.013758087474656004,0.15797259140349326,0.8912240906027582,0.0,0.8999227443825304
100,21,0.9819988061453502,0.33787465940054495,0.05129210703845289,0.8880908248378128,0.9381629978423912,1.6265331952594637,6,0.00011703559572999884,2.0898861507164277,0.00011703559572971874,0.013824377362851619,0.013947964277641403,0.9410556076072127,0.0,0.9516363397274685
100,22,0.9733483621181249,0.4100817438692098,0.08155790420508208,0.9529657089898054,0.9288772764106994,1.788998471325016,5,0.004038102813926825,2.196099997509642,-0.00403810281392695,0.013884871554839586,0.0352875144149907,0.925114650623798,0.0,0.9349326889886089
100,23,0.974337127212216,0.3991825613079019,0.07853564200584665,0.6857043558850788,0.8960812888294555,1.2248795962983052,7,0.0016596455943625828,0.915157941877888,0.0016326285851885145,0.013721930810080846,0.07794784167838362,0.9016503114880747,0.0,0.9106678501569768
100,24,0.9034778519953713,0.7588555858310627,0.48252574769507534,0.9608433734939759,0.8537327966545392,1.7341091769811134,3,0.004689427419054175,1.2237052867846174,-0.004689427419054034,0.01380112198081649,0.17295996751119674,0.847295231520292,0.0,0.8548071075168072
100,25,0.9687080024944226,0.44686648501362397,0.09934607600629639,0.5427479147358666,0.9243302908936902,1.1112004207965547,2,0.010847556864693306,0.5206161773747948,-0.010847556864693225,0.013888634062774142,0.06841421691639901,0.91630751023226,0.0,0.9257902263425218
100,26,0.9045183063270962,0.7547683923705722,0.4726818079604228,0.9089434661723819,0.8453257922626214,1.584611338494666,8,0.01465609959427846,0.8459976957300477,0.01465116289024443,0.01440298472441208,0.018615547884587937,0.8567500041093413,0.0,0.8645265216891037
100,27,0.9867425442443201,0.29291553133514986,0.03536046773105465,0.7431649675625579,0.9627003791655689,1.3641517497575488,8,0.0008814596179014014,1.087999031058884,-0.0008814596179015904,0.013719206623370851,0.07508016842073,0.9578496638558772,0.0,0.9694478688955734
100,28,0.9698535026961773,0.4305177111716621,0.09528760962446593,0.09140407784986099,0.9177290750294295,0.9262915659878035,1,0.013665208400589806,0.28403007376061074,-0.013665208400589797,0.014093051123809968,0.013082490144169363,0.9084257935138156,0.0,0.9176849614543781
100,29,0.9773434399687864,0.3692098092643052,0.06830312570272094,0.8569277108433735,0.9333108790838667,1.5471111330275984,5,0.00503605253438914,1.0277542600164515,-0.005036052534389367,0.013775080991044599,0.13440288414753285,0.928563209888719,0.0,0.9385538405904301
200,0,0.922194358203082,0.6893732970027248,0.35895839892062065,0.9786839666357738,0.8771430191183484,1.8029866692966452,9,0.0015553647609213783,0.8626817957448246,-0.0008833527823658895,0.013712020498140501,0.1915042545773583,0.8731890132649539,0.0,0.8813682462974834
200,1,0.9478955810704007,0.5599455040871935,0.19890802788396672,0.8536839666357738,0.8881928442086378,1.493653533211697,10,0.0005866615725278202,1.1007865227986102,-0.0005866615725275727,0.013718403497845953,0.17002486466191352,0.8898926640038135,0.0,0.8985551555796637
200,2,0.9605244290006636,0.48501362397820164,0.13816055767933438,0.7672613531047267,0.9144192964261061,1.3484737906208393,9,0.006647224296738656,0.6182431776368781,-0.005480755786905742,0.013768275201097198,0.15783543348415602,0.9097473576935089,0.0,0.9190541939937866
200,3,0.9738919328106607,0.40463215258855584,0.07996042275691478,0.8358433734939759,0.9468417875805768,1.515687821555961,12,0.0028217874234774437,0.8988603441388074,-0.0028217874234773496,0.013717943502235694,0.14007539854336765,0.9423525157387774,0.0,0.9530236533688381
200,4,0.9644594806398794,0.47002724795640327,0.12011333483247133,0.6680954587581094,0.9256758784669306,1.2312277068231503,9,0.00504731072814126,0.7414136673995052,-0.004905198715033669,0.013736190487952724,0.15724274269863944,0.9219701826191298,0.0,0.9316649407432976
200,5,0.9252056731439395,0.6757493188010899,0.3346507758039128,0.8425625579240037,0.8675504970503787,1.4487565133060474,15,0.007444610714611737,0.9398801849463801,0.00743220867660912,0.013847954992499334,0.11335795535088304,0.8761017144172132,0.0,0.8843845028518829
200,6,0.9699685529347816,0.42915531335149865,0.09489903305599282,0.927710843373494,0.9278101437627764,1.7154872856978483,11,0.005024775390521734,0.6778545091837493,-0.0034797620766047217,0.013752163182815408,0.13307498093964673,0.9303894011867778,0.0,0.9404687936617518
200,7,0.9682561385138178,0.45095367847411444,0.10115943332583766,0.8036376274328082,0.9078714371942415,1.3994246922103326,4,0.009660474237763993,0.795232751817533,-0.00966047423776401,0.013887827125555401,0.07827656093757795,0.8997978204053454,0.0,0.9087611157683646
200,8,0.9707455588940505,0.42370572207084467,0.09101326737126153,0.906858202038925,0.9236750047520751,1.6561796275292997,15,0.0030015951774780133,1.6320821040408129,0.002561946772742135,0.01376833391233571,0.09945979702160464,0.9275506681789043,0.0,0.9374903430478163
200,9,0.9619567211015477,0.48092643051771117,0.13073442770407018,0.9097544022242817,0.9134622118325002,1.6569751960155825,14,0.0022624170935222603,0.9823428893270175,0.002245593624294292,0.013717669459459002,0.13308187714788164,0.9134523398589675,0.0,0.9228676627710111
200,10,0.9691165142112056,0.4427792915531335,0.09809399595232741,0.8635310472659871,0.9174389483407754,1.5473018064664597,10,0.0024302038457991075,1.2026376803566774,-0.0024302038457990165,0.013754029041336678,0.07484033362322971,0.9192645922711508,0.0,0.9288508637835527
200,11,0.9503799992663463,0.5504087193460491,0.1872507308297729,0.902224281742354,0.8935635227382623,1.6125334911320413,10,0.002072515628407043,0.9121166264659025,-0.0020725156284074654,0.013712389399561408,0.19484776620321598,0.8926015418248763,0.0,0.9013429327547381
200,12,0.9482474013652629,0.55858310626703,0.19744007195862381,0.9386005560704356,0.8986440745792329,1.714981014842941,14,0.00411037374891681,0.9697429045482386,0.004082285269965831,0.01374570226335876,0.12427082175983573,0.9042950835840031,0.0,0.9134046714992521
200,13,0.9626620290860343,0.48092643051771117,0.12740993928491118,0.9058155699721965,0.9243903171051359,1.6548054637802654,20,0.007814478489682098,1.3378661682952562,0.007753956369610173,0.013777034894492795,0.1972307892710326,0.9292404293439848,0.0,0.9392672222496178
200,14,0.9860689167603187,0.2970027247956403,0.03691477400494716,0.8588971269694161,0.9635540852839073,1.582119433897135,14,0.0028173517807709852,1.0153909153866911,-0.002817351780771195,0.013730626822764679,0.1570745518422455,0.9570590265792199,0.0,0.9686079195226589
200,15,0.9675108130550341,0.4536784741144414,0.1052178997076681,0.879286376274328,0.9163834874561892,1.5833604549862748,15,0.002661469215813566,1.1743445221173097,0.002273487004635222,0.013718830929644424,0.1920977116082342,0.9213422752601214,0.0,0.9310123773361606
200,16,0.9808533059435953,0.3446866485013624,0.05509152237463459,0.7427015755329008,0.9508468697998126,1.3514259414501044,13,0.003316744761664238,0.8906678567857944,-0.0033167447616644433,0.013723783637156008,0.18253075517311412,0.9454509591202722,0.0,0.9562848266679816
200,17,0.9290673594136106,0.6539509536784741,0.3052053069485046,0.7566033364226136,0.8918144256325262,1.3091227378075843,8,0.0033058256698952435,0.9670655533627533,-0.003305825669894973,0.01373092516764525,0.0739599177052485,0.8862353501980702,0.0,0.8948107237371994
200,18,0.9608462361898029,0.48365122615803813,0.1365630762311671,0.8865848007414272,0.9175940160536767,1.6023669806203462,8,0.006479398701542269,0.6407951362868813,-0.005731414557740582,0.013758724124262559,0.17289905100512223,0.91188585893453,0.0,0.9212650196426517
200,19,0.9127985887170731,0.7247956403269755,0.41836743872273446,0.8412882298424467,0.867103635254061,1.4452734355737462,16,0.012251557892443655,0.60090858992546,0.012251557892443749,0.015357806073596653,0.19242374900867013,0.870603415684534,0.0,0.8787086805726778
200,20,0.9622251716582908,0.48092643051771117,0.12926647177872724,0.9750926784059314,0.9243452974465517,1.837283232243536,11,2.992565928950216e-05,0.9476861996339916,-2.992565928965074e-05,0.013982591064337137,0.004844969407653958,0.9201587849499482,0.0,0.9297779311931883
200,21,0.9186428073592136,0.7002724795640327,0.3834818979087025,0.8483549582947173,0.873666501038787,1.4671400627907358,15,0.006234916232953999,0.8969655975743305,0.006228844327992941,0.013836902857321984,0.19795144303157325,0.8757285862222003,0.0,0.8839998685010767
200,22,0.9790992066535721,0.3569482288828338,0.06126557229592984,0.8895968489341983,0.9402555782691775,1.6304370695464931,14,0.002591520809651279,0.8345555872515853,-0.0021613816003330007,0.013713843397421148,0.15010440093022204,0.9397044561697651,0.0,0.9502243700379703
200,23,0.9175473290003301,0.7057220708446866,0.3904762761412188,0.8685125115848007,0.8705117901483648,1.5112694577313148,6,0.004033018387436463,0.8756597812125416,-0.004033018387436759,0.013730817270082492,0.19153950186389193,0.8660354718345743,0.0,0.8740454000032875
200,24,0.9234882565386886,0.6839237057220708,0.348510006746121,0.7973818350324374,0.8669352283830606,1.347826158423328,10,0.007888878183798511,0.5395169262836077,0.0027910277144718183,0.014486962832775313,0.19539486538984646,0.8667389910745106,0.0,0.8747686440817266
200,25,0.9754342729658617,0.388283378746594,0.07508162806386329,0.8739573679332715,0.9264545518209618,1.5805332281341946,14,0.0005600020912423294,0.9539830157213205,0.0005434693879822379,0.01371090374801905,0.18515667801986868,0.9310436083304567,0.0,0.9411608067458948
200,26,0.9592255284807699,0.494550408719346,0.1436006296379582,0.861793327154773,0.9180708909557174,1.5441047388924503,16,0.003869598047339277,0.9326145726680585,0.0038687729939869877,0.013752726031217187,0.19047710267304704,0.9206519059125203,0.0,0.9302825583115538
200,27,0.969324938556503,0.43869209809264303,0.0976190690353047,0.8964318813716404,0.9204052436230488,1.627749560300475,16,0.0036227091007541507,0.9097767476501273,0.0036203145279571584,0.013755721119767793,0.19555309505656807,0.9272975327514505,0.0,0.9372174827818597
200,28,0.920692035522178,0.6961852861035422,0.3699248931864178,0.9457831325301205,0.8551684235449479,1.691687624307576,7,0.0036270150578187467,1.8300310166874685,-0.003627015057818825,0.013851570612215225,0.19139391524560093,0.8520127553955652,0.0,0.859674211417394
200,29,0.9579966585408962,0.5,0.14934292781650552,0.8419833178869324,0.9110161437160894,1.4915183194437596,17,0.004786071603088286,0.9685549572338948,0.004769264101002474,0.01375988911719274,0.20033484922206957,0.9136939691306277,0.0,0.9231191544619228
400,0,0.9600475540986231,0.4877384196185286,0.1398012143017765,0.8484708063021316,0.9253240581720684,1.5199944112957575,26,0.0006518491188677978,0.9423946336972662,-0.0001970066269568766,0.013708573598635225,0.190676326466498,0.9236747374130875,0.0,0.9334319575258477
400,1,0.9488860135592542,0.555858310626703,0.19398605801664046,0.8483549582947173,0.9080748593552518,1.5019593339579531,17,0.003657567385338359,0.8296387242521119,-0.003657567385338085,0.013722615040051839,0.1970051300126812,0.9035932080806088,0.0,0.9126830711573549
400,2,0.9492728491441262,0.555858310626703,0.1920863503485496,0.9657089898053753,0.8977220052756371,1.7912471029143449,26,0.004126095559462798,1.4850197244891068,0.0034307682412885645,0.013751819559680422,0.14620191331466242,0.9006344823051762,0.0,0.9096158587701563
400,3,0.9476171261450833,0.5613079019073569,0.20089408590060717,0.8895968489341983,0.8946723402552448,1.584062330489669,22,0.00024388673722147174,0.9482276140646148,2.1850284329435338e-06,0.013707467196486732,0.19903951144195878,0.8957657346680474,0.0,0.9045909561615464
400,4,0.9409408775165156,0.5899182561307902,0.232066561727007,0.9296802594995366,0.8951875652368201,1.6865673849795355,28,0.0031696351514260953,0.9962976149860548,0.0031527926031801653,0.0137245085099391,0.158670257803251,0.8966632148199286,0.0,0.905518023571182
400,5,0.9585985880501152,0.49727520435967304,0.14657971666291883,0.8007414272474513,0.9060573116927725,1.3923993622302218,21,0.0028284726246032886,0.7983139175696484,-0.0019918982588897193,0.013718974403994347,0.19984215345595827,0.9044249387708139,0.0,0.9135443891053142
400,6,0.9619467167329734,0.4822888283378747,0.13073442770407018,0.9801899907321594,0.9162701046123474,1.8477834212732382,24,0.00027584564705522633,1.5058914697372245,-0.00027584564705497756,0.013769849466875303,0.08691023052491664,0.9161940924108684,0.0,0.9256751647845883
400,7,0.9541066265602647,0.5231607629427792,0.1678650775803913,0.9318813716404077,0.9027008460361025,1.6987244604434801,27,0.0017500245088194698,0.8774320230202279,0.001747615721612356,0.013733243854649019,0.1453341404451119,0.9035701957690221,0.0,0.9126600588457682
400,8,0.9694466583741567,0.4359673024523161,0.09666921520125928,0.8556533827618165,0.9292140901527001,1.5401449775629963,22,0.004804423528030975,0.7109698738743085,-0.003896331908337854,0.01373632492913686,0.10688356518640835,0.9268011243157946,0.0,0.9366964182980752
400,9,0.9657066919221393,0.4645776566757493,0.11368023386552732,0.9097544022242817,0.9059689397703664,1.6486233706461528,22,0.0022003781950375133,0.9121030651287406,-0.0022003781950375324,0.01371496265876353,0.15732932842425462,0.9050791459144928,0.0,0.914219964824038
400,10,0.9445891372566021,0.5735694822888283,0.21311266022037328,0.8929564411492122,0.8868756023463579,1.5838749445238918,17,0.003185474613397371,1.0953713880816955,-0.003185474613397528,0.013749038128556072,0.19561899215747885,0.884312178444039,0.0,0.8928382398869109
400,11,0.9422047627463993,0.5858310626702997,0.22541758488868902,0.9377896200185357,0.8921679133221506,1.7059881322221675,24,0.002358619476830163,0.9384458723352337,0.002332955774892424,0.01372560247033385,0.17020646481209753,0.893066719266236,0.0,0.901822903824975
400,12,0.9495496366746813,0.5544959128065395,0.19079109512030584,0.9058155699721965,0.908431681834401,1.6385308282788436,24,0.0013023752277968943,0.8543869341970073,-0.00022214502162025938,0.013716671072647579,0.17288870669277007,0.9063513979979289,0.0,0.9155481039498989
400,13,0.9550070197319496,0.5217983651226158,0.1623818304474927,0.9255097312326228,0.9027408635103995,1.685888521787728,18,0.004009875170113914,0.8745403286541775,-0.004009875170113926,0.013728835620218167,0.15663166202449688,0.9007495438631096,0.0,0.9097342078011736
400,14,0.9758661282093181,0.38419618528610355,0.07348414661569598,0.8234476367006488,0.9287222086977981,1.46494567450729,27,0.0024023807013028356,0.8421183060564351,-0.0019272930037130213,0.01371305394454418,0.19969273561087006,0.930935121718691,0.0,0.9410424577148775
400,15,0.9356719100673961,0.6171662125340599,0.2599577243085226,0.9876042632066728,0.8784135739272816,1.8303565264559396,16,0.0034116443244635915,1.1822919031198593,-0.003411644324463831,0.013767444229286944,0.19268695428963314,0.8752436839423378,0.0,0.8834952413827112
400,16,0.9621584758677956,0.48092643051771117,0.12969822352147517,0.818002780352178,0.9125884969770133,1.4356789453786347,23,0.0016899117711906989,0.8647824319498413,-0.0011196053232438129,0.013711172450579455,0.1924823667786663,0.9115077995298914,0.0,0.9208721666091358
400,17,0.9459964184360504,0.5708446866485014,0.20672273442770409,0.93790546802595,0.9004148478168801,1.7150944326643325,19,0.001555287125208445,1.2653219148476877,-0.0015552871252086774,0.013751280262756068,0.19691739491902713,0.8972730410769761,0.0,0.9061475746667325
400,18,0.9598691428590485,0.4904632152588556,0.14066471778727233,0.79935125115848,0.9079898222223705,1.39246675542844,26,0.002072310739857403,0.8796291177159756,0.002069910343161155,0.013737517692691178,0.16661852091658264,0.9076598122852869,0.0,0.9168992553873465
400,19,0.933540979561075,0.6239782016348774,0.2723921744996627,0.9584105653382762,0.8826454218342009,1.7575669411706691,19,0.0003661167461898283,1.0594844380800796,-0.0003661167461896375,0.013712891149501633,0.19727140027508225,0.8805135032956918,0.0,0.8889343655998817
400,20,0.9598708102538108,0.4904632152588556,0.14066471778727233,0.8269230769230769,0.9169087168063388,1.4625951312523628,26,0.000971293601699491,0.8400003389894874,0.0007714977589669773,0.013731498411951903,0.19729668637194314,0.9168861054950113,0.0,0.9263951213899436
400,21,0.9719677592548747,0.41553133514986373,0.0868252754666067,0.8556533827618165,0.9207237160226632,1.5319920443151371,24,0.0021316623586154675,0.8725978600515467,-0.0019404251661709598,0.01371132324575149,0.18893848199131855,0.9221411312194882,0.0,0.9318408205532818
400,22,0.9648296422771276,0.4673024523160763,0.11795457611873174,0.9743975903614458,0.9233198496676882,1.834664759932278,25,0.00033622057180554343,1.2203908270339,-0.0003362205718054675,0.013732217947284298,0.1953718780290637,0.921702253562799,0.0,0.9313904367407991
400,23,0.9564693249385565,0.510899182561308,0.15633730604902182,0.8315569972196478,0.8976453051165676,1.4553840590430165,28,0.002410278946650563,0.9840580847609687,0.0023916860086672567,0.013719717328826644,0.19692160926850386,0.9015434686128507,0.0,0.9105593635452109
400,24,0.9847116574237417,0.3106267029972752,0.043088823926242414,0.8898285449490269,0.9532362464943025,1.6442937685947696,27,0.0015728765154513127,1.1817424114554003,-0.0015728765154511392,0.013739135667303752,0.1959657181826193,0.9506796850600786,0.0,0.961814356394957
400,25,0.9550203588900487,0.5217983651226158,0.16229548009894312,0.8605189990732159,0.9072728424745472,1.5283593865575225,19,0.0030960635950089007,0.8464608343837002,-0.003085912281116425,0.013717836547262956,0.12937324960825727,0.904738892450318,0.0,0.9138649177309861
400,26,0.9348832323447905,0.6198910081743869,0.2648365190015741,0.9418443002780352,0.8764810633976836,1.7024294426089386,26,0.0024898024689738317,0.9875082469659194,0.0024872003437192373,0.013716865604647153,0.17550313585913352,0.8810773049295659,0.0,0.8895178920722586
400,27,0.9417178834757844,0.5858310626702997,0.2281376208680009,0.9362835959221502,0.895244256658741,1.7034485592649211,20,0.0008567877170297006,1.555593484936007,-0.0008567877170299592,0.013782025809728364,0.19381448433602932,0.8924914114765685,0.0,0.9012278711968046
400,28,0.954240018141255,0.5231607629427792,0.16743332583764337,0.8970111214087118,0.9056271238440786,1.614538849713168,28,0.0022521890162322464,1.094320567722258,0.002175650563790472,0.013714244652554532,0.16365889821579785,0.9058812893469435,0.0,0.915050051777701
400,29,0.9370691868782702,0.6103542234332425,0.25149539015066336,0.8727988878591288,0.8848980721581757,1.5345217548531322,26,0.003485036812358241,0.9295713065207051,0.0034678259777655897,0.013745899390206182,0.1812369498837222,0.8895556980127225,0.0,0.8982149021154889
800,0,0.9533012748900354,0.5326975476839237,0.17231212053069486,0.8635310472659871,0.899557806909017,1.5291385176783865,42,0.0014452931439372203,0.9248706941582222,-0.00129098591897003,0.013708893655533105,0.17314310015209985,0.8987178854973125,0.0,0.9076532373391193
800,1,0.9491211162207497,0.555858310626703,0.1932089048796942,0.9296802594995366,0.8948574210738689,1.6862369939346122,45,0.0008376515154186501,1.124704475255154,0.0003519378479380341,0.013716440478666105,0.20012528111626637,0.8959958577839144,0.0,0.9048260104870391
800,2,0.9538215020558978,0.5272479564032697,0.16920350798290984,0.8727988878591288,0.9126752015046571,1.5627101928102964,45,0.001229680593042082,0.9002556418135476,-0.0008389451575037728,0.013708732619267,0.17743292479684922,0.9092936864079425,0.0,0.9185923040255108
800,3,0.9763380009270715,0.38283378746594005,0.07158443894760513,0.8734939759036144,0.9358286451750598,1.5880138731364137,41,0.004286782476688671,1.1760618998241308,-0.00428678247668841,0.013784167330538078,0.07557554604559943,0.9316287785393758,0.0,0.9417722767394842
800,4,0.9572346591344887,0.5054495912806539,0.15245154036429054,0.8436051899907322,0.9071727987888044,1.4914690073475023,53,0.001472686311546221,0.9382511473133254,0.0014579885857437507,0.01371612101309908,0.1770777700727549,0.9085770172756711,0.0,0.9178411164258593
800,5,0.9642043692412353,0.47002724795640327,0.12106318866651676,0.9031510658016683,0.91893460144263,1.6414714729523152,47,0.0011810327593585652,0.9795427688039304,-0.0011810327593588035,0.01371081061482888,0.19398650641922047,0.9191774742344297,0.0,0.9287604582737479
800,6,0.9598191210161771,0.4904632152588556,0.14075106813582192,0.9537766450417052,0.909283720557977,1.7718789552410539,45,0.0012524420056699696,1.24065599995457,-0.001252442005669551,0.01374325994345681,0.17015627574105519,0.9091934184788862,0.0,0.918483817413745
800,7,0.9575514641393409,0.5040871934604905,0.1515880368787947,0.8496292863762743,0.9063607775395256,1.503328566497362,47,0.000906504797954389,0.9361101734516056,-0.0006430106723260606,0.013707817470929608,0.1838004237336837,0.9054851488403439,0.0,0.9146424051153081
800,8,0.9662669365622989,0.4591280653950954,0.11139194962896336,0.8496292863762743,0.9212606171361495,1.518501898515706,45,0.002644705798294499,0.8512719572792654,-0.00245005275221445,0.013713892637466673,0.17188913962139818,0.9204004142216086,0.0,0.9300212042013906
800,9,0.9613047697494572,0.48365122615803813,0.13414526647177874,0.8536839666357738,0.9130236870099944,1.518838864506797,41,0.0030608488047506894,0.8561998021439396,-0.0030608488047511526,0.013717832530399826,0.19543892449801353,0.9106448378453902,0.0,0.9199944112957575
800,10,0.9587353144206303,0.49591280653950953,0.14601843939734654,0.8891334569045413,0.9079031176947266,1.5967092394431022,47,0.000568592327079667,0.9831074474584388,-0.0005685923270799531,0.013708436718514065,0.19143414312697085,0.9081775892959877,0.0,0.9174301822903825
800,11,0.96656206543524,0.45776566757493187,0.10992399370362042,0.8968952734012975,0.9215007219819321,1.630635961668064,51,0.0003424203750940322,1.047326635698227,-0.000342420375093834,0.013711790509803016,0.19565270695329365,0.9218189588572744,0.0,0.9315104295083584
800,12,0.9536097429210756,0.5286103542234333,0.1704987632111536,0.8968952734012975,0.8995327959875813,1.608310731955882,47,0.0006994084830943782,0.9402881903416831,-0.0003922313848139878,0.013707757159454638,0.19708980012489796,0.8998619261304798,0.0,0.908825221493499
800,13,0.9407874771983766,0.5899182561307902,0.23336181695525074,0.9012974976830399,0.8865271168410206,1.6028979075233822,45,0.0005914773812674296,0.9110075163589232,0.0005762775706653761,0.013712848588670988,0.19011236988196012,0.8869569505399675,0.0,0.8955504051810576
800,14,0.9412393411789814,0.5871934604904632,0.2303827299302901,0.9148517145505097,0.8930933174152713,1.648883081019774,44,0.0003984646184298452,1.061196033934952,-0.00039846461842933667,0.013713391950595472,0.17291859026178763,0.8909775301214722,0.0,0.8996679652185348
800,15,0.9681527600385502,0.45095367847411444,0.1020229368113335,0.8556533827618165,0.9284120732719955,1.5397915742064863,52,0.0009571980045170746,1.0272785425944115,-0.0009571980045174917,0.013713156326155116,0.16362096907050636,0.926901392244851,0.0,0.936804904909841
800,16,0.9509602526436544,0.5449591280653951,0.18366719136496515,0.9190222428174235,0.9050168573610476,1.6707513519733057,41,0.0014678967259644986,1.0141801127099637,-0.0014678967259641428,0.0137156959584486,0.16420944550654584,0.902457386130151,0.0,0.911514374476059
800,17,0.9488343243216204,0.555858310626703,0.19446098493366315,0.8632993512511585,0.8935385118168266,1.522640827128228,53,0.0023921404134484457,0.8430037713326124,0.002380294199660163,0.013759954674253156,0.19729323826782583,0.8972598911846409,0.0,0.9061344247743972
800,18,0.9544767881975129,0.5231607629427792,0.16600854508657523,0.875,0.9062540642747333,1.5617190196755264,40,0.002601383213263658,0.8671324457022553,-0.0025746582761310127,0.013714434249583952,0.1774693214514222,0.9034699278399658,0.0,0.9125597909167119
800,19,0.9588036776058879,0.49591280653950953,0.14537081178322464,0.9097544022242817,0.916040004135139,1.6588737117214853,39,0.0025555793000588156,0.9767911659755129,-0.0025555793000587163,0.01372230831967846,0.16431518736614667,0.9128540197577132,0.0,0.9222529053043378
800,20,0.9576164925350736,0.5040871934604905,0.15132898583314594,0.9180954587581094,0.91253013816033,1.6768627644361163,41,0.002544305239891305,1.0206602397134206,-0.0025443052398912685,0.01372776122161954,0.16629401600686566,0.9095073721583905,0.0,0.9188092772490425
800,21,0.9488343243216204,0.555858310626703,0.19446098493366315,0.9318813716404077,0.8918977953706452,1.6880894850173414,38,0.001866660835251585,1.0394347618675968,-0.0018666608352515494,0.013722355968208371,0.12719174906996966,0.890714532274767,0.0,0.8994033236352877
800,22,0.9620784409192014,0.48092643051771117,0.13021632561277266,0.861793327154773,0.91315374380146,1.53908805496655,47,0.0006494589227140847,0.9410611069618938,-0.0003618806250324999,0.01370765579966971,0.19158815844421542,0.9130561993523678,0.0,0.9224633035817019
800,23,0.9573163614778454,0.5040871934604905,0.15232201484146615,0.9099860982391103,0.9069577048644575,1.65090487696632,50,0.0015252930928416025,1.1037159109689223,0.0012118187525047477,0.01371283787139282,0.17288870669277007,0.9091128753883327,0.0,0.9183999868501077
800,24,0.9600558910724349,0.4877384196185286,0.1397580391275017,0.8602873030583874,0.9039213790021643,1.524282919933593,40,0.002940807408787215,0.8981911885146537,-0.00294080740878745,0.013720577672754211,0.10371820560661721,0.902281506320167,0.0,0.9113335634564492
800,25,0.9725263365002718,0.4141689373297003,0.0851846188441646,0.8161492122335496,0.931511760135259,1.4485773460229794,51,0.0016238124787385658,0.92128777709146,-0.0015387206421597077,0.013709687234765377,0.19352637608088488,0.9311652448345579,0.0,0.9412890181961635
800,26,0.952004041764904,0.5395095367847411,0.17779536766359344,0.8827618164967562,0.9033978170467771,1.5788500419152818,46,0.0002906820825660593,1.0232975944244276,-0.00029068208256580533,0.013709757417076378,0.17567209296088704,0.9028305143251639,0.0,0.9119006525634071
800,27,0.9395169223894434,0.5994550408719346,0.23957904205082078,0.852062094531974,0.8904138140321274,1.4918191232309286,52,0.003437129467800745,0.6934240959519918,0.003432287425996038,0.013978088005967173,0.2001141705585545,0.8921396518566004,0.0,0.9008662491575851
800,28,0.9578282516698958,0.502724795640327,0.15046548234765011,0.7677247451343837,0.9034495062844109,1.338644246100235,37,0.004052029937129324,0.7781580855723619,-0.0037519194820135743,0.013724458681974873,0.19665495588342347,0.9017390732613376,0.0,0.9107615431398656
800,29,0.9647496073285334,0.46866485013623976,0.11860220373285361,0.9377896200185357,0.9121666461021313,1.7262570475204235,58,0.0026330394401369046,1.2115823364875684,0.0021679305601703374,0.013721608103128913,0.1965120511238906,0.9161973798839522,0.0,0.9256784522576721
1600,0,0.9546585342266123,0.5231607629427792,0.16484281538115583,0.9296802594995366,0.9050702139934438,1.696567878100498,84,0.0018586991528029922,0.9921736140012708,-0.001858699152802748,0.01371684288985977,0.1727385226023225,0.9030310501832767,0.0,0.9121094071042294
1600,1,0.9548519520190483,0.5217983651226158,0.16363391050146167,0.8632993512511585,0.9065725366743478,1.53583016914049,90,0.0007302772349170291,0.9388453567013766,-0.0005317326466255847,0.013707557320544853,0.19188392915295416,0.9051974949455102,0.0,0.9143416013281391
1600,2,0.9616165725700222,0.48365122615803813,0.13224555880368788,0.9000231696014829,0.9122983702883593,1.626638394398146,83,0.001997798705967798,1.1164339219107977,-0.001997798705967809,0.01373434060741436,0.14227184086616362,0.9108453737035028,0.0,0.9201982346269539
1600,3,0.9591988501645718,0.494550408719346,0.14364380481223296,0.8891334569045413,0.912108287285448,1.60099117313477,95,0.0009294006702633097,0.9353925313774114,-0.0006930080939799507,0.013707820858946942,0.19608218747725212,0.911354932031494,0.0,0.920712724164571
1600,4,0.9613731329347148,0.48365122615803813,0.13345446368338207,0.8739573679332715,0.9120415914949528,1.5656837122146063,99,0.0007775397067098945,0.93909034309566,-0.0004535123812146151,0.013707828507963992,0.19165635428120434,0.9120354389598435,0.0,0.921417887141049
1600,5,0.9599358386495437,0.4891008174386921,0.1402329660445244,0.8227525486561631,0.9085083819934705,1.4433436888735474,96,0.001444635561243551,0.859404136277697,-0.0006308842191306979,0.013713380303179612,0.1956278039791122,0.90916218748459,0.0,0.9184492989463648
1600,6,0.9659167836621991,0.46185286103542234,0.11260085450865753,0.861793327154773,0.917418939603627,1.54344066932952,104,0.001095975316618875,0.8950647588921584,-0.0005841693639113618,0.013709455202694069,0.18481493258956472,0.9192037740191003,0.0,0.9287867580584184
1600,7,0.9522091313206767,0.5395095367847411,0.17658646278389928,0.922613531047266,0.9002481083406421,1.675506681789043,92,0.0006613467994672818,0.9027912662347909,-2.278309229960737e-06,0.013710632754323297,0.19678330198112737,0.8999835626345809,0.0,0.908950145470684
1600,8,0.9656433309211689,0.4645776566757493,0.11402563525972566,0.8602873030583874,0.9154347398363952,1.5359978302677646,96,0.0015088308698138894,0.9236339735584574,-0.0014081117412947982,0.013709255685682993,0.19300456299111549,0.9154034551342111,0.0,0.92486644640597
1600,9,0.9633523305176593,0.47956403269754766,0.12369687429727907,0.9167052826691381,0.9177924360304,1.6790045531502211,84,0.0024252319586113057,1.0284733938742394,-0.0024252319586114714,0.013727364117341948,0.16842762621018892,0.9158078143235202,0.0,0.9252790242779887
1600,10,0.9619117014429635,0.4822888283378747,0.1310798290982685,0.8865848007414272,0.9136406230720748,1.5983299636734225,103,0.0003096405818723265,1.0254543990215634,0.0001802013828553408,0.013708747809234954,0.185898020405114,0.9129279879020991,0.0,0.9223301609218074
1600,11,0.9501682401315241,0.5517711171662125,0.18811423431526872,0.8727988878591288,0.8963664133338224,1.546179134408337,93,0.0006962750863025055,0.9072329973131539,-0.00013465882055012542,0.013709666777836966,0.19418074961783505,0.8970051120206454,0.0,0.9058681394546082
1600,12,0.9536164125001251,0.5286103542234333,0.1704987632111536,0.8953892493049119,0.9081265485928856,1.612681427420813,95,0.0002560207073528207,1.0051460352309696,0.00017874693376185476,0.013707997839942877,0.196936167930333,0.9065519338560416,0.0,0.9157568584907211
1600,13,0.9592422024283938,0.49318801089918257,0.1434711041151338,0.8602873030583874,0.9085500668625299,1.5289741440241957,86,0.0017434924625102455,1.027509811332992,-0.0017434924625100746,0.013719545693854796,0.18852700823330645,0.9064072850403537,0.0,0.9156056347288657
1600,14,0.9563642790685266,0.510899182561308,0.15668270744322016,0.9052363299351252,0.9025991349555973,1.6312227756135247,87,0.0010209337868540978,0.9923730604573204,-0.0010209337868540731,0.013710812345365638,0.18125265791359063,0.9028485954271249,0.0,0.91192037740191
1600,15,0.9572329917397263,0.5054495912806539,0.15249471553856533,0.9000231696014829,0.9059689397703664,1.6202080970462054,83,0.0018888719355744843,0.9174500447557915,-0.0018888719355744116,0.013712470101407801,0.19012616229842977,0.9045202754902444,0.0,0.9136413695612867
1600,16,0.9583851615205307,0.4986376021798365,0.14770227119406343,0.8556533827618165,0.9091053093184024,1.5196788138797113,81,0.002398543926540211,0.9069589228101341,-0.002398543926540174,0.013714930287878626,0.1817897959105486,0.9064500221904433,0.0,0.9156516593520391
1600,17,0.9651030950181579,0.4659400544959128,0.11622756914774006,0.8739573679332715,0.9226362178151126,1.576657297368378,92,0.0018915153719729514,0.9488492943954557,-0.0018915153719730876,0.013713251026040745,0.15710481853394284,0.921702253562799,0.0,0.9313904367407991
1600,18,0.957486435743608,0.5040871934604905,0.1520629637958174,0.8739573679332715,0.909116981081739,1.5626921117083354,87,0.0016167464550212248,0.8908143536188804,-0.001348970444004751,0.013709386395252108,0.17174623486186502,0.9075726942485658,0.0,0.9168088498775416
1600,19,0.9574197399531129,0.5040871934604905,0.1521924893186418,0.8767377201112141,0.9061140031146934,1.5663477817775366,88,0.0012875469004904022,0.9882722686430201,-0.0012875469004902957,0.013712104342299254,0.18492872002543942,0.9046567056232228,0.0,0.9137827309038907
1600,20,0.9659501315574468,0.4604904632152589,0.11229862828873398,0.8860055607043559,0.9169303929382497,1.6000838305636373,109,0.0013270068683018843,1.1268057392469595,0.0009200180267496059,0.013714923138859126,0.19238428737265967,0.9192991107385309,0.0,0.9288870259874747
1600,21,0.951147000857041,0.5449591280653951,0.18280368787946932,0.9041936978683967,0.8995778156461655,1.6255666781728224,77,0.0020406158245984177,1.0797131732235552,-0.002040615824597967,0.013729499844325702,0.16451019681012066,0.8976724690566596,0.0,0.9065601525387511
1600,22,0.9486625826610954,0.5572207084468664,0.19545401394198336,0.9000231696014829,0.8982522368100737,1.6124069234183145,91,0.0005844946751712845,0.9428943479433841,-0.0002293129768042093,0.013707865728520882,0.1958611256910575,0.8973239969097753,0.0,0.9061985304995316
1600,23,0.9632206063314314,0.47956403269754766,0.12438767708567575,0.8635310472659871,0.9147911254581167,1.5446011473281063,97,0.0009900729238446115,0.9339016906463051,-0.0008132321211484564,0.013707875101606476,0.19360414998486675,0.9144024195801896,0.0,0.923842398540362
1600,24,0.9493395449346215,0.555858310626703,0.19178412412862605,0.8862372567191844,0.8991192820865112,1.58291664611996,83,0.001700046572410339,0.8775293962091706,-0.0012985550475468483,0.013709997376369057,0.1954492688103659,0.8976149382776929,0.0,0.9065009780232425
1600,25,0.9560591458270111,0.5122615803814714,0.15767573645154037,0.9075532900834106,0.9063607775395256,1.6424330588293308,103,0.0009044211041894708,1.0099016829316692,0.0008313436123295846,0.0137085572192458,0.19341795236252604,0.9069184871048869,0.0,0.9161332741588178
1600,26,0.9571646285544688,0.5068119891008175,0.15284011693276367,0.8891334569045413,0.9085467320730052,1.5973535841675297,86,0.0018063457030355044,0.9189400294523682,-0.0018063457030354831,0.013712068520077881,0.16705259891269766,0.9062116803918668,0.0,0.9154018113976692
1600,27,0.9394719027308591,0.6008174386920981,0.2394926917022712,0.9180954587581094,0.8890698938536494,1.6534050002465606,76,0.0017312710764118462,0.865866788276737,-0.0012085487098522415,0.013710945204260116,0.19196170305693588,0.8870457123132305,0.0,0.8956424544274044
1600,28,0.9612547479065858,0.48365122615803813,0.13453384304025187,0.8787071362372567,0.9154314050468705,1.5809129312753751,99,0.0009409374463470289,0.9357895576748585,-0.0006316107208561485,0.01370800081223236,0.17593031764701397,0.9154083863438368,0.0,0.9248713776155958
1600,29,0.962915473089916,0.47956403269754766,0.12585563301101868,0.8860055607043559,0.9083182989905592,1.5913112086394792,100,0.00027392049603736443,1.019068558404447,0.0001736643535186523,0.013708486282229787,0.18391689302831665,0.9089271331590972,0.0,0.9182093134112465
4000,0,0.9577165362208164,0.502724795640327,0.15085405891612325,0.8862372567191844,0.9075379582417655,1.5914344888801224,228,0.0008691563293037276,0.9354833961991535,-0.0008396323955637101,0.013708388088485242,0.1933551202430531,0.9066538455216397,0.0,0.9158637013659451
