Split,Group,Level,Patients,SepticPatients,AUROC,AUPRC,Utility,Sensitivity,Specificity,ECE,CITL,AUROC_gap_vs_overall
A_test,Age,<50,871,75,0.8113056193845762,0.10758525974159928,0.39124156122859566,0.6268861454046639,0.8081877592057308,0.001981059314474428,-0.0009581155957115832,-0.00020490451002730392
A_test,Age,50-64,1205,110,0.7972517325864578,0.09258491606192634,0.39906071373397184,0.614218009478673,0.8161356328558901,0.003748623617927271,-0.0025383444979929573,-0.01425879130814578
A_test,Age,65-79,1393,122,0.8370765222227596,0.10360661633658794,0.44773099745690875,0.7327586206896551,0.7828486011663098,0.0036380355551099233,0.003638035555109921,0.025565998328156092
A_test,Age,>=80,598,51,0.7921686657318842,0.1028559957254411,0.3851105975569495,0.6673427991886409,0.789605456272123,0.001803429530647699,0.0014176253832389497,-0.019341858162719383
A_test,Sex,Male,2401,231,0.8033556169608869,0.09243380174224787,0.42379313414236125,0.6687782805429864,0.786055033572043,0.002733701000349216,-0.0004919830245616319,-0.008154906933716677
A_test,Sex,Female,1666,127,0.8223096259803206,0.11803599076999359,0.3903224954438605,0.6568867155664222,0.8164655629345555,0.0035059685583927035,0.0020384969960356367,0.010799102085717105
A_test,ICU unit,MICU (Unit1),1084,123,0.7724860108864863,0.09515146450145995,0.4190656812160089,0.6635514018691588,0.7476766484732261,0.0035381601077049333,-0.0020727066573485615,-0.03902451300811727
A_test,ICU unit,SICU (Unit2),1075,39,0.8276466845205426,0.13262085484188346,0.432327150084317,0.5471204188481675,0.9565217391304348,0.0028057946829989455,-0.0001158139606047201,0.016136160625939033
A_test,ICU unit,Unknown,1908,196,0.799281690155332,0.09972057628655903,0.4029608006672227,0.6890308839190629,0.7452782100123411,0.0023882916634917956,0.0023470891880987624,-0.012228833739271527
A_test,ICU stay,<=48 h,3205,210,0.7841509965629994,0.07281563909476074,0.2753545070072144,0.4672990514228657,0.8694106045362632,0.004625945004577793,-0.004573871106067799,-0.027359527331604183
A_test,ICU stay,>48 h,862,148,0.8786166393927168,0.13470310812193512,0.5946299919950192,0.9400278940027894,0.6655714929408231,0.010211579280372083,0.010173597409901189,0.0671061154981133
B_test,Age,<50,3847,224,0.7204438773852141,0.050426304672593375,0.18579492888840107,0.32547169811320753,0.9219797582952556,0.004302813965567115,-0.003576219261314873,-0.017394082825900825
B_test,Age,50-64,5017,285,0.7413682645515483,0.06273495360192019,0.20284304047384008,0.33643122676579923,0.9283252706004175,0.003362412195291436,-0.0028162251551204654,0.0035303043404333323
B_test,Age,65-79,5278,300,0.7453935954334501,0.05455262962486444,0.21746039083355467,0.3976752377597746,0.910006976584225,0.0013054422795800106,-0.0008317171603385177,0.007555635222335155
B_test,Age,>=80,1858,105,0.7513331093782052,0.0568819572080672,0.14735564768935175,0.3143438453713123,0.9187927771532649,0.00164818619253793,-0.0015127697652155027,0.01349514916709027
B_test,Sex,Male,8538,521,0.7279093127172191,0.053688466051561565,0.1909279988153492,0.3545177664974619,0.9092921934147561,0.0030759893849551722,-0.0022021824172602667,-0.00992864749389577
B_test,Sex,Female,7462,393,0.7486691192641153,0.05828723157193825,0.2055262081354605,0.34718100890207715,0.9313468843958734,0.002209112844907188,-0.002129395010170296,0.010831159053000361
B_test,ICU unit,MICU (Unit1),5571,318,0.7199545121448437,0.04080451776019276,0.12147111241455558,0.3402894648266577,0.8893143963722938,0.0015568587182736725,0.00017277668874547333,-0.01788344806627118
B_test,ICU unit,SICU (Unit2),5550,335,0.7452260780692079,0.06045279820722797,0.24533225416470278,0.3572323105823419,0.9377708530617767,0.004250087298053705,-0.004020294321686145,0.007388117858093013
B_test,ICU unit,Unknown,4879,261,0.7498391235707216,0.07426178849838949,0.22422377697216164,0.3571139035265505,0.9326064521918608,0.0026602853062430145,-0.0026602853062430137,0.01200116335960666
B_test,ICU stay,<=48 h,12709,546,0.65713327199879,0.024684579114450236,0.011693755289445119,0.10137254901960785,0.9618051756035617,0.004312192264339462,-0.003979257400322459,-0.0807046882123249
B_test,ICU stay,>48 h,3291,368,0.8605569659483538,0.09165234698816165,0.4481424064894097,0.7123442808607021,0.8391180922627539,0.0013011865281021822,0.0012587143896629384,0.12271900573723893
