Feature,Family,MeanAbsSHAP,Variable,ExplainedModel
FiO2_mean6,window_6h,0.3362344000567344,FiO2,LightGBM
ICULOS,static_context,0.30316547889418993,ICULOS,LightGBM
Unit1,static_context,0.1419237152017231,Unit1,LightGBM
Resp_mean24,window_12_24h,0.1339811321847231,Resp,LightGBM
Temp_last,last_observed,0.11541537489006248,Temp,LightGBM
ShockIndex,clinical_composite,0.0971774522296565,ShockIndex,LightGBM
HospAdmTime,static_context,0.0933167916641072,HospAdmTime,LightGBM
Resp_mean12,window_12_24h,0.08546249866697404,Resp,LightGBM
Age,static_context,0.0818422889132679,Age,LightGBM
WBC_last,last_observed,0.08114639385702842,WBC,LightGBM
Creatinine_last,last_observed,0.07819734054889979,Creatinine,LightGBM
Temp_mean24,window_12_24h,0.07026894087184456,Temp,LightGBM
BUN_last,last_observed,0.0699905107779723,BUN,LightGBM
Hct_std24,window_12_24h,0.0673132492895856,Hct,LightGBM
Lactate_mean6,window_6h,0.0669899848833507,Lactate,LightGBM
Calcium_mean24,window_12_24h,0.061932719877694574,Calcium,LightGBM
Calcium_last,last_observed,0.05779228808823914,Calcium,LightGBM
PTT_last,last_observed,0.05627798082738913,PTT,LightGBM
MAP_mean12,window_12_24h,0.05516991302081432,MAP,LightGBM
PTT_mean12,window_12_24h,0.052999666598883534,PTT,LightGBM
FiO2_mean12,window_12_24h,0.05265692426215755,FiO2,LightGBM
BUN_mean24,window_12_24h,0.0480155876069177,BUN,LightGBM
Gender,static_context,0.04738638319272982,Gender,LightGBM
SaO2_std24,window_12_24h,0.04499252861345419,SaO2,LightGBM
Resp_std24,window_12_24h,0.044444742188534066,Resp,LightGBM
PaCO2_mean6,window_6h,0.04409171641716795,PaCO2,LightGBM
Glucose_last,last_observed,0.044034691648057664,Glucose,LightGBM
SBP_mean24,window_12_24h,0.04336477016608444,SBP,LightGBM
Hct_mean12,window_12_24h,0.043143059245855424,Hct,LightGBM
Temp_mean6,window_6h,0.0425302033660108,Temp,LightGBM
SBP_std24,window_12_24h,0.040657024472614496,SBP,LightGBM
PTT_mean24,window_12_24h,0.03924650095032413,PTT,LightGBM
O2Sat_std6,window_6h,0.03907089574182735,O2Sat,LightGBM
O2Sat_mean24,window_12_24h,0.03879549740331413,O2Sat,LightGBM
Unit2,static_context,0.038730083548965205,Unit2,LightGBM
WBC_mean12,window_12_24h,0.03469855919060625,WBC,LightGBM
HCO3_last,last_observed,0.032949373593702376,HCO3,LightGBM
Phosphate_last,last_observed,0.032246855805719433,Phosphate,LightGBM
Lactate_std12,window_12_24h,0.03190135841611879,Lactate,LightGBM
BaseExcess_mean12,window_12_24h,0.03134332900937372,BaseExcess,LightGBM
Potassium_mean24,window_12_24h,0.03074581244454948,Potassium,LightGBM
Hgb_mean12,window_12_24h,0.030426267826713174,Hgb,LightGBM
Magnesium_mean24,window_12_24h,0.029664975003609095,Magnesium,LightGBM
TroponinI_mean24,window_12_24h,0.028608761582656822,TroponinI,LightGBM
Bilirubin_total_mean24,window_12_24h,0.02831073343942606,Bilirubin_total,LightGBM
HR_mean24,window_12_24h,0.0272990343021676,HR,LightGBM
FiO2_last,last_observed,0.027284796200134374,FiO2,LightGBM
MAP_mean24,window_12_24h,0.027235368617166553,MAP,LightGBM
pH_mean24,window_12_24h,0.026125992827439798,pH,LightGBM
HR_mean12,window_12_24h,0.025992350133539052,HR,LightGBM
BUN_Creatinine,clinical_composite,0.025586459835923277,BUN_Creatinine,LightGBM
HR_mean6,window_6h,0.025239565384326427,HR,LightGBM
SBP_mean12,window_12_24h,0.024961722536650285,SBP,LightGBM
Glucose_mean24,window_12_24h,0.024578608393720836,Glucose,LightGBM
Phosphate_mean24,window_12_24h,0.02457659828079671,Phosphate,LightGBM
BUN_mean12,window_12_24h,0.024349575277172606,BUN,LightGBM
Temp_mean12,window_12_24h,0.023712272475968382,Temp,LightGBM
Magnesium_last,last_observed,0.02360477674936194,Magnesium,LightGBM
Hct_mean24,window_12_24h,0.023454699006973497,Hct,LightGBM
TroponinI_last,last_observed,0.02253871269211311,TroponinI,LightGBM
Hct_last,last_observed,0.02236722668378603,Hct,LightGBM
Glucose_std24,window_12_24h,0.02230911743275011,Glucose,LightGBM
SBP_std12,window_12_24h,0.021617743157973175,SBP,LightGBM
Resp_mean6,window_6h,0.020971659963786367,Resp,LightGBM
O2Sat_std24,window_12_24h,0.020810126209020705,O2Sat,LightGBM
Fibrinogen_last,last_observed,0.020301879555348117,Fibrinogen,LightGBM
Potassium_last,last_observed,0.01999761578586588,Potassium,LightGBM
Temp_std24,window_12_24h,0.019879458485567904,Temp,LightGBM
HR_last,last_observed,0.019136665473445922,HR,LightGBM
DBP_mean24,window_12_24h,0.01910923990443116,DBP,LightGBM
Bilirubin_total_last,last_observed,0.01905607550944546,Bilirubin_total,LightGBM
HCO3_mean24,window_12_24h,0.01897115070923145,HCO3,LightGBM
Creatinine_mean24,window_12_24h,0.01893580809268242,Creatinine,LightGBM
Glucose_mean12,window_12_24h,0.01878947069519442,Glucose,LightGBM
BaseExcess_mean6,window_6h,0.018679511058561877,BaseExcess,LightGBM
Alkalinephos_mean24,window_12_24h,0.018120117571527625,Alkalinephos,LightGBM
FiO2_std24,window_12_24h,0.017518659736850448,FiO2,LightGBM
SIRS_partial,clinical_composite,0.017388586941243546,SIRS_partial,LightGBM
FiO2_mean24,window_12_24h,0.01653261944457218,FiO2,LightGBM
WBC_std24,window_12_24h,0.016513338497674505,WBC,LightGBM
Hgb_current,current,0.016305189132969848,Hgb,LightGBM
WBC_mean24,window_12_24h,0.016292951071669524,WBC,LightGBM
BaseExcess_std24,window_12_24h,0.016093514537081105,BaseExcess,LightGBM
Temp_std12,window_12_24h,0.01598680867172628,Temp,LightGBM
PTT_mean6,window_6h,0.01584683775873033,PTT,LightGBM
Creatinine_std24,window_12_24h,0.015592227093150245,Creatinine,LightGBM
HCO3_mean12,window_12_24h,0.015470651961342544,HCO3,LightGBM
O2Sat_mean12,window_12_24h,0.015023083462303017,O2Sat,LightGBM
MAP_std12,window_12_24h,0.014975914546379043,MAP,LightGBM
O2Sat_std12,window_12_24h,0.01483656981479921,O2Sat,LightGBM
BaseExcess_mean24,window_12_24h,0.01468722897450199,BaseExcess,LightGBM
Hgb_mean24,window_12_24h,0.014673351371857855,Hgb,LightGBM
Platelets_mean24,window_12_24h,0.014491517237646979,Platelets,LightGBM
Hgb_last,last_observed,0.0141669590160056,Hgb,LightGBM
Chloride_last,last_observed,0.01409060757727259,Chloride,LightGBM
PaCO2_last,last_observed,0.014076963062282824,PaCO2,LightGBM
Chloride_std24,window_12_24h,0.013995513665222054,Chloride,LightGBM
Temp_current,current,0.013928930786001877,Temp,LightGBM
SBP_delta,delta,0.01364282965964607,SBP,LightGBM
Platelets_last,last_observed,0.01349404006804266,Platelets,LightGBM
Resp_std12,window_12_24h,0.013310705745334007,Resp,LightGBM
Phosphate_mean12,window_12_24h,0.013202198966402191,Phosphate,LightGBM
pH_mean12,window_12_24h,0.012999902551388309,pH,LightGBM
Temp_std6,window_6h,0.012970528273093338,Temp,LightGBM
HR_current,current,0.01259378154652326,HR,LightGBM
MAP_std24,window_12_24h,0.012533044359267161,MAP,LightGBM
Hgb_std24,window_12_24h,0.012513875022762024,Hgb,LightGBM
PTT_std24,window_12_24h,0.012393976872871706,PTT,LightGBM
Calcium_mean12,window_12_24h,0.012387490014159761,Calcium,LightGBM
FiO2_std12,window_12_24h,0.012125334939143646,FiO2,LightGBM
SBP_std6,window_6h,0.012104566087872866,SBP,LightGBM
Lactate_mean12,window_12_24h,0.011946110360813916,Lactate,LightGBM
PaCO2_mean12,window_12_24h,0.011790000216289379,PaCO2,LightGBM
pH_last,last_observed,0.011728274858667728,pH,LightGBM
Lactate_last,last_observed,0.011571468202191553,Lactate,LightGBM
MAP_current,current,0.011230260377345926,MAP,LightGBM
MAP_std6,window_6h,0.011079428742848264,MAP,LightGBM
Potassium_std24,window_12_24h,0.01101135663528662,Potassium,LightGBM
Glucose_delta,delta,0.010826486242243517,Glucose,LightGBM
Hct_std12,window_12_24h,0.010677576688514594,Hct,LightGBM
Potassium_mean12,window_12_24h,0.010453270903770894,Potassium,LightGBM
Chloride_mean6,window_6h,0.010445222310130673,Chloride,LightGBM
MAP_mean6,window_6h,0.010402565784662634,MAP,LightGBM
Chloride_mean24,window_12_24h,0.01029662811557285,Chloride,LightGBM
Calcium_std24,window_12_24h,0.010038265869353686,Calcium,LightGBM
SBP_last,last_observed,0.009993626402967037,SBP,LightGBM
AST_last,last_observed,0.009881382640821916,AST,LightGBM
PaCO2_mean24,window_12_24h,0.009829716002790378,PaCO2,LightGBM
Lactate_mean24,window_12_24h,0.009786684432890264,Lactate,LightGBM
DBP_std24,window_12_24h,0.009650325771023257,DBP,LightGBM
Platelets_mean12,window_12_24h,0.009561716790668414,Platelets,LightGBM
HR_std24,window_12_24h,0.009468208472217318,HR,LightGBM
Chloride_mean12,window_12_24h,0.009439954931240639,Chloride,LightGBM
Platelets_std24,window_12_24h,0.009362661128005358,Platelets,LightGBM
MAP_last,last_observed,0.00903772683390721,MAP,LightGBM
BaseExcess_current,current,0.009027073522688195,BaseExcess,LightGBM
BaseExcess_std6,window_6h,0.008946511983141303,BaseExcess,LightGBM
DBP_delta,delta,0.008584527720846375,DBP,LightGBM
Alkalinephos_last,last_observed,0.008477300323970628,Alkalinephos,LightGBM
Platelets_mean6,window_6h,0.008294088062486035,Platelets,LightGBM
pH_std24,window_12_24h,0.008284311313748002,pH,LightGBM
Glucose_std12,window_12_24h,0.00827320408312232,Glucose,LightGBM
Phosphate_std12,window_12_24h,0.008267784599435874,Phosphate,LightGBM
DBP_mean6,window_6h,0.008020224310716823,DBP,LightGBM
O2Sat_mean6,window_6h,0.007971880685330997,O2Sat,LightGBM
DBP_mean12,window_12_24h,0.007742448430255767,DBP,LightGBM
Lactate_std6,window_6h,0.007733760194877784,Lactate,LightGBM
DBP_std12,window_12_24h,0.0076556426130163025,DBP,LightGBM
MeasCount24,missingness,0.0076163661671522385,MeasCount24,LightGBM
Chloride_std12,window_12_24h,0.007336309675618965,Chloride,LightGBM
HR_std6,window_6h,0.007321337839375464,HR,LightGBM
AST_mean24,window_12_24h,0.007046102513148156,AST,LightGBM
FiO2_current,current,0.007043352946910038,FiO2,LightGBM
SaO2_mean6,window_6h,0.006949112103691763,SaO2,LightGBM
HR_std12,window_12_24h,0.006795184465668933,HR,LightGBM
Creatinine_mean12,window_12_24h,0.006506436069371925,Creatinine,LightGBM
Magnesium_std24,window_12_24h,0.006505155240512805,Magnesium,LightGBM
DBP_std6,window_6h,0.006360524865807987,DBP,LightGBM
Potassium_current,current,0.006353847670075082,Potassium,LightGBM
Creatinine_mean6,window_6h,0.0060571709094800474,Creatinine,LightGBM
SBP_mean6,window_6h,0.005945233171520456,SBP,LightGBM
PaCO2_std24,window_12_24h,0.005846157074876962,PaCO2,LightGBM
BUN_mean6,window_6h,0.00578050838440351,BUN,LightGBM
PTT_std12,window_12_24h,0.005506678337288175,PTT,LightGBM
Phosphate_std24,window_12_24h,0.005464855858731947,Phosphate,LightGBM
Alkalinephos_mean12,window_12_24h,0.005393453707942236,Alkalinephos,LightGBM
BUN_std24,window_12_24h,0.005392557960988388,BUN,LightGBM
Creatinine_std12,window_12_24h,0.005362852652819515,Creatinine,LightGBM
Bilirubin_total_mean12,window_12_24h,0.0053082923321536865,Bilirubin_total,LightGBM
SaO2_mean24,window_12_24h,0.005241532878278306,SaO2,LightGBM
SaO2_mean12,window_12_24h,0.0051907621167502195,SaO2,LightGBM
WBC_delta,delta,0.005152268869674899,WBC,LightGBM
Hct_delta,delta,0.005114926012748955,Hct,LightGBM
Hgb_std6,window_6h,0.00509127976073378,Hgb,LightGBM
Bilirubin_direct_std24,window_12_24h,0.005081693725413585,Bilirubin_direct,LightGBM
pH_mean6,window_6h,0.005065631766452684,pH,LightGBM
Potassium_mean6,window_6h,0.005063446497521953,Potassium,LightGBM
Hct_std6,window_6h,0.00505093520740064,Hct,LightGBM
Resp_std6,window_6h,0.005036706014882329,Resp,LightGBM
FiO2_std6,window_6h,0.004870890380826704,FiO2,LightGBM
Magnesium_mean12,window_12_24h,0.004868227190278264,Magnesium,LightGBM
Glucose_mean6,window_6h,0.004195451866998592,Glucose,LightGBM
Hgb_delta,delta,0.003955948865985858,Hgb,LightGBM
Resp_current,current,0.003846733316630087,Resp,LightGBM
Bilirubin_total_std24,window_12_24h,0.0037776211680698134,Bilirubin_total,LightGBM
DBP_last,last_observed,0.0037647861063551252,DBP,LightGBM
Hct_mean6,window_6h,0.003761754973532013,Hct,LightGBM
SaO2_std12,window_12_24h,0.0037202122527130108,SaO2,LightGBM
SaO2_last,last_observed,0.003611633710514947,SaO2,LightGBM
Glucose_std6,window_6h,0.00359775478733909,Glucose,LightGBM
Lactate_std24,window_12_24h,0.003593635008511711,Lactate,LightGBM
BaseExcess_last,last_observed,0.0034151333609586825,BaseExcess,LightGBM
BaseExcess_std12,window_12_24h,0.0034055730887324227,BaseExcess,LightGBM
pH_std12,window_12_24h,0.0034028839750915828,pH,LightGBM
Fibrinogen_std24,window_12_24h,0.003108535040677202,Fibrinogen,LightGBM
Potassium_std6,window_6h,0.0031065740590122707,Potassium,LightGBM
Calcium_delta,delta,0.003093984621737748,Calcium,LightGBM
SBP_current,current,0.0030608735697270364,SBP,LightGBM
Hgb_std12,window_12_24h,0.002917534295465354,Hgb,LightGBM
Platelets_std12,window_12_24h,0.0027018900968499987,Platelets,LightGBM
HCO3_std24,window_12_24h,0.002660779034419004,HCO3,LightGBM
Fibrinogen_mean24,window_12_24h,0.002589834582567871,Fibrinogen,LightGBM
Alkalinephos_std24,window_12_24h,0.002485292571239592,Alkalinephos,LightGBM
Hgb_missing,missingness,0.0023807688345227297,Hgb,LightGBM
TroponinI_mean12,window_12_24h,0.002376415467552297,TroponinI,LightGBM
PaCO2_std12,window_12_24h,0.002209103144850464,PaCO2,LightGBM
Potassium_missing,missingness,0.0021860438311097435,Potassium,LightGBM
Bilirubin_total_mean6,window_6h,0.0021407331351089767,Bilirubin_total,LightGBM
pH_current,current,0.002065263651608104,pH,LightGBM
Bilirubin_direct_last,last_observed,0.002052123679943507,Bilirubin_direct,LightGBM
SaO2_std6,window_6h,0.001981787198793519,SaO2,LightGBM
BaseExcess_delta,delta,0.001969608502231672,BaseExcess,LightGBM
Hct_current,current,0.0019449675448658039,Hct,LightGBM
SBP_missing,missingness,0.0018935506988073387,SBP,LightGBM
Resp_last,last_observed,0.0017710104233772134,Resp,LightGBM
Magnesium_mean6,window_6h,0.0017691890064904458,Magnesium,LightGBM
Hgb_mean6,window_6h,0.0017660365144931997,Hgb,LightGBM
AST_mean12,window_12_24h,0.0017232792901231103,AST,LightGBM
pH_std6,window_6h,0.0016180143607292573,pH,LightGBM
Phosphate_mean6,window_6h,0.001574363576774446,Phosphate,LightGBM
BaseExcess_missing,missingness,0.0015551455817905428,BaseExcess,LightGBM
AST_std24,window_12_24h,0.0015015793958133958,AST,LightGBM
DBP_current,current,0.0013761632522618387,DBP,LightGBM
PaCO2_current,current,0.0013615013438361561,PaCO2,LightGBM
O2Sat_current,current,0.001352012936073118,O2Sat,LightGBM
WBC_mean6,window_6h,0.001324998256422564,WBC,LightGBM
BUN_std12,window_12_24h,0.0013151824990877965,BUN,LightGBM
PTT_delta,delta,0.0012775282564878323,PTT,LightGBM
Lactate_delta,delta,0.0012652975161645897,Lactate,LightGBM
PTT_current,current,0.0012463555350529728,PTT,LightGBM
WBC_std12,window_12_24h,0.001232065764570564,WBC,LightGBM
Glucose_current,current,0.0011728492307128214,Glucose,LightGBM
HCO3_std12,window_12_24h,0.0011354491822233733,HCO3,LightGBM
Magnesium_std12,window_12_24h,0.0010816914000651445,Magnesium,LightGBM
Calcium_std12,window_12_24h,0.0010620299995774973,Calcium,LightGBM
Platelets_current,current,0.001039575820571163,Platelets,LightGBM
Potassium_std12,window_12_24h,0.0010085039394202731,Potassium,LightGBM
Fibrinogen_mean12,window_12_24h,0.0009219225019942583,Fibrinogen,LightGBM
HCO3_mean6,window_6h,0.0009189435687504318,HCO3,LightGBM
MAP_missing,missingness,0.0008645584394533948,MAP,LightGBM
AST_mean6,window_6h,0.0007961214810179182,AST,LightGBM
WBC_current,current,0.0007958215560527537,WBC,LightGBM
Bilirubin_total_std12,window_12_24h,0.0007787575134105639,Bilirubin_total,LightGBM
Fibrinogen_std12,window_12_24h,0.0006721869959174267,Fibrinogen,LightGBM
Calcium_current,current,0.0006128219695431189,Calcium,LightGBM
Calcium_mean6,window_6h,0.0005379082472385757,Calcium,LightGBM
FiO2_delta,delta,0.0005000029357365567,FiO2,LightGBM
Alkalinephos_mean6,window_6h,0.00038546025247360643,Alkalinephos,LightGBM
WBC_std6,window_6h,0.00038093464197304296,WBC,LightGBM
Bilirubin_direct_mean12,window_12_24h,0.00036504800341634797,Bilirubin_direct,LightGBM
PaCO2_std6,window_6h,0.0003154938622562953,PaCO2,LightGBM
Bilirubin_total_current,current,0.00018481188070700342,Bilirubin_total,LightGBM
pH_delta,delta,0.00017736209330077645,pH,LightGBM
Resp_delta,delta,0.00017647722248975277,Resp,LightGBM
Creatinine_std6,window_6h,0.00016623995955496423,Creatinine,LightGBM
Phosphate_delta,delta,0.00016076529530501766,Phosphate,LightGBM
Fibrinogen_mean6,window_6h,0.00015679254232713462,Fibrinogen,LightGBM
BUN_current,current,0.00012335050053056138,BUN,LightGBM
HCO3_delta,delta,0.00010454320732789379,HCO3,LightGBM
PTT_std6,window_6h,9.439881828538532e-05,PTT,LightGBM
BUN_delta,delta,7.083821630765602e-05,BUN,LightGBM
Bilirubin_direct_mean24,window_12_24h,5.314025243991056e-05,Bilirubin_direct,LightGBM
Bilirubin_direct_mean6,window_6h,1.1559520773010252e-05,Bilirubin_direct,LightGBM
HCO3_current,current,2.50748632811781e-06,HCO3,LightGBM
Platelets_std6,window_6h,0.0,Platelets,LightGBM
Platelets_missing,missingness,0.0,Platelets,LightGBM
Platelets_delta,delta,0.0,Platelets,LightGBM
Temp_missing,missingness,0.0,Temp,LightGBM
O2Sat_last,last_observed,0.0,O2Sat,LightGBM
O2Sat_missing,missingness,0.0,O2Sat,LightGBM
O2Sat_delta,delta,0.0,O2Sat,LightGBM
Magnesium_std6,window_6h,0.0,Magnesium,LightGBM
Magnesium_delta,delta,0.0,Magnesium,LightGBM
Magnesium_missing,missingness,0.0,Magnesium,LightGBM
Magnesium_current,current,0.0,Magnesium,LightGBM
Lactate_current,current,0.0,Lactate,LightGBM
Lactate_missing,missingness,0.0,Lactate,LightGBM
Chloride_current,current,0.0,Chloride,LightGBM
Chloride_missing,missingness,0.0,Chloride,LightGBM
Creatinine_delta,delta,0.0,Creatinine,LightGBM
Creatinine_missing,missingness,0.0,Creatinine,LightGBM
Chloride_delta,delta,0.0,Chloride,LightGBM
Bilirubin_direct_std6,window_6h,0.0,Bilirubin_direct,LightGBM
Bilirubin_direct_std12,window_12_24h,0.0,Bilirubin_direct,LightGBM
Bilirubin_direct_missing,missingness,0.0,Bilirubin_direct,LightGBM
Bilirubin_direct_delta,delta,0.0,Bilirubin_direct,LightGBM
Bilirubin_direct_current,current,0.0,Bilirubin_direct,LightGBM
PaCO2_delta,delta,0.0,PaCO2,LightGBM
PaCO2_missing,missingness,0.0,PaCO2,LightGBM
Potassium_delta,delta,0.0,Potassium,LightGBM
Bilirubin_total_missing,missingness,0.0,Bilirubin_total,LightGBM
AST_delta,delta,0.0,AST,LightGBM
AST_missing,missingness,0.0,AST,LightGBM
AST_std6,window_6h,0.0,AST,LightGBM
AST_std12,window_12_24h,0.0,AST,LightGBM
AST_current,current,0.0,AST,LightGBM
Phosphate_std6,window_6h,0.0,Phosphate,LightGBM
Phosphate_current,current,0.0,Phosphate,LightGBM
BUN_std6,window_6h,0.0,BUN,LightGBM
Alkalinephos_current,current,0.0,Alkalinephos,LightGBM
Alkalinephos_missing,missingness,0.0,Alkalinephos,LightGBM
Alkalinephos_delta,delta,0.0,Alkalinephos,LightGBM
Alkalinephos_std6,window_6h,0.0,Alkalinephos,LightGBM
Phosphate_missing,missingness,0.0,Phosphate,LightGBM
BUN_missing,missingness,0.0,BUN,LightGBM
Creatinine_current,current,0.0,Creatinine,LightGBM
Chloride_std6,window_6h,0.0,Chloride,LightGBM
Glucose_missing,missingness,0.0,Glucose,LightGBM
Calcium_std6,window_6h,0.0,Calcium,LightGBM
Calcium_missing,missingness,0.0,Calcium,LightGBM
Alkalinephos_std12,window_12_24h,0.0,Alkalinephos,LightGBM
pH_missing,missingness,0.0,pH,LightGBM
TroponinI_missing,missingness,0.0,TroponinI,LightGBM
Bilirubin_total_std6,window_6h,0.0,Bilirubin_total,LightGBM
TroponinI_current,current,0.0,TroponinI,LightGBM
Bilirubin_total_delta,delta,0.0,Bilirubin_total,LightGBM
SaO2_current,current,0.0,SaO2,LightGBM
SaO2_delta,delta,0.0,SaO2,LightGBM
SaO2_missing,missingness,0.0,SaO2,LightGBM
EtCO2_std6,window_6h,0.0,EtCO2,LightGBM
EtCO2_mean6,window_6h,0.0,EtCO2,LightGBM
EtCO2_delta,delta,0.0,EtCO2,LightGBM
EtCO2_last,last_observed,0.0,EtCO2,LightGBM
EtCO2_missing,missingness,0.0,EtCO2,LightGBM
EtCO2_current,current,0.0,EtCO2,LightGBM
Hct_missing,missingness,0.0,Hct,LightGBM
TroponinI_std24,window_12_24h,0.0,TroponinI,LightGBM
HCO3_std6,window_6h,0.0,HCO3,LightGBM
FiO2_missing,missingness,0.0,FiO2,LightGBM
HCO3_missing,missingness,0.0,HCO3,LightGBM
TroponinI_delta,delta,0.0,TroponinI,LightGBM
TroponinI_std12,window_12_24h,0.0,TroponinI,LightGBM
TroponinI_std6,window_6h,0.0,TroponinI,LightGBM
TroponinI_mean6,window_6h,0.0,TroponinI,LightGBM
Resp_missing,missingness,0.0,Resp,LightGBM
MAP_delta,delta,0.0,MAP,LightGBM
PTT_missing,missingness,0.0,PTT,LightGBM
EtCO2_std12,window_12_24h,0.0,EtCO2,LightGBM
EtCO2_mean12,window_12_24h,0.0,EtCO2,LightGBM
EtCO2_std24,window_12_24h,0.0,EtCO2,LightGBM
EtCO2_mean24,window_12_24h,0.0,EtCO2,LightGBM
DBP_missing,missingness,0.0,DBP,LightGBM
Temp_delta,delta,0.0,Temp,LightGBM
WBC_missing,missingness,0.0,WBC,LightGBM
Fibrinogen_current,current,0.0,Fibrinogen,LightGBM
Fibrinogen_missing,missingness,0.0,Fibrinogen,LightGBM
Fibrinogen_delta,delta,0.0,Fibrinogen,LightGBM
Fibrinogen_std6,window_6h,0.0,Fibrinogen,LightGBM
qSOFA_partial,clinical_composite,0.0,qSOFA_partial,LightGBM
HR_delta,delta,0.0,HR,LightGBM
HR_missing,missingness,0.0,HR,LightGBM
