Variable,MeanAbsSHAP
FiO2,0.4747669809030659
Temp,0.31469251782027563
Resp,0.309001665726731
ICULOS,0.30316547889418993
PTT,0.1848899239553132
Hct,0.18282839465326256
SBP,0.1772419399238632
WBC,0.15753733170567252
BUN,0.15503811122338051
MAP,0.1525287807218445
Calcium,0.1474575086875441
Lactate,0.1447882990149193
Unit1,0.1419237152017231
O2Sat,0.13786006625266853
Glucose,0.13777763438013937
HR,0.13384612761726397
Creatinine,0.1308180753259589
BaseExcess,0.10912262961906151
Hgb,0.10419721064150943
ShockIndex,0.0971774522296565
HospAdmTime,0.0933167916641072
Potassium,0.0899264717666122
PaCO2,0.08952065112435041
Phosphate,0.08549342238316562
Age,0.0818422889132679
DBP,0.07226388297471463
HCO3,0.07221339874332519
SaO2,0.07168756887419596
pH,0.07146763739842624
Magnesium,0.0674940145903177
Chloride,0.06560423627505778
Bilirubin_total,0.05955702497832156
Platelets,0.05894548920427061
TroponinI,0.05352388974232223
Gender,0.04738638319272982
Unit2,0.038730083548965205
Alkalinephos,0.03486162442715369
Fibrinogen,0.02775115121883201
BUN_Creatinine,0.025586459835923277
AST,0.020948465320924495
SIRS_partial,0.017388586941243546
MeasCount24,0.0076163661671522385
Bilirubin_direct,0.007563565181986361
EtCO2,0.0
qSOFA_partial,0.0
