Split,Metric,Comparator,Delta_SG_minus_comp,CI95_L,CI95_U,p_boot,Better_direction,p_Holm
A_test,AUROC,Logistic,0.04671318900592745,0.0342166186210314,0.05824708484439666,0.0,higher,0.0
A_test,AUROC,RandomForest,0.04865889530265857,0.03592367490088579,0.061224940440225833,0.0,higher,0.0
A_test,AUROC,ExtraTrees,0.038678573930261015,0.026354094646037978,0.05206043522356534,0.0,higher,0.0
A_test,AUROC,LightGBM,0.001464162893907275,-0.004732245203077912,0.00767039039128037,0.63,higher,1.0
A_test,AUROC,XGBoost,0.018058610901985163,0.011032948895957165,0.025720756086546972,0.0,higher,0.0
A_test,AUROC,Ensemble_Equal,0.0008795839619503618,-0.0002750728121626189,0.0019831766751002094,0.134,higher,0.402
A_test,AUROC,Ensemble_Raw,9.068072657214543e-10,-5.9517558909094605e-09,8.405694615354338e-09,0.942,higher,1.0
A_test,AUROC,CompactGRU,0.052306491939908974,0.03578252868816161,0.06866541960183546,0.0,higher,0.0
A_test,AUROC,LightGBM_tuned,-0.005828525016093009,-0.011580703519636018,-0.00017930089220759857,0.042,higher,0.168
A_test,AUROC,qSOFA_partial,0.2449537971069824,0.22004133684909408,0.26917446963280905,0.0,higher,0.0
A_test,AUROC,SIRS,0.1944797138241743,0.16726067768678626,0.2218278348445474,0.0,higher,0.0
A_test,AUROC,NEWS2_partial,0.17318951499225368,0.14750714034974066,0.19759326549566636,0.0,higher,0.0
A_test,AUROC,SOFA_partial,0.24110310756993397,0.20735163596581677,0.2731534235192818,0.0,higher,0.0
A_test,AUPRC,Logistic,0.018355078093974013,0.008367357541032322,0.029746170596287844,0.0,higher,0.0
A_test,AUPRC,RandomForest,0.03438443674091025,0.022883060226800214,0.04920726601746142,0.0,higher,0.0
A_test,AUPRC,ExtraTrees,0.04022930223255217,0.02693304323874886,0.05760245196450346,0.0,higher,0.0
A_test,AUPRC,LightGBM,-0.006636302578606619,-0.01440060169865601,0.001069069833252723,0.094,higher,0.188
A_test,AUPRC,XGBoost,0.009155902773337957,0.0035151928273108083,0.016918968525857444,0.0,higher,0.0
A_test,AUPRC,Ensemble_Equal,0.0010326724096233822,4.4819584211194496e-05,0.0022021118967844255,0.042,higher,0.168
A_test,AUPRC,Ensemble_Raw,-5.085666809623302e-10,-2.1514758169471904e-09,4.163336342344337e-17,0.55,higher,0.55
A_test,AUPRC,CompactGRU,0.01471447301264309,-0.0001495996057209708,0.03138124014212536,0.056,higher,0.168
A_test,AUPRC,LightGBM_tuned,-0.014471157306165529,-0.025215055859954594,-0.005914280659247729,0.0,higher,0.0
A_test,AUPRC,qSOFA_partial,0.0745762050975943,0.05826218100455983,0.0947776701659307,0.0,higher,0.0
A_test,AUPRC,SIRS,0.06897899852727171,0.05213392046233009,0.08892581478621749,0.0,higher,0.0
A_test,AUPRC,NEWS2_partial,0.06489759415677136,0.04845178334431471,0.08551500582342536,0.0,higher,0.0
A_test,AUPRC,SOFA_partial,0.06902882901286131,0.05167587092417659,0.08990563733147958,0.0,higher,0.0
A_test,Utility,Logistic,0.07177056730789771,0.04123803895651285,0.10137359897877492,0.0,higher,0.0
A_test,Utility,RandomForest,0.09781183852245152,0.0667182086250884,0.1297273264414655,0.0,higher,0.0
A_test,Utility,ExtraTrees,0.08278513029718028,0.05084840047979457,0.11400957673533005,0.0,higher,0.0
A_test,Utility,LightGBM,0.008626612758602185,-0.003670837561763722,0.021088691545002716,0.174,higher,0.608
A_test,Utility,XGBoost,0.036376930375465834,0.020166273626737098,0.05449509899262116,0.0,higher,0.0
A_test,Utility,Ensemble_Equal,0.004263834978393537,-0.0011753549758197173,0.010585587994155668,0.152,higher,0.608
A_test,Utility,Ensemble_Raw,0.0,0.0,0.0,1.0,higher,1.0
A_test,Utility,CompactGRU,0.09946059342267628,0.06569624343698346,0.13508788382217807,0.0,higher,0.0
A_test,Utility,LightGBM_tuned,-0.00969008467499406,-0.023878554365530373,0.003933427389044405,0.176,higher,0.608
A_test,Utility,qSOFA_partial,0.398066106275945,0.3483758157723168,0.43638780904698915,0.0,higher,0.0
A_test,Utility,SIRS,0.33744995479266593,0.2834698311795532,0.39527508610251416,0.0,higher,0.0
A_test,Utility,NEWS2_partial,0.2988924729248475,0.2526369971601008,0.3433981852910865,0.0,higher,0.0
A_test,Utility,SOFA_partial,0.3727359822706767,0.32269439482944207,0.4192311283134847,0.0,higher,0.0
A_test,Brier,Logistic,-0.15563403753608596,-0.1626485164278307,-0.1487242282446705,0.0,lower,0.0
A_test,Brier,RandomForest,-0.001161456464048612,-0.0012928432693217104,-0.001029822440805494,0.0,lower,0.0
A_test,Brier,ExtraTrees,-0.0031515565714871057,-0.0033567199773653815,-0.002944559663687316,0.0,lower,0.0
A_test,Brier,LightGBM,-0.06726990208506389,-0.07346041559377502,-0.06152585976688863,0.0,lower,0.0
A_test,Brier,XGBoost,-0.06570565423847685,-0.0717017585442614,-0.05999776643509672,0.0,lower,0.0
A_test,Brier,Ensemble_Equal,-0.033490909457485014,-0.03636129519685524,-0.03098217718741515,0.0,lower,0.0
A_test,Brier,Ensemble_Raw,-0.04007839090376362,-0.04359462907099167,-0.03699437641361869,0.0,lower,0.0
A_test,Brier,CompactGRU,-0.1415659540087553,-0.14974112551966406,-0.1334126636433427,0.0,lower,0.0
A_test,Brier,LightGBM_tuned,-0.09365654931690237,-0.10118332830573191,-0.08678488760241568,0.0,lower,0.0
A_test,Brier,qSOFA_partial,-0.11291606031691699,-0.11685662355761549,-0.10891588920143985,0.0,lower,0.0
A_test,Brier,SIRS,-0.1307784006078097,-0.13515844969025326,-0.12673852930241836,0.0,lower,0.0
A_test,Brier,NEWS2_partial,-0.04198382136687476,-0.043478521553961265,-0.04050484887603845,0.0,lower,0.0
A_test,Brier,SOFA_partial,-0.018479805708378295,-0.020064945293226163,-0.016897111344350534,0.0,lower,0.0
B_test,AUROC,Logistic,0.06106417897606626,0.04994603184285063,0.07220451658231819,0.0,higher,0.0
B_test,AUROC,RandomForest,-0.025150066685812603,-0.03710455354397072,-0.01337005995455899,0.0,higher,0.0
B_test,AUROC,ExtraTrees,-0.036245178403036996,-0.04747049809918454,-0.025502294827161823,0.0,higher,0.0
B_test,AUROC,LightGBM,0.014825942325972907,0.005594332534824967,0.023278592397551614,0.0,higher,0.0
B_test,AUROC,XGBoost,0.07611355396985896,0.06483224206713428,0.08707055965931126,0.0,higher,0.0
B_test,AUROC,Ensemble_Equal,-0.001981108167491273,-0.00329937348249823,-0.0006898490674180062,0.006,higher,0.024
B_test,AUROC,Ensemble_Raw,1.2887707668829407e-09,-1.9706442561107098e-09,4.780474344157069e-09,0.472,higher,0.472
B_test,AUROC,CompactGRU,0.013675946436726184,-0.001878275630102599,0.029728731087825987,0.098,higher,0.196
B_test,AUROC,LightGBM_tuned,-0.014059666001168755,-0.023100162282613683,-0.005601577872212627,0.008,higher,0.024
B_test,AUROC,qSOFA_partial,0.15440318774639694,0.13741343255645033,0.17059940659872397,0.0,higher,0.0
B_test,AUROC,SIRS,0.07583536870396174,0.05978743030606777,0.09127978708088128,0.0,higher,0.0
B_test,AUROC,NEWS2_partial,0.04358121952364796,0.027466392094434303,0.0591722084720027,0.0,higher,0.0
B_test,AUROC,SOFA_partial,0.11431025868325452,0.09396074934601249,0.135157924637963,0.0,higher,0.0
B_test,AUPRC,Logistic,0.00995962752943198,0.003792906611254965,0.0162118650584966,0.0,higher,0.0
B_test,AUPRC,RandomForest,0.017730131919028794,0.012240640390962126,0.024560657556440223,0.0,higher,0.0
B_test,AUPRC,ExtraTrees,0.015904069601695735,0.010370447642029641,0.022782599416905858,0.0,higher,0.0
B_test,AUPRC,LightGBM,-0.001020436829396155,-0.004728893832730509,0.0026714089351710657,0.564,higher,1.0
B_test,AUPRC,XGBoost,0.015323189801653701,0.011974349786234231,0.019152061315087746,0.0,higher,0.0
B_test,AUPRC,Ensemble_Equal,-5.53190441076271e-05,-0.0006433169293284423,0.0005701121595376086,0.832,higher,1.0
B_test,AUPRC,Ensemble_Raw,-1.836755710186988e-09,-5.398999432769391e-09,-4.213799186317258e-10,0.0,higher,0.0
B_test,AUPRC,CompactGRU,0.02055027384608695,0.01409253127817703,0.027693209483355737,0.0,higher,0.0
B_test,AUPRC,LightGBM_tuned,-0.008173359797006459,-0.012634614558260367,-0.0033735392212794,0.0,higher,0.0
B_test,AUPRC,qSOFA_partial,0.03712960525405844,0.03026166412462283,0.04511034621973284,0.0,higher,0.0
B_test,AUPRC,SIRS,0.028520835227253297,0.02144495758571393,0.03661053969124386,0.0,higher,0.0
B_test,AUPRC,NEWS2_partial,0.02121379212209071,0.013832176279959465,0.02950970922129343,0.0,higher,0.0
B_test,AUPRC,SOFA_partial,0.03197808716106507,0.02502465095159335,0.0402715635603443,0.0,higher,0.0
B_test,Utility,Logistic,0.05748264110035384,0.03189756106980771,0.08322497456840032,0.0,higher,0.0
B_test,Utility,RandomForest,0.004903463402219891,-0.017266963374898955,0.02868499755658914,0.654,higher,1.0
B_test,Utility,ExtraTrees,-0.02734261598685848,-0.050847897304640066,-0.0032351344623875638,0.026,higher,0.13
B_test,Utility,LightGBM,-0.009902762294083996,-0.020138065311924365,9.963669732913518e-05,0.054,higher,0.216
B_test,Utility,XGBoost,0.08140751542825089,0.06720034993687315,0.0974642053495308,0.0,higher,0.0
B_test,Utility,Ensemble_Equal,-0.003865329160774488,-0.008520779814676225,0.0004365850654546234,0.076,higher,0.22799999999999998
B_test,Utility,Ensemble_Raw,0.0,0.0,0.0,1.0,higher,1.0
B_test,Utility,CompactGRU,0.0779511835997404,0.04349058617323537,0.1128206631383506,0.0,higher,0.0
B_test,Utility,LightGBM_tuned,-0.05320246738029055,-0.06675972400315315,-0.04069618403835349,0.0,higher,0.0
B_test,Utility,qSOFA_partial,0.17737066025893247,0.14767128557128822,0.20545693144488422,0.0,higher,0.0
B_test,Utility,SIRS,0.21555472464241945,0.17337613835290616,0.25964476793123453,0.0,higher,0.0
B_test,Utility,NEWS2_partial,0.0942732913898833,0.06126770075358314,0.12683871147384945,0.0,higher,0.0
B_test,Utility,SOFA_partial,0.16984509829337077,0.14005121304509174,0.1999796016993844,0.0,higher,0.0
B_test,Brier,Logistic,-0.13395663224443263,-0.13724139847285688,-0.13078791134195647,0.0,lower,0.0
B_test,Brier,RandomForest,-0.0010273833726777424,-0.0011031776680606132,-0.0009531402179959226,0.0,lower,0.0
B_test,Brier,ExtraTrees,-0.002932015038568334,-0.0030383929166363064,-0.002823140487835441,0.0,lower,0.0
B_test,Brier,LightGBM,-0.03077964726510144,-0.03291247075261447,-0.02874757207383001,0.0,lower,0.0
B_test,Brier,XGBoost,-0.02367254218639787,-0.024977157230092185,-0.022516199331901927,0.0,lower,0.0
B_test,Brier,Ensemble_Equal,-0.018452743333483616,-0.019264560030817248,-0.017642437898550124,0.0,lower,0.0
B_test,Brier,Ensemble_Raw,-0.020601937712597926,-0.02156046680966518,-0.019631957648097678,0.0,lower,0.0
B_test,Brier,CompactGRU,-0.1693438408988769,-0.1747748519524877,-0.1639940573721406,0.0,lower,0.0
B_test,Brier,LightGBM_tuned,-0.0483259639618253,-0.051349093287085965,-0.04534902892983114,0.0,lower,0.0
B_test,Brier,qSOFA_partial,-0.09363558240478763,-0.09574515202335,-0.09156106896761249,0.0,lower,0.0
B_test,Brier,SIRS,-0.10040944690762364,-0.10242740787350031,-0.09837617611297032,0.0,lower,0.0
B_test,Brier,NEWS2_partial,-0.02892424819783487,-0.029650018524821437,-0.028180740541448927,0.0,lower,0.0
B_test,Brier,SOFA_partial,-0.018220594011067657,-0.019201665469448348,-0.017286238596426147,0.0,lower,0.0
