Split,Model,Metric,Mean,CI95_L,CI95_U,Reps
A_test,SepsisGuard_CP,AUROC,0.8121113059156946,0.7909253894285825,0.8318175165038352,1000
A_test,SepsisGuard_CP,AUPRC,0.10060150107678285,0.08276950535437803,0.12114098743474434,1000
A_test,SepsisGuard_CP,Utility,0.41205404695249226,0.3608556069362465,0.45215109155219146,1000
A_test,SepsisGuard_CP,Brier,0.02042423474036117,0.018670160816362247,0.022388393324965606,1000
A_test,Logistic,AUROC,0.7653981169097672,0.7434966820866632,0.7875109918859811,1000
A_test,Logistic,AUPRC,0.08224642298280883,0.06808434882212418,0.10063355138744498,1000
A_test,Logistic,Utility,0.34028347964459454,0.29361662479783446,0.381202380428385,1000
A_test,Logistic,Brier,0.17605827227644716,0.1686778661786317,0.18354029497418228,1000
A_test,RandomForest,AUROC,0.763452410613036,0.7435421010266409,0.7827693803721049,1000
A_test,RandomForest,AUPRC,0.06621706433587261,0.05651926288355094,0.07564548718355028,1000
A_test,RandomForest,Utility,0.3142422084300407,0.26740956058457904,0.3598286379275584,1000
A_test,RandomForest,Brier,0.02158569120440979,0.019891285936353434,0.023586974650895355,1000
A_test,ExtraTrees,AUROC,0.7734327319854336,0.7547701293882295,0.7914413610511335,1000
A_test,ExtraTrees,AUPRC,0.060372198844230666,0.053195511427484236,0.06704696808016544,1000
A_test,ExtraTrees,Utility,0.32926891665531194,0.28184800845626623,0.3725769307944579,1000
A_test,ExtraTrees,Brier,0.023575791311848282,0.021953916777386673,0.025451099923417854,1000
A_test,LightGBM,AUROC,0.8106471430217873,0.7890455143357066,0.8312568903636374,1000
A_test,LightGBM,AUPRC,0.10723780365538946,0.0898988348754938,0.12572602874090136,1000
A_test,LightGBM,Utility,0.4034274341938901,0.3542018615797174,0.44459038293692454,1000
A_test,LightGBM,Brier,0.08769413682542507,0.08126735328182004,0.09434217051388734,1000
A_test,XGBoost,AUROC,0.7940526950137095,0.7720327938854187,0.8140792913636694,1000
A_test,XGBoost,AUPRC,0.0914455983034449,0.07615419808243026,0.10770251493111388,1000
A_test,XGBoost,Utility,0.37567711657702646,0.3276509724472548,0.41746747299120024,1000
A_test,XGBoost,Brier,0.08612988897883804,0.07973720466670525,0.09289647028440635,1000
A_test,Ensemble_Equal,AUROC,0.8112317219537443,0.7900504195391254,0.8307533846607746,1000
A_test,Ensemble_Equal,AUPRC,0.09956882866715946,0.08203663014404232,0.11987085745675037,1000
A_test,Ensemble_Equal,Utility,0.4077902119740987,0.35848713487870465,0.44834527127821144,1000
A_test,Ensemble_Equal,Brier,0.05391514419784619,0.05070282441462382,0.05720362060168872,1000
A_test,Ensemble_Raw,AUROC,0.8121113050088874,0.7909253750201409,0.8318175173882315,1000
A_test,Ensemble_Raw,AUPRC,0.10060150158534953,0.08276950537693246,0.1211409891837644,1000
A_test,Ensemble_Raw,Utility,0.41205404695249226,0.3608556069362465,0.45215109155219146,1000
A_test,Ensemble_Raw,Brier,0.06050262564412479,0.05672030611698523,0.06436346426471272,1000
A_test,CompactGRU,AUROC,0.7598048139757857,0.7369188408499106,0.7823133141613149,1000
A_test,CompactGRU,AUPRC,0.08588702806413977,0.07061443007010687,0.10043561572494808,1000
A_test,CompactGRU,Utility,0.312593453529816,0.2667128085222351,0.354581198120318,1000
A_test,CompactGRU,Brier,0.16199018874911641,0.1535288009236297,0.1706452642241538,1000
A_test,LightGBM_tuned,AUROC,0.8179398309317876,0.7969129058935489,0.8375367756008905,1000
A_test,LightGBM_tuned,AUPRC,0.11507265838294836,0.09565732383225715,0.13716716117498906,1000
A_test,LightGBM_tuned,Utility,0.42174413162748636,0.3727233517984736,0.46227685630030624,1000
A_test,LightGBM_tuned,Brier,0.11408078405726355,0.10651642987373705,0.12179968564903053,1000
A_test,qSOFA_partial,AUROC,0.5671575088087121,0.5471427868191657,0.5875034030435283,1000
A_test,qSOFA_partial,AUPRC,0.026025295979188543,0.023178968598716248,0.029352760455076603,1000
A_test,qSOFA_partial,Utility,0.01398794067654731,-0.003355973647987917,0.03134157118850511,1000
A_test,qSOFA_partial,Brier,0.13334029505727818,0.12912584663644183,0.1372875895273964,1000
A_test,SIRS,AUROC,0.6176315920915204,0.5940932589782576,0.6397790063887726,1000
A_test,SIRS,AUPRC,0.03162250254951113,0.027812584780429646,0.035735177827925436,1000
A_test,SIRS,Utility,0.0746040921598263,0.014830541876965747,0.1303400372150269,1000
A_test,SIRS,Brier,0.15120263534817088,0.1469179484257193,0.15575228170446895,1000
A_test,NEWS2_partial,AUROC,0.638921790923441,0.6160513028255973,0.6612683202561728,1000
A_test,NEWS2_partial,AUPRC,0.03570390692001148,0.03097430322966834,0.04105186113774512,1000
A_test,NEWS2_partial,Utility,0.1131615740276448,0.07015917968335467,0.15271533131659992,1000
A_test,NEWS2_partial,Brier,0.06240805610723594,0.060448297298547955,0.06425864029224997,1000
A_test,SOFA_partial,AUROC,0.5710081983457607,0.5444801048678034,0.5963863854717588,1000
A_test,SOFA_partial,AUPRC,0.03157267206392154,0.02665852835469346,0.03757110508326933,1000
A_test,SOFA_partial,Utility,0.03931806468181554,0.01729409643550455,0.06377258771218439,1000
A_test,SOFA_partial,Brier,0.03890404044873947,0.03674136658172431,0.04142851567196217,1000
B_test,SepsisGuard_CP,AUROC,0.7380744724165171,0.7232060849904028,0.7538786863515775,1000
B_test,SepsisGuard_CP,AUPRC,0.05592388947545509,0.04855071943056645,0.06429054479393274,1000
B_test,SepsisGuard_CP,Utility,0.19731218580695284,0.16868282118978029,0.2248271057391519,1000
B_test,SepsisGuard_CP,Brier,0.013729683397658995,0.012879290693639668,0.014530239487497609,1000
B_test,Logistic,AUROC,0.6770102934404508,0.6600313583953922,0.6944493142736354,1000
B_test,Logistic,AUPRC,0.045964261946023106,0.039919874665873066,0.05251222026054045,1000
B_test,Logistic,Utility,0.139829544706599,0.10738563002768926,0.16972280359658606,1000
B_test,Logistic,Brier,0.1476863156420916,0.14453926883066096,0.15111975221364055,1000
B_test,RandomForest,AUROC,0.7632245391023297,0.7516458693899066,0.7745043543131472,1000
B_test,RandomForest,AUPRC,0.038193757556426296,0.03530164033400122,0.04130030073574553,1000
B_test,RandomForest,Utility,0.19240872240473295,0.16264777304220449,0.222675471931102,1000
B_test,RandomForest,Brier,0.014757066770336736,0.013931311401611766,0.015534113176931876,1000
B_test,ExtraTrees,AUROC,0.7743196508195541,0.7627876357273775,0.7860494102107319,1000
B_test,ExtraTrees,AUPRC,0.040019819873759355,0.037034919776356034,0.04314270154636814,1000
B_test,ExtraTrees,Utility,0.2246548017938113,0.19583918085734947,0.25353851654437687,1000
B_test,ExtraTrees,Brier,0.01666169843622733,0.015897442674611614,0.017409281916270655,1000
B_test,LightGBM,AUROC,0.7232485300905441,0.7078671679342168,0.739171903946466,1000
B_test,LightGBM,AUPRC,0.056944326304851245,0.049750381411007405,0.06508632479436137,1000
B_test,LightGBM,Utility,0.20721494810103683,0.1781966093325251,0.23522548735120755,1000
B_test,LightGBM,Brier,0.04450933066276044,0.042289489772169835,0.046722694248218906,1000
B_test,XGBoost,AUROC,0.661960918446658,0.6451402780263437,0.6795026971581626,1000
B_test,XGBoost,AUPRC,0.040600699673801394,0.035069754050397216,0.04680729917889285,1000
B_test,XGBoost,Utility,0.11590467037870193,0.09154406103833854,0.13932329101782612,1000
B_test,XGBoost,Brier,0.03740222558405686,0.03591885187851299,0.03893548413337446,1000
B_test,Ensemble_Equal,AUROC,0.7400555805840083,0.7254241260647722,0.7559347865638701,1000
B_test,Ensemble_Equal,AUPRC,0.055979208519562715,0.04869863980116913,0.06417471807278387,1000
B_test,Ensemble_Equal,Utility,0.20117751496772734,0.1727200334132308,0.22814101033938192,1000
B_test,Ensemble_Equal,Brier,0.03218242673114261,0.031116456079349847,0.03330555890995323,1000
B_test,Ensemble_Raw,AUROC,0.7380744711277464,0.7232060837524907,0.7538786869794145,1000
B_test,Ensemble_Raw,AUPRC,0.0559238913122108,0.048550720016248446,0.06429054813279324,1000
B_test,Ensemble_Raw,Utility,0.19731218580695284,0.16868282118978029,0.2248271057391519,1000
B_test,Ensemble_Raw,Brier,0.03433162111025692,0.033135648895973244,0.03557320054641476,1000
B_test,CompactGRU,AUROC,0.7243985259797909,0.7107406920803385,0.7389351418456759,1000
B_test,CompactGRU,AUPRC,0.03537361562936814,0.03186953606666977,0.039310744238445626,1000
B_test,CompactGRU,Utility,0.11936100220721244,0.08263739805413262,0.15662346732536034,1000
B_test,CompactGRU,Brier,0.18307352429653587,0.17753277965522624,0.18871198516843937,1000
B_test,LightGBM_tuned,AUROC,0.7521341384176858,0.7382332886784613,0.7669148383621064,1000
B_test,LightGBM_tuned,AUPRC,0.06409724927246153,0.05589472551252785,0.07363816182705567,1000
B_test,LightGBM_tuned,Utility,0.2505146531872434,0.22172450962481213,0.2803178615866787,1000
B_test,LightGBM_tuned,Brier,0.06205564735948429,0.058920145555073626,0.06517804299180611,1000
B_test,qSOFA_partial,AUROC,0.5836712846701201,0.5712360634119283,0.5961473637984227,1000
B_test,qSOFA_partial,AUPRC,0.018794284221396652,0.017329913647216522,0.02035988761693121,1000
B_test,qSOFA_partial,Utility,0.019941525548020363,0.008673508958407572,0.03191123777562357,1000
B_test,qSOFA_partial,Brier,0.10736526580244662,0.1051711530028021,0.10955270023522001,1000
B_test,SIRS,AUROC,0.6622391037125553,0.6491136273470929,0.6760548781838874,1000
B_test,SIRS,AUPRC,0.027403054248201792,0.024694881855653092,0.03036728740959565,1000
B_test,SIRS,Utility,-0.01824253883546661,-0.05977159321690365,0.020840546820454553,1000
B_test,SIRS,Brier,0.11413913030528267,0.11210479353494536,0.11624321776912551,1000
B_test,NEWS2_partial,AUROC,0.6944932528928691,0.6814222287566037,0.7087251127590545,1000
B_test,NEWS2_partial,AUPRC,0.034710097353364375,0.030696182115351335,0.038902812686889506,1000
B_test,NEWS2_partial,Utility,0.10303889441706954,0.07641940181447683,0.12951474960762188,1000
B_test,NEWS2_partial,Brier,0.04265393159549387,0.04170967703195874,0.04356334986962579,1000
B_test,SOFA_partial,AUROC,0.6237642137332626,0.6068477241896402,0.6385817093450361,1000
B_test,SOFA_partial,AUPRC,0.023945802314390016,0.02136683324967967,0.026740960617025016,1000
B_test,SOFA_partial,Utility,0.0274670875135821,0.01306938992069221,0.04242903674006391,1000
B_test,SOFA_partial,Brier,0.031950277408726656,0.030764098451838355,0.033154031443794266,1000
