Model,Split,AUROC_mean,AUROC_std,AUPRC_mean,AUPRC_std,Utility_mean,Utility_std,ECE_mean,ECE_std,Seeds
Ensemble_Equal,A_test,0.8067643735346134,0.009123158330354701,0.102906407201449,0.005065187334861174,0.39408857016718096,0.02538308843932961,0.1522791182727565,0.0011597932350568777,3
Ensemble_Equal,B_test,0.7336573696263184,0.006107924285704196,0.05168728623685254,0.003472718498216223,0.19830276652887027,0.007753095511551843,0.1179079627982842,0.0077976171722608624,3
ExtraTrees,A_test,0.7720863109971011,0.009358092145707859,0.0609721586844049,0.0020226462390586105,0.3279139447939294,0.018269769751666026,0.035679238986489885,0.0002188017780279256,3
ExtraTrees,B_test,0.7710999532392351,0.0028412960728238343,0.03938262497640773,0.0006027750908000103,0.21156123769058766,0.012807648673297133,0.03415516817850606,0.0016568210458032474,3
LightGBM,A_test,0.8056007189668976,0.007543092563735887,0.10562959674789536,0.0021797443975685327,0.39108378159686086,0.013212310434865074,0.18128454733390176,0.0024647818901921068,3
LightGBM,B_test,0.7182873341717574,0.00559326919012181,0.05158523050652375,0.004357194353397894,0.1889831796372851,0.01821854564772087,0.11174188603806207,0.01105162815458392,3
Logistic,A_test,0.7633818464083605,0.01045631385207264,0.08234079860185349,0.0032264751546453967,0.3331972407718726,0.025344484027691534,0.34634165033369696,0.0019398538466449606,3
Logistic,B_test,0.6696215611952013,0.019603287936892397,0.043565010599855625,0.0030444703849617865,0.11057086556352881,0.05805201352317792,0.3198259911314573,0.010140569758438488,3
RandomForest,A_test,0.7589489956694483,0.010010263509293895,0.06599771042310024,0.0030804169912079077,0.3098971959005307,0.014124542515680186,0.01386013740773611,0.00021909025035654294,3
RandomForest,B_test,0.7623229123483809,0.0008702971622089786,0.037994020957590906,0.0007973441333633349,0.19381295184531055,0.0015926676145280798,0.01636084155951352,0.000993948884421621,3
SepsisGuard_CP,A_test,0.807397315738427,0.008771057442526603,0.10348599384582269,0.004713969669628155,0.3972197049499721,0.02422524828882311,0.0009965860299901213,0.0006135988974524046,3
SepsisGuard_CP,B_test,0.7310507255542881,0.006022016597881032,0.051613003646814405,0.0036026162575285045,0.19642827496459317,0.009249699605125242,0.002629055085922091,4.90602261024423e-05,3
XGBoost,A_test,0.7917247266359372,0.007776474205187421,0.09358230972026517,0.0031558227529715085,0.3589538501984591,0.01524723545527959,0.18423417559338204,0.002993993569754807,3
XGBoost,B_test,0.6630444217553929,0.010775722572293814,0.03917913134081174,0.00234761818966635,0.10062678870401089,0.025161002221307942,0.10745593689903671,0.015341803911186938,3
