Seed,Model,Split,AUROC,AUPRC,Utility,ECE
42,Logistic,A_test,0.7648862225280579,0.0805128562751314,0.34036497667835125,0.34509385175858853
42,Logistic,B_test,0.6765726284621887,0.04544531783753496,0.1393750502848517,0.3138540998924772
42,RandomForest,A_test,0.7630577399896823,0.06570256010906932,0.3144793715029401,0.014076286026692884
42,RandomForest,B_test,0.7631438782021625,0.03805966538553063,0.1924191515365137,0.015330289683098158
42,ExtraTrees,A_test,0.7732052865618613,0.0602262656528769,0.32977191332516365,0.03576522868548826
42,ExtraTrees,B_test,0.7743168080985725,0.039923823739541564,0.22464053514575924,0.033009245595679575
42,LightGBM,A_test,0.8102054149531301,0.10612615276684126,0.40341987517455613,0.18403618419742063
42,LightGBM,B_test,0.7231143024475956,0.056494722177014046,0.20740039768134164,0.1037554028036951
42,XGBoost,A_test,0.7933721124639349,0.09018325140393695,0.37537119895123827,0.18622064384676912
42,XGBoost,B_test,0.6620151206372782,0.040269889143151064,0.11586932451640342,0.09598686796218635
42,Ensemble_Equal,A_test,0.8106258227476968,0.09791036021419713,0.40739168020367256,0.15303843694092206
42,Ensemble_Equal,B_test,0.7397956341654113,0.055486685776774985,0.2009708328703935,0.11238717896745093
42,SepsisGuard_CP,A_test,0.8115105238946035,0.09890363990799896,0.4117548709472104,0.0007398670833080357
42,SepsisGuard_CP,B_test,0.7378379602111149,0.055436801743017475,0.19721699685456287,0.002572848395163465
1234,Logistic,A_test,0.7730044903346651,0.08606619503741676,0.354185929505131,0.3453545617307594
1234,Logistic,B_test,0.6848021497692856,0.04519723592741118,0.14858800136391684,0.31408934875780553
1234,RandomForest,A_test,0.7662511207496829,0.06921507931240749,0.3211617508852204,0.013865906713333853
1234,RandomForest,B_test,0.762414354167585,0.038756513633346666,0.19554888070709148,0.016438617203600646
1234,ExtraTrees,A_test,0.7808346053819002,0.06326182909721731,0.34518373662676455,0.03543050511099464
1234,ExtraTrees,B_test,0.7689330931959845,0.03949105822427495,0.21099945213456797,0.03340140340420612
1234,LightGBM,A_test,0.8097011693136376,0.10324441449892831,0.3926894561471792,0.17927903001004222
1234,LightGBM,B_test,0.7121576768434171,0.05008327598438042,0.17097002831276614,0.1071153510324105
1234,XGBoost,A_test,0.7985455180743477,0.0941442892444253,0.35625255123835925,0.18079054243705125
1234,XGBoost,B_test,0.6528202827475937,0.03648456730873101,0.07158532333638558,0.10149789720517231
1234,Ensemble_Equal,A_test,0.8133218127696692,0.10277084784786535,0.41005496435386035,0.1509441073184756
1234,Ensemble_Equal,B_test,0.7335962301120794,0.05089808010482039,0.2043695141621299,0.11450852168146325
1234,SepsisGuard_CP,A_test,0.8133558590487573,0.10323295495566175,0.410650174196182,0.0005530406652980899
1234,SepsisGuard_CP,B_test,0.7289665998027974,0.05111982584991555,0.20525835877906493,0.0026510337500283998
2025,Logistic,A_test,0.7522548263623585,0.08044334449301228,0.3050408161321356,0.348576537511743
2025,Logistic,B_test,0.6474899053541301,0.04005247803462073,0.04374954504181789,0.3315345247440892
2025,RandomForest,A_test,0.7475381262689795,0.0630754918478239,0.29405046531343165,0.013638219483181594
2025,RandomForest,B_test,0.7614105046753951,0.03716588385389542,0.1934708232923265,0.017313617791841752
2025,ExtraTrees,A_test,0.7622190410475416,0.0594283813031205,0.30878618442986,0.035841983162986764
2025,ExtraTrees,B_test,0.7700499584231484,0.038732992965406665,0.19904372579143575,0.03605485553563248
2025,LightGBM,A_test,0.7968955726339249,0.10751822297791651,0.3771420134688473,0.18053842779424248
2025,LightGBM,B_test,0.7195900232242592,0.048177693358176774,0.18857911291774745,0.12435490427808059
2025,XGBoost,A_test,0.7832565493695292,0.09641938851243329,0.3452378004057799,0.1856913404963257
2025,XGBoost,B_test,0.6742978618813069,0.040782937570553145,0.11442571825924369,0.12488304552975145
2025,Ensemble_Equal,A_test,0.7963454850864742,0.10803801354228454,0.36481906594401,0.15285481055887182
2025,Ensemble_Equal,B_test,0.7275802446014648,0.04867709282896224,0.1895679525540875,0.12682818774593838
2025,SepsisGuard_CP,A_test,0.7973255642719201,0.10832138667380738,0.3692540697065239,0.0016968503413642385
2025,SepsisGuard_CP,B_test,0.726347616648952,0.04828238334751021,0.18680946926015177,0.0026632831125744084
