ThresholdProb,TreatAll,TreatNone,SepsisGuard_CP,Ensemble_Raw
0.01,0.011998887867805445,0.0,0.014698714798019662,0.012002424365880176
0.02,0.0019172438664565201,0.0,0.010935097436728873,0.002050014108462117
0.03,-0.008372269083373823,0.0,0.00841085701700573,-0.007622429407050459
0.04,-0.018876146886325634,0.0,0.006758247820809885,-0.016585291845967125
0.05,-0.029601158958813274,0.0,0.00564302245951752,-0.02445399075566849
0.06,-0.04055436277752404,0.0,0.004569622029319044,-0.031243109472102265
0.07,-0.051743119366529707,0.0,0.003505582236722319,-0.037089491289126114
0.08,-0.06317510979442675,0.0,0.002794817548066544,-0.041958796783717986
0.09,-0.07485835275920066,0.0,0.002182664431537703,-0.04603014178294905
0.1,-0.08680122334541401,0.0,0.0016246672155311673,-0.04953502123313444
0.11,-0.09901247304592428,0.0,0.001233013961331469,-0.05232988784644051
0.12,-0.11150125114871884,0.0,0.0009175283504975658,-0.05469174982581138
0.13,-0.12427712759870416,0.0,0.0007124458293858694,-0.05686769389984814
0.14,-0.13735011745450304,0.0,0.0004097732094776041,-0.05850282370455115
0.15,-0.15073070707161484,0.0,0.0001954643288833366,-0.05995362777300975
0.16,-0.16442988215580073,0.0,-9.093852192164006e-06,-0.061143727727640346
0.17,-0.17845915784442484,0.0,-5.706118339372313e-05,-0.06206408400387893
0.18,-0.192830610988869,0.0,-0.00013119545296743913,-0.06296341494466812
0.19,-0.20755691482823777,0.0,-0.00016873025258769476,-0.06349302901217277
0.2,-0.22265137626359074,0.0,-0.00019256232016907297,-0.06391159320652867
0.21,-0.23812797596312982,0.0,-0.00017203496330619122,-0.06413737398741107
0.22,-0.2540014115524008,0.0,-0.00012013211921545891,-0.0640630641394525
0.23,-0.2702871441699644,0.0,-5.8117982646284545e-05,-0.06387075354304748
0.24,-0.28700144869851657,0.0,-6.700733194226144e-07,-0.0636308324856906
0.25,-0.3041614680144968,0.0,2.12189884483827e-06,-0.06295037302981692
0.26,-0.3217852716363144,0.0,2.2710052501512277e-05,-0.06198984103651433
0.27,-0.33989191919297623,0.0,1.2208185134685904e-06,-0.06149934302523712
0.28,-0.3585015291817676,0.0,-2.1218988448382717e-06,-0.06110113818654038
0.29,-0.3776353535364403,0.0,-7.800219697222369e-06,-0.060018207685242665
0.3,-0.3973158585869609,0.0,-2.728155657649203e-06,-0.05945378686192987
0.31,-0.4175668130592357,0.0,-2.859950616955928e-06,-0.05854263559025875
0.32,-0.4384133838395186,0.0,-2.9956218985952035e-06,-0.05767658067734008
0.33,-0.45988224031473535,0.0,0.0,-0.05648263532995782
0.34,-0.4820016681982919,0.0,0.0,-0.055435571820874725
0.35,-0.5048016938628809,0.0,0.0,-0.05423083778442421
0.36,-0.5283142203294884,0.0,0.0,-0.05309746836248823
0.37,-0.5525731762077343,0.0,0.0,-0.05191094168254049
0.38,-0.5776146790497945,0.0,0.0,-0.05072207533206348
0.39,-0.6034772147719223,0.0,0.0,-0.049654520082833366
0.4,-0.630201835018121,0.0,0.0,-0.04859148354679636
