Alpha,Nominal,Split,Method,Coverage_SepsisRows,Coverage_NonSepsisRows,PatientCov_SepticHours,PatientCov_NonSepticHours,MeanSetSize,AmbiguousRate
0.05,0.95,A_test,mondrian,0.9429735234215886,0.9482021411603918,0.88268156424581,0.8546222664015904,1.5793611386957962,0.5793611386957961
0.05,0.95,A_test,patient_mondrian,0.9799243526331103,0.9765123165533175,0.9553072625698324,0.9565109343936382,1.7769587248236702,0.7769587248236702
0.05,0.95,B_test_unchanged,mondrian,0.7924003707136237,0.9852869086167626,0.6050328227571116,0.9582806573957017,1.4610976872626855,0.4610976872626855
0.05,0.95,B_test_unchanged,patient_mondrian,0.8957367933271547,0.9967285714762113,0.7691466083150985,0.9905815423514539,1.705693903381166,0.7056939033811661
0.05,0.95,B_test_B_CAL_recalibrated,mondrian,0.9457831325301205,0.9577265405893907,0.8610503282275711,0.8346396965865992,1.7961322879168926,0.7961322879168927
0.05,0.95,B_test_B_CAL_recalibrated,patient_mondrian,0.982159406858202,0.9842331151269388,0.9485776805251641,0.95448798988622,1.9227361638476586,0.9227361638476586
0.1,0.9,A_test,mondrian,0.8780913587430899,0.9020923497445577,0.7821229050279329,0.7040258449304175,1.3609349935069894,0.36093499350698954
0.1,0.9,A_test,patient_mondrian,0.9429735234215886,0.9593700172464287,0.88268156424581,0.8956262425447317,1.5913795737529601,0.59137957375296
0.1,0.9,B_test_unchanged,mondrian,0.6383225208526413,0.9649530294895438,0.4442013129102845,0.8692793931731985,1.2384469977152062,0.2384469977152062
0.1,0.9,B_test_unchanged,patient_mondrian,0.7924003707136237,0.9901657056914853,0.6050328227571116,0.9737673830594185,1.4663214819928663,0.46632148199286616
0.1,0.9,B_test_B_CAL_recalibrated,mondrian,0.8862372567191844,0.9075379582417655,0.7461706783369803,0.5422882427307206,1.5914344888801224,0.5914344888801223
0.1,0.9,B_test_B_CAL_recalibrated,patient_mondrian,0.9606116774791473,0.972461308104539,0.8949671772428884,0.9051833122629582,1.8546427338626166,0.8546427338626165
0.2,0.8,A_test,mondrian,0.7823683444864707,0.8069115876476523,0.6284916201117319,0.4875745526838966,1.1181600590736638,0.11816005907366384
0.2,0.8,A_test,patient_mondrian,0.8981670061099797,0.9339429240831734,0.8156424581005587,0.8029324055666004,1.4414610546686017,0.44146105466860186
0.2,0.8,B_test_unchanged,mondrian,0.4784522706209453,0.9237333635687583,0.32603938730853393,0.6383691529709229,1.07046205434193,0.07046205434193008
0.2,0.8,B_test_unchanged,patient_mondrian,0.6817655236329935,0.9788591018077895,0.48468271334792123,0.931795195954488,1.3043887765668918,0.30438877656689184
0.2,0.8,B_test_B_CAL_recalibrated,mondrian,0.7774559777571826,0.8045830012438765,0.587527352297593,0.18969658659924146,1.2531715896576097,0.25317158965760966
0.2,0.8,B_test_B_CAL_recalibrated,patient_mondrian,0.906858202038925,0.9514454645195068,0.787746170678337,0.8081542351453855,1.684650788171672,0.6846507881716718
