Direction,Model,Primary,Split,AUROC,AUROC_L,AUROC_U,AUPRC,AUPRC_L,AUPRC_U
AtoB,LightGBM_noTime,False,internal_test,0.7556388728619401,0.7340812412072864,0.777254283309001,0.07186488793738785,0.06001886470528268,0.08670630992452304
AtoB,LightGBM_noTime,False,external_unchanged,0.6883798552607701,0.6716183427684489,0.7032172172443809,0.03877721232860534,0.03370011372179315,0.044375519990378365
AtoB,LightGBM,False,internal_test,0.8102054158998985,0.7890455143357066,0.8312568903636374,0.10612615247395352,0.08989883336564808,0.12572602874090136
AtoB,LightGBM,False,external_unchanged,0.7231143037997461,0.7062029833327312,0.739085944982057,0.0564947220747184,0.049497249092638945,0.0654594919174956
AtoB,LightGBM_tuned,True,internal_test,0.8173867208359602,0.7969128998345109,0.837536773626634,0.11300294981812938,0.09565732300921788,0.13716715645180466
AtoB,LightGBM_tuned,True,external_unchanged,0.7520902999283429,0.7362167744844236,0.7671844390323661,0.06349745563862835,0.055276431517272705,0.07355895783339639
AtoB,Ensemble,False,internal_test,0.8115105238946035,0.7909253894285825,0.8318175165038352,0.09890363990799896,0.08276950535437803,0.12114098743474433
AtoB,Ensemble,False,external_unchanged,0.7378379603076971,0.7221321146026461,0.7528578258019674,0.05543680237405295,0.0482898070920221,0.06423011945099058
AtoB,NEWS2_partial,False,internal_test,0.6390187078320577,0.6160513028255973,0.6612683202561728,0.03561047823060427,0.03097430322966834,0.04105186113774512
AtoB,NEWS2_partial,False,external_unchanged,0.6947185439534114,0.6810273209566806,0.7076647757072821,0.03460789717232511,0.03063375848927001,0.039046658596953394
BtoA,LightGBM_noTime,False,internal_test,0.8046647908801174,0.7796561684366244,0.8282667177926012,0.0829007071873151,0.06714966324285959,0.10323036426735152
BtoA,LightGBM_noTime,False,external_unchanged,0.6979863972038198,0.6867717157281586,0.709522426188557,0.04879790200385858,0.04527132365801811,0.05269214491180177
BtoA,LightGBM,False,internal_test,0.8518098677539877,0.8301807094234089,0.8731097032204037,0.10847000280252704,0.08414831242176642,0.1429758442252372
BtoA,LightGBM,False,external_unchanged,0.7403061469451659,0.7297276651392134,0.7505636005574929,0.06188183496623435,0.05736090176790623,0.06741116381666326
BtoA,LightGBM_tuned,True,internal_test,0.8651827187864713,0.8442819212481955,0.8847061971618422,0.12811464396037603,0.10006191089203657,0.1652942416702675
BtoA,LightGBM_tuned,True,external_unchanged,0.7646533554662543,0.7545025553023784,0.7747805634161702,0.07564232813314364,0.07015731030834486,0.08215820181112672
BtoA,Ensemble,False,internal_test,0.8504843271683714,0.8275371209006285,0.8719500496040609,0.10687775988310816,0.08434631871401779,0.13844168494896417
BtoA,Ensemble,False,external_unchanged,0.7352881526063978,0.7247326494809458,0.7465188667920422,0.0660174726509816,0.06102658974283851,0.07249101527348299
BtoA,NEWS2_partial,False,internal_test,0.6890770065010703,0.6605818621221202,0.7167092895488756,0.035846328174327535,0.028696670683145072,0.045987269910912884
BtoA,NEWS2_partial,False,external_unchanged,0.6478406034413088,0.637382464691731,0.6583608719568457,0.03576250399275365,0.03352424606289461,0.038251915159841623
