Direction,Model,Setting,Threshold,Detected48h,MedianLead48_h,FalseEpisodesPerPatientDay,NonSepticAnyAlarm,SepticEvaluable
AtoB,LightGBM_tuned,"internal test, VA_FIT burden threshold",0.05919321379271796,0.6984126984126984,28.5,0.19404217990423625,0.16985710434079265,315
AtoB,LightGBM_tuned,"external, unchanged threshold",0.05919321379271796,0.4591280653950954,35.0,0.05029907803013268,0.046665782845021875,734
AtoB,NEWS2_partial,"internal test, VA_FIT burden threshold",0.5555555820465088,0.20952380952380953,14.0,0.10702145546255346,0.09166891345376112,315
AtoB,NEWS2_partial,"external, unchanged threshold",0.5555555820465088,0.21389645776566757,10.0,0.05940903980211379,0.04865438154580406,734
AtoB,LightGBM_tuned,"external, ALL local patients recalibrated + threshold",0.032343540841888924,0.6307901907356949,31.0,0.18103350573420285,0.18613283839321226,734
BtoA,LightGBM_tuned,"internal test, VA_FIT burden threshold",0.06681636801290725,0.6914893617021277,21.0,0.18410587391616143,0.18160127253446448,188
BtoA,LightGBM_tuned,"external, unchanged threshold",0.06681636801290725,0.7021276595744681,27.0,0.39602616382495415,0.4218507784592573,1269
BtoA,NEWS2_partial,"internal test, VA_FIT burden threshold",0.5,0.34574468085106386,10.0,0.13056044505291522,0.09331919406150584,188
BtoA,NEWS2_partial,"external, unchanged threshold",0.5,0.3412135539795114,17.0,0.252179862612551,0.18244928219990564,1269
BtoA,LightGBM_tuned,"external, ALL local patients recalibrated + threshold",0.08059574815605351,0.5547675334909378,25.0,0.19805687074085224,0.2323245939206039,1269
