Split,Method,Primary,Nominal,q0,q1,RowCoverage,Coverage_NonSepsisRows,Coverage_SepsisRows,PatientSimultaneousCoverage,PatientCov_SepticHours,PatientCov_NonSepticHours,MeanSetSize,SingletonRate,AmbiguousRate,EmptyRate,Direction,ECE,CalSlope
internal_test,mondrian,True,0.9,0.05130351780044449,0.9895228933271911,0.9027257912560792,0.9032703133643553,0.8783823101542042,0.7324809441849028,0.7932960893854749,0.7450298210735586,1.3622654240827032,0.6377345759172969,0.3622654240827031,0.0,AtoB,0.0008739538517601482,0.9706483129507928
internal_test,patient_mondrian,False,0.9,0.08598120360360195,0.9933119700531087,0.9484760522496372,0.9487943770134392,0.9342449810881582,0.8918121465453651,0.8854748603351955,0.900844930417495,1.5434522445445982,0.45654775545540194,0.5434522445445981,0.0,AtoB,0.0008739538517601482,0.9706483129507928
external_unchanged,mondrian,True,0.9,0.05130351780044449,0.9895228933271911,0.9450285188290021,0.9497897415204639,0.6142261353104727,0.884625,0.4540481400437637,0.9137168141592921,1.2010191166559825,0.7989808833440176,0.20101911665598238,0.0,AtoB,0.003597592433426738,0.7351125683876325
external_unchanged,patient_mondrian,False,0.9,0.08598120360360195,0.9933119700531087,0.9676085277051795,0.9711990902694176,0.718141797961075,0.9415,0.5339168490153173,0.9676359039190897,1.347048671039006,0.6529513289609942,0.3470486710390059,0.0,AtoB,0.003597592433426738,0.7351125683876325
external_recalibrated_ALL,mondrian,True,0.9,0.02635043622997988,0.9946963809414562,0.9064418035077337,0.9064057971981099,0.9089434661723819,0.6825,0.8008752735229759,0.6892541087231353,1.5683005407893222,0.4316994592106777,0.5683005407893222,0.0,AtoB,0.001052760021945282,1.0047336544582595
external_recalibrated_ALL,patient_mondrian,False,0.9,0.043012781511812745,0.9963678978695951,0.9476157601459638,0.947510412880291,0.954935125115848,0.8995,0.9070021881838074,0.9037294563843237,1.783904531781646,0.21609546821835396,0.783904531781646,0.0,AtoB,0.001052760021945282,1.0047336544582595
internal_test,mondrian,True,0.9,0.029876332217207723,0.9929567624971329,0.8902153002872427,0.8903986899709254,0.8775885872066268,0.66475,0.7543859649122807,0.670959595959596,1.2161962737502305,0.7838037262497695,0.2161962737502306,0.0,BtoA,0.0006690793063683873,0.992187046438827
internal_test,patient_mondrian,False,0.9,0.09353072256019561,0.9970672680559528,0.9756634253037131,0.9760184473481937,0.9512195121951219,0.905,0.8859649122807017,0.9103535353535354,1.529666376788679,0.47033362321132105,0.5296663767886789,0.0,BtoA,0.0006690793063683873,0.992187046438827
external_unchanged,mondrian,True,0.9,0.029876332217207723,0.9929567624971329,0.8056832058234851,0.8041622801635332,0.8744433900284693,0.34304505501260063,0.7360335195530726,0.3465168260275674,1.3346387098099122,0.6653612901900878,0.3346387098099121,0.0,BtoA,0.005298414197837409,0.7288354370134781
external_unchanged,patient_mondrian,False,0.9,0.09353072256019561,0.9970672680559528,0.9613963473681051,0.961449903443109,0.9589751076720928,0.7796422644292826,0.8994413407821229,0.7852353160312927,1.707885811416015,0.2921141885839851,0.7078858114160149,0.0,BtoA,0.005298414197837409,0.7288354370134781
external_recalibrated_ALL,mondrian,True,0.9,0.05281644696185178,0.9901941765814435,0.8968394513311523,0.8968310609632438,0.8972187750930725,0.49818673550925074,0.7751396648044693,0.5055258909723085,1.4698976182539971,0.5301023817460029,0.46989761825399706,0.0,BtoA,0.0009000423327520584,0.9446885780960421
external_recalibrated_ALL,patient_mondrian,False,0.9,0.09876677578899767,0.9939399498985361,0.9785679193331048,0.9790997926771771,0.9545222278998468,0.8926178621918986,0.8924581005586593,0.9006581398236682,1.707351865572025,0.292648134427975,0.707351865572025,0.0,BtoA,0.0009000423327520584,0.9446885780960421
