LocalPatients,LocalSeptic_mean,LocalSeptic_std,ECE_mean,ECE_std,MondrianSepticCoverage_mean,MondrianSepticCoverage_std,PatientSepticCoverage_mean,PatientSepticCoverage_std,Detected48h_mean,Detected48h_std,FalseEpisodesPerPatientDay_mean,FalseEpisodesPerPatientDay_std,Direction,Unchanged_ECE
25,1.4666666666666666,0.7302967433402214,0.014709482135391394,0.018810872719762565,0.5332290701266605,0.3389596157245613,1.0,0.0,0.5167574931880109,0.25791407873687966,0.21458781200809535,0.07774089456619096,AtoB,0.003597592433426738
50,2.8333333333333335,1.3152509484776145,0.008885178524387133,0.00964451449152688,0.6695976212542477,0.28670978548157156,1.0,0.0,0.5912806539509536,0.1480409849757794,0.1853812457836744,0.05295885268632879,AtoB,0.003597592433426738
100,5.333333333333333,1.7485626280942344,0.005998680216686519,0.005121794969590557,0.835059468643806,0.14509030647416676,0.99945295404814,0.0029962940782558433,0.6297456857402361,0.03910929297096322,0.18674270294580617,0.05039282231140185,AtoB,0.003597592433426738
200,11.0,2.924333109946785,0.0035754483148417336,0.002301599357477836,0.8774173617547112,0.10078281527669211,0.9216630196936543,0.0732839396816744,0.613669391462307,0.10200441161880971,0.18690532943557456,0.030610233661004665,AtoB,0.003597592433426738
400,23.2,4.490603215758359,0.0028508449091013215,0.0017084574181129293,0.881479765214705,0.07184038865055795,0.9145878920495989,0.05373311796826712,0.6416439600363305,0.016189376629129414,0.19610164155610524,0.02332301808668594,AtoB,0.003597592433426738
800,44.8,4.513581038721189,0.0015747665796675251,0.0008678269376317793,0.9045219338894038,0.02872848693093465,0.9218453683442742,0.033201222714886756,0.6390099909173479,0.013293383162387044,0.1922058016640432,0.018909491347898117,AtoB,0.003597592433426738
1600,93.66666666666667,6.556562037159903,0.0013010465970196765,0.0007130990275529012,0.9017261353104726,0.02242221493893745,0.9065280816921956,0.024809243980083582,0.6368301544050863,0.008754241496521445,0.18792426354845965,0.011988522922243894,AtoB,0.003597592433426738
4000,228.0,,0.001052760021945282,,0.9089434661723819,,0.9070021881838074,,0.6307901907356949,,0.18103350573420285,,AtoB,0.003597592433426738
25,2.6666666666666665,1.372973951415091,0.013372689175848352,0.010939324989360084,0.8173467649706792,0.15488354877869515,1.0,0.0,0.5315734173890202,0.08014392223386892,0.18207540801153105,0.0824249131425103,BtoA,0.005298414197837409
50,4.133333333333334,1.6344003083137535,0.008438152632671765,0.00458662032658936,0.8478137090298562,0.12511173888623067,1.0,0.0,0.5346204360388758,0.061964202885429004,0.17625149383763467,0.06512727853293016,BtoA,0.005298414197837409
100,8.0,3.051285766293647,0.006557106128994028,0.003906825006817334,0.8378081125142954,0.11252726373197083,0.9449255121042831,0.10574316474498295,0.542421854478592,0.028810195295641085,0.17870658748186868,0.036073240426309924,BtoA,0.005298414197837409
200,18.166666666666668,4.4650623298219925,0.0050368300354586,0.002584627278087883,0.8806579555685329,0.057468633858027675,0.9189245810055866,0.06037682810137657,0.5441292356185973,0.02286036886658758,0.17850953775418046,0.0312725917865968,BtoA,0.005298414197837409
400,34.266666666666666,4.66781595043404,0.0030116322126410517,0.0015042383453264178,0.8918753193663771,0.03926950246239211,0.8978584729981378,0.053611042910224,0.5385605463619647,0.016553875540861962,0.1702713995092002,0.02317849555462141,BtoA,0.005298414197837409
800,69.56666666666666,6.123348944723841,0.0019533989618381433,0.0009510047425496516,0.9042655181643429,0.0281170348857403,0.9093109869646182,0.03150326913323149,0.5468610454426057,0.016250740592621698,0.18126093580375308,0.02369325638436076,BtoA,0.005298414197837409
1600,143.46666666666667,8.353125920496959,0.0016913183087326953,0.0007703134612274102,0.8948536389517483,0.01867324831148712,0.8952513966480447,0.012053546685386753,0.5440241660099816,0.01096315641842548,0.17747028289407665,0.017699873852257093,BtoA,0.005298414197837409
4067,358.0,,0.0009000423327520584,,0.8972187750930725,,0.8924581005586593,,0.5547675334909378,,0.19805687074085224,,BtoA,0.005298414197837409
