LocalPatients,Rep,LocalSeptic,ECE,MondrianSepticCoverage,PatientSepticCoverage,Detected48h,FalseEpisodesPerPatientDay,Direction
25,0,1,0.003828406361263311,0.28266913809082483,1.0,0.01907356948228883,0.06014301776478525,AtoB
25,1,1,0.011932337536703148,0.2205746061167748,1.0,0.6335149863760218,0.18254463683382055,AtoB
25,2,1,0.054385278508926396,0.4406858202038925,1.0,0.7111716621253406,0.2966997976163706,AtoB
25,3,1,0.006593745119692689,1.0,1.0,0.6457765667574932,0.19761277265572297,AtoB
25,4,1,0.031336452293462366,0.6474745134383688,1.0,0.7275204359673024,0.33193073982460086,AtoB
25,5,2,0.009198778078812754,0.4741658943466172,1.0,0.04904632152588556,0.130561727006971,AtoB
25,6,3,0.05750585411704249,0.6614921223354958,1.0,0.7438692098092643,0.35753361816955254,AtoB
25,7,1,0.004138815392411068,0.13623725671918444,1.0,0.07356948228882834,0.2044776253654149,AtoB
25,8,3,0.004560365695200898,0.4603799814643188,1.0,0.6784741144414169,0.255510681358219,AtoB
25,9,2,0.011633282052752778,0.23748841519925856,1.0,0.5422343324250681,0.1008140319316393,AtoB
25,10,2,0.009423863162357212,0.30120481927710846,1.0,0.611716621253406,0.15607825500337308,AtoB
25,11,1,0.0817387354389555,1.0,1.0,0.7438692098092643,0.3565405891612323,AtoB
25,12,1,0.014259675893417633,0.04749768303985171,1.0,0.6934604904632152,0.27558713739599733,AtoB
25,13,1,0.0008358864820138515,1.0,1.0,0.6416893732970027,0.19441780975938835,AtoB
25,14,3,0.02190496133872419,0.9286376274328082,1.0,0.5245231607629428,0.08432111535866876,AtoB
25,15,1,0.010033995003983533,0.2513901760889713,1.0,0.720708446866485,0.32670654373735103,AtoB
25,16,1,0.015422076899580993,0.14573679332715478,1.0,0.6866485013623979,0.26716797841241285,AtoB
25,17,1,0.0009850226778410065,0.24351251158480075,1.0,0.055858310626702996,0.15840971441421184,AtoB
25,18,2,0.00573485847086022,0.8221733086190918,1.0,0.6335149863760218,0.18254463683382055,AtoB
25,19,1,0.01152076901746196,0.2285681186283596,1.0,0.662125340599455,0.23340499212952553,AtoB
25,20,1,0.002386525140847121,0.7771084337349398,1.0,0.6130790190735694,0.15840971441421184,AtoB
25,21,1,0.005512155028752734,1.0,1.0,0.611716621253406,0.15629413087474703,AtoB
25,22,3,0.01661743297926289,0.5207367933271547,1.0,0.07629427792915532,0.21345806161457162,AtoB
25,23,1,0.0021179440843797194,0.13959684893419833,1.0,0.09128065395095368,0.2600008994827974,AtoB
25,24,2,0.004629702831529508,0.9424235403151066,1.0,0.6212534059945504,0.16652664717787274,AtoB
25,25,1,0.0005702280731112216,0.7014596848934198,1.0,0.6389645776566758,0.18785518326961997,AtoB
25,26,1,0.003422913647989933,1.0,1.0,0.6212534059945504,0.1689444569372611,AtoB
25,27,1,0.025168624728539778,0.25764596848934196,1.0,0.6743869209809265,0.24329210703845291,AtoB
25,28,1,0.004870716236586779,0.13623725671918444,1.0,0.09809264305177112,0.30498943107713067,AtoB
25,29,2,0.00901506176927812,0.9917747914735866,1.0,0.6580381471389646,0.22485630762311673,AtoB
50,0,3,0.0004600865881738572,0.9914272474513438,1.0,0.6130790190735694,0.15840971441421184,AtoB
50,1,4,0.008193094602954535,0.9589898053753475,1.0,0.6457765667574932,0.19778547335282215,AtoB
50,2,1,0.006588985179094377,0.7150139017608897,1.0,0.6130790190735694,0.15642365639757141,AtoB
50,3,2,0.0042525790913096094,0.3430259499536608,1.0,0.05040871934604905,0.13729705419383856,AtoB
50,4,6,0.006666056069233712,0.8379286376274329,1.0,0.6457765667574932,0.2006782100292332,AtoB
50,5,3,0.03292617073832861,0.5641797961075069,1.0,0.5858310626702997,0.13574274791994603,AtoB
50,6,1,0.008681632116678176,0.09800741427247452,1.0,0.0885558583106267,0.24614166854058916,AtoB
50,7,2,0.013664209650940342,0.07356348470806302,1.0,0.6389645776566758,0.1872939060040477,AtoB
50,8,1,0.008294206608718485,0.6328776645041705,1.0,0.555858310626703,0.11052844614346752,AtoB
50,9,3,0.008690331135160618,0.5082252085264134,1.0,0.6171662125340599,0.1644974139869575,AtoB
50,10,2,0.004563420935722944,0.9525023169601483,1.0,0.7193460490463215,0.3144879694175849,AtoB
50,11,3,0.0061033309577828935,0.9227293790546802,1.0,0.5967302452316077,0.1462343152687205,AtoB
50,12,6,0.020393239821122927,0.9545875810936052,1.0,0.6212534059945504,0.1678219024061165,AtoB
50,13,2,0.00394512040109252,0.9454355885078777,1.0,0.5803814713896458,0.12706453789071284,AtoB
50,14,1,0.0035823944522833306,0.8125579240037072,1.0,0.6498637602179836,0.2077589386102991,AtoB
50,15,4,0.004268543499274771,0.9585264133456904,1.0,0.6049046321525886,0.15249471553856533,AtoB
50,16,3,0.0071928007621324995,0.4307228915662651,1.0,0.6553133514986376,0.2201502136271644,AtoB
50,17,2,0.002450132254535968,0.9849397590361446,1.0,0.6280653950953679,0.17930649876321117,AtoB
50,18,3,0.002972836126185407,0.9266682113067656,1.0,0.6743869209809265,0.24359433325837646,AtoB
50,19,5,0.004358764854411296,0.6297497683039852,1.0,0.5326975476839237,0.08837958174049922,AtoB
50,20,3,0.0016860402936328498,0.7099165894346617,1.0,0.6376021798365122,0.18565324938160557,AtoB
50,21,3,0.012819879018549698,0.3074606116774791,1.0,0.5926430517711172,0.142391724758264,AtoB
50,22,4,0.006558698510308067,0.49733549582947173,1.0,0.6512261580381471,0.20935642005846639,AtoB
50,23,2,0.003648611521614935,0.9932808155699722,1.0,0.6743869209809265,0.24458736226669667,AtoB
50,24,2,0.005358816137852498,0.602062094531974,1.0,0.6539509536784741,0.21298313469754893,AtoB
50,25,3,0.011142199946694742,0.2170991658943466,1.0,0.555858310626703,0.11186687654598607,AtoB
50,26,3,0.005704117552475062,0.9764828544949027,1.0,0.6471389645776566,0.20408904879694176,AtoB
50,27,2,0.005359695562957429,0.6971733086190918,1.0,0.6539509536784741,0.21324218574319767,AtoB
50,28,2,0.04787196034831279,0.3328313253012048,1.0,0.7138964577656676,0.3040395772430852,AtoB
50,29,4,0.008157400994079057,0.5126274328081557,1.0,0.6403269754768393,0.19113649651450418,AtoB
100,0,8,0.0073501050310776144,0.9491427247451344,1.0,0.5858310626702997,0.13332493816055768,AtoB
100,1,4,0.003456971358220651,0.8986329935125116,1.0,0.6784741144414169,0.25857611873172925,AtoB
100,2,3,0.0060209329730953635,0.8361909175162188,1.0,0.7057220708446866,0.28832381380706096,AtoB
100,3,5,0.007185133895962353,0.8607506950880445,1.0,0.6049046321525886,0.15284011693276367,AtoB
100,4,8,0.0018947661205391884,0.8624884151992586,1.0,0.6634877384196185,0.23651360467731056,AtoB
100,5,5,0.01089978322214746,0.8981696014828545,1.0,0.6648501362397821,0.23763615920845516,AtoB
100,6,8,0.005306375185050247,0.8871640407784986,1.0,0.6226158038147139,0.17166449291657299,AtoB
100,7,4,0.007164543555372006,0.6297497683039852,1.0,0.6185286103542235,0.16622442095794918,AtoB
100,8,9,0.007725768450029538,0.9781047265987025,0.9835886214442013,0.5408719346049047,0.09593523723858782,AtoB
100,9,3,0.006877641367227115,0.7506950880444856,1.0,0.662125340599455,0.23072813132448844,AtoB
100,10,4,0.0021432671384335822,0.9585264133456904,1.0,0.6212534059945504,0.1710168653024511,AtoB
100,11,3,0.008413335471719815,0.9677942539388322,1.0,0.6130790190735694,0.15676905779176975,AtoB
100,12,6,0.0028729888533135907,0.8463855421686747,1.0,0.5722070844686649,0.1203292107038453,AtoB
100,13,7,0.0007161383175873043,0.8680491195551436,1.0,0.6389645776566758,0.18630087699572748,AtoB
100,14,7,0.0007615568506146035,0.6884847080630213,1.0,0.6553133514986376,0.2206251405441871,AtoB
100,15,6,0.025652250811418493,0.943002780352178,1.0,0.6961852861035422,0.279602428603553,AtoB
100,16,8,0.0069250622373528735,0.8619091751621872,1.0,0.6130790190735694,0.15655318192039577,AtoB
100,17,5,0.0018763597773510782,0.9892261353104727,1.0,0.6212534059945504,0.1689444569372611,AtoB
100,18,5,0.002377142149643737,0.9259731232622799,1.0,0.6158038147138964,0.1619500787047448,AtoB
100,19,6,0.003476942571122268,0.7939063948100092,1.0,0.6226158038147139,0.1715349673937486,AtoB
100,20,6,0.001687991894175746,0.9442771084337349,1.0,0.5858310626702997,0.1342747919946031,AtoB
100,21,4,0.003453099705663932,0.8331788693234476,1.0,0.5817438692098093,0.12965504834720037,AtoB
100,22,3,0.01053808380515696,0.4077849860982391,1.0,0.6307901907356949,0.1811630312570272,AtoB
100,23,5,0.005635537538327469,0.9134615384615384,1.0,0.6784741144414169,0.2606917022711941,AtoB
100,24,4,0.0009017459017947739,0.9291010194624653,1.0,0.6553133514986376,0.22079784124128626,AtoB
100,25,3,0.007739560299577964,0.7881139944392956,1.0,0.6130790190735694,0.158582415111311,AtoB
100,26,6,0.002554905438083128,0.8046802594995366,1.0,0.6403269754768393,0.19221587587137398,AtoB
100,27,6,0.008747591702982964,0.41855885078776645,1.0,0.6403269754768393,0.19346795592534294,AtoB
100,28,5,0.0038003264452289146,0.9242354031510658,1.0,0.6743869209809265,0.24342163256127727,AtoB
100,29,4,0.015804498432324815,0.6940454124189064,1.0,0.5749318801089919,0.12261749494040927,AtoB
200,0,10,0.007247133690087055,0.8887859128822985,0.9070021881838074,0.6267029972752044,0.17624106138970094,AtoB
200,1,12,0.003164572062000763,0.9322289156626506,0.9507658643326039,0.6185286103542235,0.16518821677535417,AtoB
200,2,14,0.002366033695859852,0.9547034291010195,0.9638949671772429,0.614441416893733,0.16151832696199686,AtoB
200,3,11,0.002021870433194979,0.9259731232622799,0.9157549234135668,0.6335149863760218,0.18306273892511807,AtoB
200,4,15,0.0009032297291567716,0.7964550509731233,0.8665207877461707,0.6185286103542235,0.16622442095794918,AtoB
200,5,11,0.0018679256122052304,0.8853104726598703,0.8719912472647703,0.6634877384196185,0.23543422532044075,AtoB
200,6,4,0.006934990572652943,0.9519230769230769,1.0,0.662125340599455,0.2293897009219699,AtoB
200,7,12,0.0004767888066256995,0.8986329935125116,0.9452954048140044,0.614441416893733,0.16147515178772207,AtoB
200,8,9,0.003959056432851683,0.9741658943466173,0.9835886214442013,0.6212534059945504,0.1705419383854284,AtoB
200,9,13,0.0043871279331898225,0.8478915662650602,0.9507658643326039,0.6212534059945504,0.17028288733977964,AtoB
200,10,9,0.002472117918239962,0.9104494902687674,0.8840262582056893,0.611716621253406,0.1559487294805487,AtoB
200,11,14,0.005491949912254607,0.955746061167748,0.9638949671772429,0.6171662125340599,0.16423836294130875,AtoB
200,12,14,0.0031079430719163663,0.9019925857275255,0.8840262582056893,0.553133514986376,0.10845603777827749,AtoB
200,13,6,0.0059581134095835885,0.7226598702502317,1.0,0.6498637602179836,0.2077157634360243,AtoB
200,14,11,0.0021799208254149687,0.8503243744207599,0.9135667396061269,0.6471389645776566,0.20240521700022487,AtoB
200,15,9,0.0075663148036463745,0.7319277108433735,0.7582056892778993,0.6389645776566758,0.18785518326961997,AtoB
200,16,13,0.0025341828612549543,0.8981696014828545,0.9452954048140044,0.6280653950953679,0.17684551382954802,AtoB
200,17,15,0.004669070813160687,0.9534291010194624,0.9835886214442013,0.6280653950953679,0.17917697324038678,AtoB
200,18,12,0.001049777346518624,0.9094068582020389,0.8632385120350109,0.6212534059945504,0.17093051495390152,AtoB
200,19,8,0.0019966844575250464,0.9397590361445783,1.0,0.6253405994550408,0.17183719361367214,AtoB
200,20,12,0.0018457424562953887,0.9231927710843374,0.9135667396061269,0.6730245231607629,0.24251495390150665,AtoB
200,21,10,0.00284794785080223,0.6444624652455978,0.6597374179431073,0.08719346049046321,0.24355115808410166,AtoB
200,22,13,0.0035857499982434463,0.9564411492122336,0.9835886214442013,0.6389645776566758,0.190963795817405,AtoB
200,23,4,0.010379968025680546,0.5288461538461539,1.0,0.6471389645776566,0.2055570047222847,AtoB
200,24,9,0.004776841894557557,0.8469647822057461,0.9037199124726477,0.6689373297002725,0.23923364065662245,AtoB
200,25,10,0.002330676115656764,0.904772937905468,0.9091903719912473,0.6158038147138964,0.16216595457611874,AtoB
200,26,12,0.0016986777099970466,0.8871640407784986,0.8719912472647703,0.6389645776566758,0.1872075556554981,AtoB
200,27,13,0.0009032922672019951,0.9273632993512512,0.9606126914660832,0.6553133514986376,0.22084101641556106,AtoB
200,28,15,0.004055920131221601,0.9412650602409639,0.9463894967177243,0.6307901907356949,0.1811630312570272,AtoB
200,29,10,0.004483828608255458,0.9321130676552364,0.949671772428884,0.6389645776566758,0.18919361367213852,AtoB
400,0,29,0.004094996286590466,0.967678405931418,0.9606126914660832,0.6471389645776566,0.2028369687429728,AtoB
400,1,19,0.005622390411002347,0.8358433734939759,0.8708971553610503,0.611716621253406,0.15577602878344954,AtoB
400,2,19,0.003398470991482526,0.882645968489342,0.9070021881838074,0.6771117166212534,0.25438812682707446,AtoB
400,3,20,0.000847008664351621,0.9585264133456904,0.9671772428884027,0.6485013623978202,0.20745671239037555,AtoB
400,4,22,0.0010376348343084445,0.8548424467099166,0.8719912472647703,0.6471389645776566,0.20577288059365867,AtoB
400,5,29,0.004829775828602261,0.8908711770157554,0.9452954048140044,0.6553133514986376,0.22299977512930066,AtoB
400,6,25,0.001329993662272199,0.8586654309545876,0.9135667396061269,0.6539509536784741,0.21181740499212953,AtoB
400,7,24,0.0005588409839977117,0.9019925857275255,0.9037199124726477,0.6444141689373297,0.19666291882167755,AtoB
400,8,23,0.001409865767305651,0.871177015755329,0.9037199124726477,0.6348773841961853,0.18470339554756016,AtoB
400,9,23,0.001329902256995328,0.9291010194624653,0.9452954048140044,0.6389645776566758,0.18815740948954351,AtoB
400,10,29,0.0010362058063660734,0.8206672845227062,0.8708971553610503,0.6389645776566758,0.19005711715763438,AtoB
400,11,18,0.004754479824286253,0.8638785912882299,0.9835886214442013,0.6212534059945504,0.1703692376883292,AtoB
400,12,23,0.0027851592772992527,0.8638785912882299,0.8665207877461707,0.6171662125340599,0.16467011468405668,AtoB
400,13,28,0.001503880130038564,0.9478683966635774,0.949671772428884,0.6539509536784741,0.21302630987182372,AtoB
400,14,16,0.00532965319319221,0.9273632993512512,0.973741794310722,0.6730245231607629,0.24035619518776705,AtoB
400,15,21,0.0035847833273234472,0.6860518999073216,0.7582056892778993,0.6335149863760218,0.18306273892511807,AtoB
400,16,20,0.0024061838975931817,0.9439295644114921,0.9157549234135668,0.6389645776566758,0.1904888689003823,AtoB
400,17,17,0.0067653007188612025,0.6463160333642262,0.8719912472647703,0.6212534059945504,0.17131909152237465,AtoB
400,18,22,0.0024694033237132778,0.9268999073215941,0.9398249452954048,0.6403269754768393,0.19113649651450418,AtoB
400,19,21,0.0024268874594266005,0.8504402224281742,0.7724288840262582,0.6457765667574932,0.20046233415785925,AtoB
400,20,22,0.0015663702815510215,0.9442771084337349,0.949671772428884,0.6403269754768393,0.19122284686305374,AtoB
400,21,18,0.0025378639789533225,0.8236793327154773,0.949671772428884,0.6457765667574932,0.19890802788396672,AtoB
400,22,23,0.0013165732052753945,0.9117238183503243,0.9452954048140044,0.6389645776566758,0.1883732853609175,AtoB
400,23,27,0.003580511121978501,0.9227293790546802,0.9398249452954048,0.6539509536784741,0.21678255003373062,AtoB
400,24,20,0.003435916704264969,0.933271547729379,0.9398249452954048,0.6171662125340599,0.16471328985833147,AtoB
400,25,29,0.0057514858934781185,0.8670064874884152,0.8665207877461707,0.6389645776566758,0.1884164605351923,AtoB
400,26,30,0.001927145961151185,0.9479842446709916,0.973741794310722,0.6253405994550408,0.17287339779626715,AtoB
400,27,32,0.0038391975530918682,0.9101019462465245,0.9507658643326039,0.6730245231607629,0.24074477175624018,AtoB
400,28,18,0.003455081331765665,0.8973586654309545,0.9277899343544858,0.6267029972752044,0.17563660894985383,AtoB
400,29,29,0.0005943845965209805,0.8576227988878591,0.9026258205689278,0.6457765667574932,0.19985788171801216,AtoB
800,0,50,0.0010031066105258915,0.8694392956441149,0.8402625820568927,0.6389645776566758,0.18681897908702497,AtoB
800,1,45,0.002291339806134097,0.9580630213160334,0.9606126914660832,0.6389645776566758,0.18858916123229144,AtoB
800,2,44,0.0026553202615349552,0.9273632993512512,0.9671772428884027,0.6539509536784741,0.21462379131999101,AtoB
800,3,43,0.0026274060412770327,0.9263206672845227,0.9452954048140044,0.6553133514986376,0.22131594333258378,AtoB
800,4,41,0.0010076445693711026,0.9231927710843374,0.9452954048140044,0.6253405994550408,0.17408230267596134,AtoB
800,5,40,0.000890109552515678,0.8986329935125116,0.9070021881838074,0.6539509536784741,0.21190375534067912,AtoB
800,6,43,0.0010111283572860293,0.9085959221501391,0.9507658643326039,0.6457765667574932,0.19709467056442548,AtoB
800,7,50,0.0012230949034077899,0.8887859128822985,0.9015317286652079,0.6253405994550408,0.17360737575893861,AtoB
800,8,42,0.00209735099390193,0.9291010194624653,0.9398249452954048,0.6389645776566758,0.18923678884641332,AtoB
800,9,49,0.0005399297345162528,0.8361909175162188,0.8194748358862144,0.6539509536784741,0.2157895210254104,AtoB
800,10,46,0.0015665067663435555,0.9308387395736794,0.949671772428884,0.6212534059945504,0.17131909152237465,AtoB
800,11,47,0.0011948120073641052,0.9242354031510658,0.9091903719912473,0.6198910081743869,0.16648347200359795,AtoB
800,12,39,0.0026125514583843243,0.8458063021316033,0.9135667396061269,0.6212534059945504,0.16838317967168878,AtoB
800,13,46,0.0010153954541195992,0.9253938832252085,0.9398249452954048,0.6539509536784741,0.21453744097144142,AtoB
800,14,53,0.0014265472127203687,0.9291010194624653,0.949671772428884,0.6689373297002725,0.23854283786822578,AtoB
800,15,45,0.0008544630101935031,0.9227293790546802,0.949671772428884,0.6525885558583107,0.21078120080953452,AtoB
800,16,48,0.0013170673347037258,0.8718721037998146,0.9070021881838074,0.6307901907356949,0.18029952777153138,AtoB
800,17,43,0.0018988691028361587,0.9019925857275255,0.8840262582056893,0.6403269754768393,0.19126602203732854,AtoB
800,18,40,0.002898348839768329,0.9259731232622799,0.9157549234135668,0.6471389645776566,0.2028369687429728,AtoB
800,19,42,0.0014387291471278506,0.9299119555143651,0.9398249452954048,0.6444141689373297,0.1958857656847313,AtoB
800,20,37,0.003237353271729794,0.8781278962001854,0.9277899343544858,0.6471389645776566,0.20538430402518554,AtoB
800,21,42,0.00127361095467146,0.8844995366079703,0.9135667396061269,0.6212534059945504,0.1688581065887115,AtoB
800,22,44,0.0012638079530518426,0.914967562557924,0.9277899343544858,0.6403269754768393,0.19381335731954127,AtoB
800,23,43,0.0008907280332830346,0.8995597775718258,0.9452954048140044,0.6389645776566758,0.18979806611198563,AtoB
800,24,40,0.0030594269483378337,0.8503243744207599,0.9037199124726477,0.6280653950953679,0.17818394423206657,AtoB
800,25,49,0.0007937762062620822,0.9091751621872104,0.9135667396061269,0.6389645776566758,0.19057521924893187,AtoB
800,26,38,0.003331349721134952,0.9259731232622799,0.9638949671772429,0.6253405994550408,0.17447087924443447,AtoB
800,27,52,0.0005815725620443328,0.8938832252085264,0.9135667396061269,0.6267029972752044,0.17507533168428155,AtoB
800,28,49,0.0005647129024717369,0.9088276181649676,0.9015317286652079,0.6212534059945504,0.1678650775803913,AtoB
800,29,54,0.000676937673006411,0.8967794253938832,0.9091903719912473,0.6512261580381471,0.2087519676186193,AtoB
1600,0,94,0.0011615950763999808,0.9089434661723819,0.9091903719912473,0.6444141689373297,0.19661974364740276,AtoB
1600,1,86,0.0020719548763407885,0.8576227988878591,0.8665207877461707,0.6212534059945504,0.16717427479199462,AtoB
1600,2,108,0.001810890666905192,0.9164735866543096,0.9070021881838074,0.6376021798365122,0.18513514729030808,AtoB
1600,3,86,0.0018843583730510948,0.871177015755329,0.8807439824945296,0.6335149863760218,0.18297638857656848,AtoB
1600,4,98,0.0008554365758021011,0.9164735866543096,0.9398249452954048,0.6444141689373297,0.19623116707892962,AtoB
1600,5,90,0.002752025218850481,0.8780120481927711,0.8665207877461707,0.6389645776566758,0.1860850011243535,AtoB
1600,6,103,0.0012789001023270406,0.9101019462465245,0.9070021881838074,0.6539509536784741,0.21570317067686082,AtoB
1600,7,97,0.0008627101933872171,0.885194624652456,0.8785557986870897,0.6253405994550408,0.1747299302900832,AtoB
1600,8,87,0.0018721554223649591,0.9065106580166821,0.9091903719912473,0.6389645776566758,0.18997076680908478,AtoB
1600,9,93,0.0007019892618904638,0.9072057460611678,0.9091903719912473,0.6321525885558583,0.1812925567798516,AtoB
1600,10,104,0.002211687489029189,0.9293327154772938,0.9277899343544858,0.6253405994550408,0.17283022262199235,AtoB
1600,11,100,0.000627512562124837,0.9063948100092678,0.8840262582056893,0.6444141689373297,0.1967924443445019,AtoB
1600,12,80,0.0027198208110523463,0.9286376274328082,0.9135667396061269,0.6253405994550408,0.17455722959298403,AtoB
1600,13,102,0.00126878503405777,0.9094068582020389,0.9091903719912473,0.6471389645776566,0.203829997751293,AtoB
1600,14,102,0.0006887995716428212,0.8694392956441149,0.9015317286652079,0.6335149863760218,0.18258781200809535,AtoB
1600,15,91,0.0011661619234430663,0.933271547729379,0.9398249452954048,0.6307901907356949,0.18094715538565326,AtoB
1600,16,88,0.0008322765442431965,0.9273632993512512,0.949671772428884,0.6457765667574932,0.19951248032381383,AtoB
1600,17,94,0.0015934131541941135,0.8981696014828545,0.9091903719912473,0.6185286103542235,0.16592219473802564,AtoB
1600,18,101,0.000820756797650699,0.9117238183503243,0.9070021881838074,0.6348773841961853,0.18427164380481223,AtoB
1600,19,86,0.002828080745762533,0.8445319740500463,0.8708971553610503,0.6321525885558583,0.1812493816055768,AtoB
1600,20,92,0.0012813200322218925,0.8942307692307693,0.9135667396061269,0.6389645776566758,0.1904456937261075,AtoB
1600,21,94,0.0009526578497589722,0.9299119555143651,0.949671772428884,0.6471389645776566,0.207154486170452,AtoB
1600,22,97,0.00047796117359260367,0.8849629286376274,0.9026258205689278,0.6416893732970027,0.19459051045648754,AtoB
1600,23,94,0.0005841843872115106,0.8995597775718258,0.9398249452954048,0.6403269754768393,0.1941587587137396,AtoB
1600,24,92,0.0019215619861348385,0.8759267840593142,0.8468271334792122,0.6389645776566758,0.18625770182145268,AtoB
1600,25,89,0.0012574678533725419,0.9118396663577386,0.9157549234135668,0.6335149863760218,0.18297638857656848,AtoB
1600,26,86,0.0007082448980261809,0.9228452270620945,0.9091903719912473,0.6376021798365122,0.18535102316168203,AtoB
1600,27,89,0.0008146549144834625,0.914967562557924,0.9091903719912473,0.6471389645776566,0.20542747919946033,AtoB
1600,28,95,0.0008728806003209397,0.9072057460611678,0.9157549234135668,0.6253405994550408,0.17490263098718237,AtoB
1600,29,92,0.00015115381494745867,0.8943466172381835,0.9070021881838074,0.6457765667574932,0.1980445243984709,AtoB
4000,0,228,0.001052760021945282,0.9089434661723819,0.9070021881838074,0.6307901907356949,0.18103350573420285,AtoB
25,0,1,0.009584652549730423,0.8155339805825242,1.0,0.5547675334909378,0.19945811324885737,BtoA
25,1,1,0.008121489594778626,0.7482297977954595,1.0,0.5878644602048857,0.2329565669558554,BtoA
25,2,1,0.009868209521095652,0.8467041389882474,1.0,0.5657998423955871,0.20896028900626729,BtoA
25,3,4,0.018078881715796986,0.7402730126286591,1.0,0.545311268715524,0.17441090341826543,BtoA
25,4,3,0.0063092803437209905,0.9967150886926053,1.0,0.5193065405831363,0.14301431347327512,BtoA
25,5,3,0.00960128596998638,0.8114460909555442,1.0,0.6595744680851063,0.3406770847587509,BtoA
25,6,2,0.0016700080119160978,0.948536389517483,1.0,0.545311268715524,0.1743233257615151,BtoA
25,7,3,0.0120894130321868,0.9498503540404409,1.0,0.43656422379826637,0.09217548372971346,BtoA
25,8,4,0.021626994236247508,0.8054602525731805,1.0,0.5657998423955871,0.2104928979993979,BtoA
25,9,4,0.017603200282531248,0.9552522081903788,1.0,0.4310480693459417,0.0888913216015764,BtoA
25,10,4,0.00408514014054355,0.8047302722826484,1.0,0.5965327029156816,0.2442102958482717,BtoA
25,11,3,0.01719451213070332,0.6688809402146142,1.0,0.5650118203309693,0.2082596677522647,BtoA
25,12,5,0.030235974026240217,0.9824804730272283,1.0,0.41292356185973206,0.07614877254440461,BtoA
25,13,2,0.005701478477048643,0.9989780275932549,1.0,0.5027580772261623,0.13294288294698814,BtoA
25,14,2,0.004849661028703219,0.8432732316227461,1.0,0.4806934594168637,0.11612797285092641,BtoA
25,15,2,0.00490101028857295,0.9388276516534053,1.0,0.6193853427895981,0.2882180683653083,BtoA
25,16,1,0.03140827992039596,0.3917074238995547,1.0,0.5098502758077226,0.13719039929937873,BtoA
25,17,4,0.02969243903351782,0.9418935688736404,1.0,0.5657998423955871,0.20966091026026984,BtoA
25,18,3,0.007641941466486838,0.6451565807723192,1.0,0.3672182821118991,0.05504255726757711,BtoA
25,19,2,0.0025419790311968764,0.9247390320461347,1.0,0.47596532702915684,0.11393853143216837,BtoA
25,20,2,0.00803191063663078,0.6521643915614278,1.0,0.5918045705279747,0.24083855606338433,BtoA
25,21,6,0.048346258952636355,0.8905759544492299,1.0,0.5563435776201734,0.2010345110703632,BtoA
25,22,1,0.020857984663419774,0.39229140813198043,1.0,0.5003940110323088,0.13092859684173075,BtoA
25,23,3,0.003890343432046162,0.9139353237462589,1.0,0.3750985027580772,0.05854566353758997,BtoA
25,24,2,0.0010061204509919054,0.837433389298489,1.0,0.4326241134751773,0.09038014176633187,BtoA
25,25,1,0.006360221352443111,0.8559748886780056,1.0,0.6564223798266351,0.3353348476969813,BtoA
25,26,2,0.009423247844028518,0.67559675888751,1.0,0.6327817178881009,0.3027559593858617,BtoA
25,27,5,0.0256702962416696,0.751441711073801,1.0,0.6359338061465721,0.311294780919018,BtoA
25,28,3,0.014206721897996969,0.8761223446966931,1.0,0.582348305752561,0.22962861599934317,BtoA
25,29,1,0.01058173900218726,0.9161982626469085,1.0,0.47596532702915684,0.11442020854429513,BtoA
50,0,2,0.007672872635920447,0.7926855974888678,1.0,0.6887312844759653,0.37759106707901147,BtoA
50,1,6,0.010900706021264268,0.9690488356814366,1.0,0.5098502758077226,0.13684008867237746,BtoA
50,2,7,0.006790489077608965,0.8580918315205489,1.0,0.3317572892040977,0.03967267850789567,BtoA
50,3,5,0.00302194240664136,0.7848748083801738,1.0,0.5161544523246651,0.14056213908426612,BtoA
50,4,3,0.012330720131962783,0.6937002700927075,1.0,0.5137903861308116,0.14008046197213936,BtoA
50,5,3,0.004108735340955793,0.9768596247901307,1.0,0.5397951142631994,0.1658282930567339,BtoA
50,6,5,0.0031916490993873356,0.8430542375355865,1.0,0.5145784081954294,0.14029940611401517,BtoA
50,7,3,0.008834033139553162,0.9308708664866049,1.0,0.5468873128447597,0.1748925805303922,BtoA
50,8,6,0.011165409561954009,0.9161982626469085,1.0,0.5657998423955871,0.21018637620077177,BtoA
50,9,8,0.009104337930872657,0.9105774144098109,1.0,0.5027580772261623,0.13171679575248366,BtoA
50,10,2,0.011021169004878918,0.8038542959340098,1.0,0.44680851063829785,0.09589753414160213,BtoA
50,11,6,0.010592012415145338,0.7801299364917147,1.0,0.5547675334909378,0.19972084621910835,BtoA
50,12,3,0.008910092274591086,0.735163150594934,1.0,0.557919621749409,0.20160376583924025,BtoA
50,13,3,0.007397367747088124,0.8334184977005621,1.0,0.4720252167060678,0.11096089110265743,BtoA
50,14,3,0.0173609168238213,0.7569165632527922,1.0,0.5350669818754925,0.16455841703385424,BtoA
50,15,4,0.004648033804604581,0.9702898021753412,1.0,0.5547675334909378,0.19805687074085224,BtoA
50,16,3,0.010397333893659192,0.9885393094386452,1.0,0.5043341213553979,0.13368729302936588,BtoA
50,17,3,0.003272181541181066,0.8759033506095335,1.0,0.6516942474389283,0.33174416377021815,BtoA
50,18,5,0.00031707533768632866,0.9751076720928535,1.0,0.5405831363278172,0.17003202058074934,BtoA
50,19,3,0.006902827124681867,0.959340097817359,1.0,0.5547675334909378,0.19963326856235802,BtoA
50,20,3,0.004232869506497638,0.9087524636834805,1.0,0.5657998423955871,0.20979227674539533,BtoA
50,21,5,0.017853880244926283,0.5528870720490546,1.0,0.5177304964539007,0.14156928213689482,BtoA
50,22,3,0.012583939854558633,0.7214395211329294,1.0,0.582348305752561,0.22975998248446866,BtoA
50,23,6,0.012273802365622356,0.8440032119132783,1.0,0.5405831363278172,0.1712143189468787,BtoA
50,24,5,0.00914158521047841,0.8907949485363895,1.0,0.5547675334909378,0.19937053559210707,BtoA
50,25,3,0.0033454059665782225,0.9885393094386452,1.0,0.5657998423955871,0.20904786666301758,BtoA
50,26,3,0.0035548983048800074,0.9308708664866049,1.0,0.582348305752561,0.22962861599934317,BtoA
50,27,3,0.0033806954487133854,0.8040732900211695,1.0,0.541371158392435,0.17156462957387997,BtoA
50,28,7,0.01674812712268454,0.958026133294401,1.0,0.4499605988967691,0.09747393196310791,BtoA
50,29,3,0.012089469641754913,0.4804000291992116,1.0,0.5350669818754925,0.16455841703385424,BtoA
100,0,6,0.008359238695395921,0.6726038396963282,1.0,0.5547675334909378,0.19805687074085224,BtoA
100,1,5,0.00766917031894196,0.9383166654500329,1.0,0.5563435776201734,0.2005528339582364,BtoA
100,2,5,0.0075161528245639864,0.75618658296226,1.0,0.5878644602048857,0.23300035578423056,BtoA
100,3,6,0.00895701582430997,0.984743411927878,1.0,0.5657998423955871,0.21018637620077177,BtoA
100,4,7,0.004098113626787081,0.9902182641068691,1.0,0.47123719464145,0.11004132570677906,BtoA
100,5,10,0.002408197740811005,0.8334184977005621,0.8505586592178771,0.5208825847123719,0.14463450012315607,BtoA
100,6,5,0.0076535000674033205,0.7339221841010293,1.0,0.5397951142631994,0.1660472371986097,BtoA
100,7,5,0.01861161713337288,0.6358858310825608,1.0,0.582348305752561,0.22962861599934317,BtoA
100,8,17,0.0163205348851708,0.9279509453244762,0.9916201117318436,0.5563435776201734,0.20116587755548865,BtoA
100,9,3,0.012248963978342487,0.5690196364698153,1.0,0.5547675334909378,0.1982320260543529,BtoA
100,10,13,0.008228727500609946,0.9056865464632455,0.9720670391061452,0.5003940110323088,0.12983387613235173,BtoA
100,11,10,0.004183324778328871,0.9488283816336959,0.9706703910614525,0.5657998423955871,0.2107118421412737,BtoA
100,12,5,0.0070252755985436705,0.9283159354697423,1.0,0.512214342001576,0.13793480938175648,BtoA
100,13,9,0.004625047152033962,0.8259726987371341,0.88268156424581,0.5200945626477541,0.14445934480965544,BtoA
100,14,13,0.0060069671786741295,0.748375793853566,0.7115921787709497,0.5177304964539007,0.14156928213689482,BtoA
100,15,10,0.008386450307612182,0.7200525585809183,0.6794692737430168,0.5563435776201734,0.20037767864473577,BtoA
100,16,8,0.005176769028331497,0.8125410613913424,1.0,0.5350669818754925,0.16455841703385424,BtoA
100,17,11,0.0018086711487491102,0.9100664282064385,0.8910614525139665,0.5602836879432624,0.20252333123511865,BtoA
100,18,8,0.0017817243532339195,0.8761223446966931,1.0,0.5240346729708432,0.14673636388516378,BtoA
100,19,9,0.0072869079847578885,0.6915833272501642,0.5998603351955307,0.5350669818754925,0.16455841703385424,BtoA
100,20,7,0.0026365576547524583,0.984743411927878,1.0,0.5563435776201734,0.20064041161498672,BtoA
100,21,8,0.0033709051131352876,0.8038542959340098,1.0,0.4988179669030733,0.1268562358028408,BtoA
100,22,6,0.007827986797539047,0.9474414190816848,1.0,0.5405831363278172,0.1708640083198774,BtoA
100,23,6,0.0036356677500800736,0.8617417329732098,1.0,0.5925925925925926,0.24197706560113852,BtoA
100,24,10,0.006369410281163146,0.8592597999854004,0.8987430167597765,0.5003940110323088,0.12983387613235173,BtoA
100,25,6,0.005221717125176828,0.8072122052704577,1.0,0.582348305752561,0.22975998248446866,BtoA
100,26,9,0.0032118188311031203,0.8352434484268925,0.9036312849162011,0.5350669818754925,0.16455841703385424,BtoA
100,27,7,0.0035829958185107686,0.9488283816336959,1.0,0.5547675334909378,0.19805687074085224,BtoA
100,28,5,0.008746117033223725,0.7344331703044018,1.0,0.5397951142631994,0.16578450422835875,BtoA
100,29,11,0.003757637339161795,0.9416745747864808,0.9958100558659218,0.5547675334909378,0.19805687074085224,BtoA
200,0,20,0.008445744614044806,0.7386670559894882,0.7115921787709497,0.582348305752561,0.22962861599934317,BtoA
200,1,22,0.004489892977312369,0.8809402146142055,0.8840782122905028,0.5350669818754925,0.16455841703385424,BtoA
200,2,15,0.0009378622432799772,0.9260529965690927,0.9078212290502793,0.5035460992907801,0.13359971537261556,BtoA
200,3,20,0.004795088819989096,0.9143003138915249,0.973463687150838,0.5130023640661938,0.13907331891951066,BtoA
200,4,17,0.0071579376320606665,0.8067012190670851,0.9720670391061452,0.5563435776201734,0.20085935575686253,BtoA
200,5,21,0.003729770390462711,0.879115263887875,0.8924581005586593,0.5602836879432624,0.2026546977202441,BtoA
200,6,25,0.008902697475939865,0.947514417110738,0.9811452513966481,0.5382190701339638,0.16530282711623198,BtoA
200,7,15,0.0021170372780597285,0.8397693262281919,0.8987430167597765,0.5468873128447597,0.17471742521689154,BtoA
200,8,17,0.005517649645175971,0.9289729177312213,0.9965083798882681,0.5193065405831363,0.14345220175702675,BtoA
200,9,13,0.0038159116131499843,0.9837944375501861,0.9853351955307262,0.5161544523246651,0.14016803962888968,BtoA
200,10,18,0.003101750119930369,0.8581648295496022,0.9420391061452514,0.5657998423955871,0.20966091026026984,BtoA
200,11,19,0.0037317764490771743,0.9143003138915249,0.8910614525139665,0.5232466509062254,0.14625468677303702,BtoA
200,12,17,0.0028466745623201687,0.8388203518505001,0.8833798882681564,0.5468873128447597,0.17484879170201703,BtoA
200,13,24,0.008764510564522982,0.9279509453244762,0.9071229050279329,0.5547675334909378,0.1982320260543529,BtoA
200,14,20,0.006564366999174439,0.8105701146069056,0.8624301675977654,0.5421591804570528,0.17187115137250608,BtoA
200,15,14,0.0027695787189092355,0.9486823855755895,0.9706703910614525,0.5421591804570528,0.17182736254413092,BtoA
200,16,16,0.006321719468290466,0.8683845536170524,0.8945530726256983,0.5547675334909378,0.19805687074085224,BtoA
200,17,23,0.006386770850292931,0.8656836265420834,0.8589385474860335,0.5350669818754925,0.16455841703385424,BtoA
200,18,13,0.005872672608679975,0.9361267245784364,0.9958100558659218,0.5208825847123719,0.14463450012315607,BtoA
200,19,19,0.0019581340244795506,0.9340827797649464,0.9085195530726257,0.5657998423955871,0.2098360655737705,BtoA
200,20,28,0.010165999989392716,0.7810789108694065,0.9036312849162011,0.5618597320724981,0.20493171679575248,BtoA
200,21,21,0.0025312649530866414,0.883860135776334,0.928072625698324,0.5208825847123719,0.14485344426503188,BtoA
200,22,17,0.002520197772595121,0.9164172567340682,0.973463687150838,0.5886524822695035,0.23532116368811407,BtoA
200,23,26,0.005278239289628353,0.9081684794510548,0.9078212290502793,0.5610717100078803,0.2040121513998741,BtoA
200,24,12,0.006633131967327058,0.8067742170961384,0.8987430167597765,0.5657998423955871,0.20966091026026984,BtoA
200,25,16,0.0042376302278265806,0.8326885174100299,0.8296089385474861,0.5161544523246651,0.1403431949423903,BtoA
200,26,8,0.010104843262465244,0.9415285787283744,1.0,0.5547675334909378,0.19805687074085224,BtoA
200,27,13,0.006494449372612647,0.8992627199065625,0.9720670391061452,0.5145784081954294,0.1400366731437642,BtoA
200,28,18,0.004034959857979187,0.8307175706255931,0.928072625698324,0.582348305752561,0.22962861599934317,BtoA
200,29,18,0.0008766373156919939,0.870647492517702,0.9085195530726257,0.5350669818754925,0.16464599469060456,BtoA
400,0,40,0.0023251000959042885,0.882838163369589,0.8812849162011173,0.5587076438140268,0.2019102876378664,BtoA
400,1,41,0.0034840386075824063,0.9375136871304475,0.9420391061452514,0.5130023640661938,0.13920468540463615,BtoA
400,2,36,0.0025260322983378393,0.9289729177312213,0.9769553072625698,0.5177304964539007,0.14078108322614194,BtoA
400,3,36,0.0030473575752770414,0.9584641214687204,0.9720670391061452,0.5137903861308116,0.13942362954651194,BtoA
400,4,29,0.0018578999965354161,0.8707204905467553,0.8924581005586593,0.5350669818754925,0.16455841703385424,BtoA
400,5,42,0.004117437273644013,0.8197678662676108,0.7939944134078212,0.5476753349093775,0.17493636935876736,BtoA
400,6,30,0.0008519862626170093,0.9102124242645449,0.8896648044692738,0.5193065405831363,0.14323325761515093,BtoA
400,7,31,0.0017785406225444243,0.922768085261698,0.9322625698324022,0.5405831363278172,0.1710829524617532,BtoA
400,8,33,0.0014603615913709805,0.9392656398277246,0.9308659217877095,0.5350669818754925,0.16455841703385424,BtoA
400,9,29,0.004525152817411931,0.8376523833856486,0.7891061452513967,0.5350669818754925,0.16455841703385424,BtoA
400,10,31,0.0031533842560174607,0.8483100956274181,0.8722067039106145,0.5405831363278172,0.1712143189468787,BtoA
400,11,34,0.00281210900279046,0.8921819110884006,0.8896648044692738,0.5547675334909378,0.19805687074085224,BtoA
400,12,31,0.0020002233712935855,0.8234177677202715,0.8736033519553073,0.582348305752561,0.22962861599934317,BtoA
400,13,36,0.0005606842679336869,0.9191911818380903,0.8994413407821229,0.5177304964539007,0.14156928213689482,BtoA
400,14,33,0.0009101199546531424,0.9277319512373166,0.9036312849162011,0.5114263199369582,0.1373655546128794,BtoA
400,15,29,0.0032883124705678905,0.8853930943864515,0.8743016759776536,0.5350669818754925,0.16455841703385424,BtoA
400,16,38,0.005114461255145386,0.9087524636834805,0.9036312849162011,0.5397951142631994,0.16613481485536002,BtoA
400,17,35,0.002598558145120795,0.9422585590189065,0.9811452513966481,0.5350669818754925,0.16455841703385424,BtoA
400,18,37,0.00230546971426141,0.9289729177312213,0.9720670391061452,0.5547675334909378,0.19805687074085224,BtoA
400,19,39,0.005191640765645429,0.8751733703190014,0.8987430167597765,0.5547675334909378,0.19805687074085224,BtoA
400,20,28,0.004119115402958831,0.8298415942769545,0.8589385474860335,0.5161544523246651,0.1404745614275158,BtoA
400,21,36,0.004212291228566732,0.9036426016497554,0.8987430167597765,0.5405831363278172,0.1701633870658748,BtoA
400,22,26,0.005334387255161328,0.8942988539309439,0.8896648044692738,0.5350669818754925,0.16455841703385424,BtoA
400,23,34,0.0025553903451506522,0.9095554420030659,0.928072625698324,0.5547675334909378,0.19805687074085224,BtoA
400,24,34,0.0022090979728700806,0.8922549091174539,0.8987430167597765,0.541371158392435,0.17156462957387997,BtoA
400,25,47,0.006751428914287852,0.8761223446966931,0.9420391061452514,0.5437352245862884,0.1741043816196393,BtoA
400,26,34,0.002021300011289841,0.9351047521716913,0.9706703910614525,0.5421591804570528,0.17182736254413092,BtoA
400,27,37,0.002002294178445781,0.8580918315205489,0.8833798882681564,0.5429472025216706,0.17217767317113222,BtoA
400,28,30,0.005064888338241937,0.8595517921016133,0.8072625698324022,0.5626477541371159,0.20720873587126085,BtoA
400,29,32,0.002169902387603919,0.8382363676180743,0.7891061452513967,0.5350669818754925,0.16455841703385424,BtoA
800,0,62,0.002647145727832427,0.8809402146142055,0.8736033519553073,0.5878644602048857,0.23300035578423056,BtoA
800,1,66,0.0004995113979696321,0.9260529965690927,0.9427374301675978,0.5350669818754925,0.16455841703385424,BtoA
800,2,71,0.002364968407181091,0.8940798598437842,0.8868715083798883,0.5602836879432624,0.2027860642053696,BtoA
800,3,73,0.002244534040172462,0.8869260529965691,0.8868715083798883,0.5476753349093775,0.1749801581871425,BtoA
800,4,65,0.001540726815041272,0.9089714577706401,0.8994413407821229,0.5405831363278172,0.17003202058074934,BtoA
800,5,67,0.0008518254969618145,0.9361267245784364,0.9629888268156425,0.5657998423955871,0.20966091026026984,BtoA
800,6,56,0.0031550177746346125,0.8642966639900723,0.8924581005586593,0.5468873128447597,0.1748925805303922,BtoA
800,7,71,0.0019346699692517006,0.8761223446966931,0.8868715083798883,0.5421591804570528,0.1720900955143819,BtoA
800,8,67,0.0007146701407807058,0.9179502153441857,0.9420391061452514,0.5618597320724981,0.20550097156462957,BtoA
800,9,63,0.0026015925545649814,0.9199211621286225,0.9678770949720671,0.5405831363278172,0.17003202058074934,BtoA
800,10,81,0.003514958510276542,0.9229140813198043,0.9078212290502793,0.5657998423955871,0.2106242644845234,BtoA
800,11,74,0.001553870763225232,0.9229140813198043,0.9078212290502793,0.5397951142631994,0.1662661813404855,BtoA
800,12,72,0.0005786196087163251,0.9087524636834805,0.9036312849162011,0.5374310480693459,0.165040094145981,BtoA
800,13,67,0.001342322721124326,0.8946638440762099,0.8868715083798883,0.5602836879432624,0.20247954240674348,BtoA
800,14,74,0.0018545766993808227,0.9237900576684429,0.9078212290502793,0.5200945626477541,0.14432797832452995,BtoA
800,15,59,0.0029417340480357127,0.9203591503029418,0.9036312849162011,0.512214342001576,0.13863543063575906,BtoA
800,16,68,0.004079413514025524,0.8753923644061611,0.8722067039106145,0.5547675334909378,0.19805687074085224,BtoA
800,17,66,0.0013650703950152236,0.8761223446966931,0.8868715083798883,0.5177304964539007,0.14152549330851966,BtoA
800,18,81,0.0025284129310398132,0.9042995839112344,0.8840782122905028,0.5193065405831363,0.14292673581652482,BtoA
800,19,73,0.002034965888134544,0.8072122052704577,0.8505586592178771,0.5382190701339638,0.16530282711623198,BtoA
800,20,72,0.0033772540412644464,0.9409445944959486,0.9720670391061452,0.5602836879432624,0.2027860642053696,BtoA
800,21,76,0.0026837910204018205,0.9289729177312213,0.9036312849162011,0.5476753349093775,0.17524289115739347,BtoA
800,22,66,0.0019395387817369948,0.8907949485363895,0.9036312849162011,0.5468873128447597,0.17458605873176605,BtoA
800,23,71,0.0016851177787435326,0.9355427403460107,0.9420391061452514,0.5571315996847912,0.20151618818248995,BtoA
800,24,67,0.001206016280791149,0.9036426016497554,0.8994413407821229,0.5547675334909378,0.19805687074085224,BtoA
800,25,72,0.0008099782479258445,0.9036426016497554,0.8896648044692738,0.5547675334909378,0.19805687074085224,BtoA
800,26,80,0.0029394002755833747,0.8793342579750347,0.88268156424581,0.5382190701339638,0.16530282711623198,BtoA
800,27,67,0.001080054676680268,0.9296298999927002,0.9629888268156425,0.5547675334909378,0.19805687074085224,BtoA
800,28,77,0.0016938527285486533,0.9223300970873787,0.928072625698324,0.5421591804570528,0.17182736254413092,BtoA
800,29,63,0.0008383576201034517,0.9253230162785605,0.9420391061452514,0.5547675334909378,0.1996770573907332,BtoA
1600,0,145,0.001775150977132413,0.8972187750930725,0.8987430167597765,0.5547675334909378,0.19958947973398286,BtoA
1600,1,125,0.0017048518248211294,0.896050806628221,0.9085195530726257,0.5200945626477541,0.14432797832452995,BtoA
1600,2,148,0.0018614464363945866,0.843565223738959,0.8756983240223464,0.5468873128447597,0.1745422699033909,BtoA
1600,3,154,0.0025289373843606685,0.9056865464632455,0.8987430167597765,0.5445232466509062,0.17423574810476478,BtoA
1600,4,139,0.00040693585267054954,0.8988247317322432,0.8896648044692738,0.5382190701339638,0.16530282711623198,BtoA
1600,5,140,0.0010884014695081913,0.918388203518505,0.9078212290502793,0.5397951142631994,0.16574071539998358,BtoA
1600,6,141,0.0013376634298050943,0.8988247317322432,0.8896648044692738,0.5602836879432624,0.20296121951887025,BtoA
1600,7,145,0.0006036116125351644,0.8869260529965691,0.8868715083798883,0.5405831363278172,0.17055748652125127,BtoA
1600,8,143,0.0016438053493998746,0.8922549091174539,0.8910614525139665,0.5350669818754925,0.16455841703385424,BtoA
1600,9,139,0.0018908900220217797,0.8987517337031901,0.9127094972067039,0.5547675334909378,0.19805687074085224,BtoA
1600,10,164,0.0037008417383699514,0.916344258705015,0.9078212290502793,0.5594956658786446,0.20208544295136704,BtoA
1600,11,136,0.0016064703519475126,0.8834221476020148,0.8868715083798883,0.5468873128447597,0.17467363638851638,BtoA
1600,12,146,0.0013226097218205738,0.8826921673114826,0.8987430167597765,0.5374310480693459,0.16499630531760584,BtoA
1600,13,140,0.0012639506610814585,0.9052485582889263,0.8987430167597765,0.5547675334909378,0.19805687074085224,BtoA
1600,14,155,0.0027146508052762904,0.8829111613986422,0.8924581005586593,0.5618597320724981,0.20528202742275378,BtoA
1600,15,128,0.000607317499374779,0.9178042192860792,0.928072625698324,0.5547675334909378,0.19805687074085224,BtoA
1600,16,156,0.0018560243250685872,0.8896269800715381,0.8987430167597765,0.5350669818754925,0.16455841703385424,BtoA
1600,17,149,0.0016585042508073414,0.8754653624352142,0.8910614525139665,0.5437352245862884,0.1741043816196393,BtoA
1600,18,143,0.0007640165403858777,0.9056865464632455,0.8945530726256983,0.5547675334909378,0.1996770573907332,BtoA
1600,19,153,0.002409412375648131,0.8951748302795824,0.8987430167597765,0.5350669818754925,0.16455841703385424,BtoA
1600,20,138,0.0016085500723124462,0.9052485582889263,0.8945530726256983,0.5350669818754925,0.1646022058622294,BtoA
1600,21,142,0.0009879450546429955,0.9202131542448354,0.9036312849162011,0.5200945626477541,0.14432797832452995,BtoA
1600,22,135,0.0010393211356853357,0.9179502153441857,0.8896648044692738,0.5350669818754925,0.16455841703385424,BtoA
1600,23,137,0.002062924239901175,0.8564858748813782,0.8722067039106145,0.5350669818754925,0.16455841703385424,BtoA
1600,24,149,0.0025392154241907785,0.8946638440762099,0.8896648044692738,0.5547675334909378,0.19805687074085224,BtoA
1600,25,143,0.00183562620461453,0.8998467041389883,0.8910614525139665,0.5437352245862884,0.17414817044801445,BtoA
1600,26,142,0.0004980142332247325,0.9024746331849041,0.9036312849162011,0.5476753349093775,0.1749801581871425,BtoA
1600,27,143,0.00232411360086354,0.8741513979122564,0.8659217877094972,0.5405831363278172,0.17003202058074934,BtoA
1600,28,134,0.002459247712134537,0.8657566245711366,0.8924581005586593,0.5547675334909378,0.19805687074085224,BtoA
1600,29,152,0.0026390989559808326,0.9179502153441857,0.8994413407821229,0.5350669818754925,0.16486493883248035,BtoA
4067,0,358,0.0009000423327520584,0.8972187750930725,0.8924581005586593,0.5547675334909378,0.19805687074085224,BtoA
