Direction,LocalPatients,Rep,Arm,AUROC_ext,AUPRC_ext,MondrianSepticCoverage,Detected48h,FalseEpisodesPerPatientDay,dAUROC_vs_recal_ALL,dAUROC_L,dAUROC_U
AtoB,100,0,retrain + recalibrate,0.7255404375472871,0.059709349694184684,0.9003707136237257,0.5667574931880109,0.15659635709467057,,,
AtoB,100,1,retrain + recalibrate,0.7326479346900542,0.05488047837860702,0.8809082483781279,0.6566757493188011,0.2674702046323364,,,
AtoB,100,2,retrain + recalibrate,0.7229291563394175,0.059347490752529306,0.6385542168674698,0.7506811989100818,0.4126683157184619,,,
AtoB,400,0,retrain + recalibrate,0.759319767809268,0.05945764354312602,0.8981696014828545,0.5504087193460491,0.16536091747245335,,,
AtoB,400,1,retrain + recalibrate,0.745058431944847,0.05625280014150018,0.7694624652455978,0.6226158038147139,0.21289678434899934,,,
AtoB,400,2,retrain + recalibrate,0.7599517844061601,0.06947998584909457,0.8962001853568119,0.6566757493188011,0.2563741848437149,,,
AtoB,1600,0,retrain + recalibrate,0.7522232526399054,0.06256094659807938,0.8371177015755329,0.603542234332425,0.16639712165504836,,,
AtoB,1600,1,retrain + recalibrate,0.7806030274593092,0.06693186994503687,0.8455746061167748,0.6498637602179836,0.20128266246908028,,,
AtoB,1600,2,retrain + recalibrate,0.7409525708563113,0.054796993880538616,0.9414967562557924,0.5708446866485014,0.19705149539015068,,,
AtoB,4000,0,retrain + recalibrate,0.8071324465799866,0.08810990029251231,0.8914504170528267,0.6798365122615804,0.18586912525297955,0.05504214665164375,0.04662836005960801,0.06439213915692472
AtoB,4000,0,recalibrate only (reference),0.7520902999283429,0.06349745563862835,0.9089434661723819,0.6307901907356949,0.18103350573420285,,,
BtoA,100,0,retrain + recalibrate,0.7395897155562405,0.06007250137961684,0.9883933133805387,0.35697399527186763,0.1565450614411998,,,
BtoA,100,1,retrain + recalibrate,0.7345999230834028,0.05895982652212433,0.8110081027812249,0.35776201733648544,0.09878759681436274,,,
BtoA,100,2,retrain + recalibrate,0.7248231155744276,0.056049803768319986,0.8257537046499744,0.5003940110323088,0.2591860751525767,,,
BtoA,400,0,retrain + recalibrate,0.7545221216071427,0.06795663399816734,0.9348857580845317,0.4657210401891253,0.14826897287829444,,,
BtoA,400,1,retrain + recalibrate,0.745396024465415,0.06036414819343569,0.8490400759179502,0.4239558707643814,0.1687183557294945,,,
BtoA,400,2,retrain + recalibrate,0.7330396877475562,0.060095933498836296,0.877071319074385,0.39243498817966904,0.15111524672267987,,,
BtoA,1600,0,retrain + recalibrate,0.7664138227772407,0.07763480224235367,0.8385283597342872,0.47754137115839246,0.14480965543665672,,,
BtoA,1600,1,retrain + recalibrate,0.7624159460858587,0.07268203361478845,0.9366377107818089,0.4933018124507486,0.15146555734968117,,,
BtoA,1600,2,retrain + recalibrate,0.7728399481582218,0.08174201113344126,0.9081684794510548,0.5445232466509062,0.1784394756287802,,,
BtoA,4067,0,retrain + recalibrate,0.7951909700923688,0.09079695393156173,0.9253230162785605,0.628053585500394,0.18286214729467146,0.030537614626114484,0.024056408823269072,0.037078262637006476
BtoA,4067,0,recalibrate only (reference),0.7646533554662543,0.07564232813314364,0.8972187750930725,0.5547675334909378,0.19805687074085224,,,
