Direction,LocalPatients,Reps,MeanLocalSeptic,Reps_degenerate_septic_quantile,Share_meeting_H3_criteria,ECE_mean,Unchanged_ECE,ECE_margin_vs_unchanged,Mondrian_cov_median,Mondrian_cov_P2.5,Mondrian_cov_P97.5,PatientSepticCov_nondegenerate_mean,Detected48h_median,FalseEpisodes_median,Robust_n_80pct_of_resamples,Status
AtoB,25,30,1.4666666666666666,30,0.0666666666666666,0.0147094821353913,0.0035975924334267,-0.0111118897019646,0.467272937905468,0.1118338739573679,1.0,,0.6335149863760218,0.2010451990105689,800,post hoc sensitivity analysis
AtoB,50,30,2.833333333333333,30,0.1,0.0088851785243871,0.0035975924334267,-0.0052875860909603,0.7035449490268768,0.0912853336422613,0.9919369786839666,,0.63283378746594,0.1864735776928266,800,post hoc sensitivity analysis
AtoB,100,30,5.333333333333333,29,0.2666666666666666,0.0059986802166865,0.0035975924334267,-0.0024010877832597,0.865268767377201,0.4155960379981464,0.9811631139944392,0.9835886214442012,0.6226158038147139,0.1715997301551607,800,post hoc sensitivity analysis
AtoB,200,30,11.0,4,0.5333333333333333,0.0035754483148417,0.0035975924334267,2.214411858500465e-05,0.9070898980537534,0.6126679796107507,0.9613154541241892,0.9096111765696012,0.6280653950953679,0.180170002248707,800,post hoc sensitivity analysis
AtoB,400,30,23.2,0,0.6333333333333333,0.0028508449091013,0.0035975924334267,0.0007467475243254,0.894114921223355,0.6751245366079703,0.9610432113067656,0.9145878920495988,0.6403269754768393,0.1911796716887789,800,post hoc sensitivity analysis
AtoB,800,30,44.8,0,0.9333333333333332,0.0015747665796675,0.0035975924334267,0.0020228258537592,0.9090013901760888,0.8431620713623726,0.9383254170528268,0.9218453683442744,0.6389645776566758,0.1901866426804587,800,post hoc sensitivity analysis
AtoB,1600,30,93.66666666666669,0,0.9666666666666668,0.0013010465970196,0.0035975924334267,0.002296545836407,0.9072057460611678,0.8540228220574606,0.930835843373494,0.9065280816921956,0.638283378746594,0.1857180121430177,800,post hoc sensitivity analysis
AtoB,4000,1,228.0,0,1.0,0.0010527600219452,0.0035975924334267,0.0025448324114814,0.908943466172382,0.908943466172382,0.908943466172382,0.9070021881838074,0.6307901907356949,0.1810335057342028,800,post hoc sensitivity analysis
BtoA,25,30,2.6666666666666665,30,0.1333333333333333,0.0133726891758483,0.0052984141978374,-0.0080742749780109,0.8449886853054968,0.3921308124680633,0.997337396890284,,0.5500394011032309,0.1869345083335614,800,post hoc sensitivity analysis
BtoA,50,30,4.133333333333334,30,0.2333333333333333,0.0084381526326717,0.0052984141978374,-0.0031397384348343,0.8669975910650412,0.5329531352653478,0.9885393094386452,,0.5405831363278172,0.170623169763814,800,post hoc sensitivity analysis
BtoA,100,30,8.0,18,0.2666666666666666,0.006557106128994,0.0052984141978374,-0.0012586919311566,0.8472516242061464,0.6174976275640558,0.9862489962771004,0.8623137802607076,0.5476753349093775,0.1844604395303648,800,post hoc sensitivity analysis
BtoA,200,30,18.166666666666668,1,0.4333333333333333,0.0050368300354586,0.0052984141978374,0.0002615841623788,0.8824001751952697,0.769415650777429,0.9583381998686036,0.9161288769023308,0.5445232466509062,0.1732942882946988,800,post hoc sensitivity analysis
BtoA,400,30,34.266666666666666,0,0.7333333333333333,0.003011632212641,0.0052984141978374,0.0022867819851963,0.8932768815241989,0.8224140448207898,0.9467150886926052,0.8978584729981378,0.5401891252955082,0.1681491009606174,800,post hoc sensitivity analysis
BtoA,800,30,69.56666666666666,0,0.9666666666666668,0.0019533989618381,0.0052984141978374,0.0033450152359992,0.9088619607270604,0.8485984378421783,0.9374516388057522,0.9093109869646184,0.5472813238770686,0.1749363693587673,800,post hoc sensitivity analysis
BtoA,1600,30,143.46666666666667,0,0.9666666666666668,0.0016913183087326,0.0052984141978374,0.0036070958891047,0.8979852543981313,0.8529326958172129,0.918890064968246,0.8952513966480447,0.5437352245862884,0.1741262760338268,800,post hoc sensitivity analysis
BtoA,4067,1,358.0,0,1.0,0.000900042332752,0.0052984141978374,0.0043983718650853,0.8972187750930725,0.8972187750930725,0.8972187750930725,0.8924581005586593,0.5547675334909378,0.1980568707408522,800,post hoc sensitivity analysis
