Direction,Setting,Type,Predicted,Observed,N,Status
AtoB,internal_test,spline,0.0008786957726548831,0.0032771408150854536,,post hoc diagnostic analysis
AtoB,internal_test,spline,0.000967858220671792,0.00303130303059947,,post hoc diagnostic analysis
AtoB,internal_test,spline,0.001066058449257283,0.002820311005272106,,post hoc diagnostic analysis
AtoB,internal_test,spline,0.001174210497719127,0.0026417026517361808,,post hoc diagnostic analysis
AtoB,internal_test,spline,0.0012933204084401458,0.002493307816662103,,post hoc diagnostic analysis
AtoB,internal_test,spline,0.0014244953939853207,0.002373331977241326,,post hoc diagnostic analysis
AtoB,internal_test,spline,0.0015689538976467073,0.0022804318614685643,,post hoc diagnostic analysis
AtoB,internal_test,spline,0.0017280366302171017,0.00221379237483577,,post hoc diagnostic analysis
AtoB,internal_test,spline,0.0019032186725224665,0.002173215244133881,,post hoc diagnostic analysis
AtoB,internal_test,spline,0.0020961227403195567,0.002159231658805643,,post hoc diagnostic analysis
AtoB,internal_test,spline,0.0023085337155423105,0.0021732543851842564,,post hoc diagnostic analysis
AtoB,internal_test,spline,0.0025424145555038333,0.0022177900443731483,,post hoc diagnostic analysis
AtoB,internal_test,spline,0.002799923699453289,0.0022967405400494837,,post hoc diagnostic analysis
AtoB,internal_test,spline,0.003083434099744136,0.0024158356672482864,,post hoc diagnostic analysis
AtoB,internal_test,spline,0.0033955540126530312,0.0025832594099527107,,post hoc diagnostic analysis
AtoB,internal_test,spline,0.0037391496914165614,0.0028105647172575895,,post hoc diagnostic analysis
AtoB,internal_test,spline,0.004117370131093931,0.0031138665471707105,,post hoc diagnostic analysis
AtoB,internal_test,spline,0.00453367402112382,0.0035092212124948957,,post hoc diagnostic analysis
AtoB,internal_test,spline,0.0049918590665546,0.004008482211558351,,post hoc diagnostic analysis
AtoB,internal_test,spline,0.005496093842430874,0.004623715064164543,,post hoc diagnostic analysis
AtoB,internal_test,spline,0.006050952347151798,0.0053657199028053215,,post hoc diagnostic analysis
AtoB,internal_test,spline,0.006661451419087381,0.006241319513511996,,post hoc diagnostic analysis
AtoB,internal_test,spline,0.007333091175509649,0.007249786800193431,,post hoc diagnostic analysis
AtoB,internal_test,spline,0.008071898622954725,0.008378543745853418,,post hoc diagnostic analysis
AtoB,internal_test,spline,0.00888447457226807,0.009598594053467947,,post hoc diagnostic analysis
AtoB,internal_test,spline,0.009778043968357075,0.010861326990072322,,post hoc diagnostic analysis
AtoB,internal_test,spline,0.010760509712381097,0.01212531558529355,,post hoc diagnostic analysis
AtoB,internal_test,spline,0.011840510010754696,0.01337936160704577,,post hoc diagnostic analysis
AtoB,internal_test,spline,0.013027479228609308,0.014621249879970034,,post hoc diagnostic analysis
AtoB,internal_test,spline,0.014331712152585819,0.015856651687454624,,post hoc diagnostic analysis
AtoB,internal_test,spline,0.015764431475982055,0.017099515131764668,,post hoc diagnostic analysis
AtoB,internal_test,spline,0.01733785820494392,0.018372364165928617,,post hoc diagnostic analysis
AtoB,internal_test,spline,0.019065284543790202,0.019706740782771102,,post hoc diagnostic analysis
AtoB,internal_test,spline,0.020961148646592157,0.021144050419452273,,post hoc diagnostic analysis
AtoB,internal_test,spline,0.023041110416426955,0.022737102294207272,,post hoc diagnostic analysis
AtoB,internal_test,spline,0.02532212728879386,0.024547245678755273,,post hoc diagnostic analysis
AtoB,internal_test,spline,0.027822528647085218,0.026611701077546665,,post hoc diagnostic analysis
AtoB,internal_test,spline,0.030562087181638088,0.028956608377778616,,post hoc diagnostic analysis
AtoB,internal_test,spline,0.033562085116367976,0.03161030898267192,,post hoc diagnostic analysis
AtoB,internal_test,spline,0.03684537278615108,0.03460313258305564,,post hoc diagnostic analysis
AtoB,internal_test,spline,0.0404364165537256,0.03796700164509904,,post hoc diagnostic analysis
AtoB,internal_test,spline,0.044361332509434935,0.041734873512859164,,post hoc diagnostic analysis
AtoB,internal_test,spline,0.048647901806953935,0.04593999182260432,,post hoc diagnostic analysis
AtoB,internal_test,spline,0.05332556286460129,0.05061492259255829,,post hoc diagnostic analysis
AtoB,internal_test,spline,0.05842537502283461,0.05579035745646137,,post hoc diagnostic analysis
AtoB,internal_test,spline,0.06397994762003714,0.06149367774350905,,post hoc diagnostic analysis
AtoB,internal_test,spline,0.07002332786648391,0.06774728888207499,,post hoc diagnostic analysis
AtoB,internal_test,spline,0.07659084040750794,0.07456675484228602,,post hoc diagnostic analysis
AtoB,internal_test,spline,0.08371887113109264,0.08195878624791894,,post hoc diagnostic analysis
AtoB,internal_test,spline,0.09144458766543938,0.08991916171227088,,post hoc diagnostic analysis
AtoB,internal_test,spline,0.09980558921458986,0.09843068726633936,,post hoc diagnostic analysis
AtoB,internal_test,spline,0.10883947899229295,0.10746131999992167,,post hoc diagnostic analysis
AtoB,internal_test,spline,0.11858335364087687,0.11696259530674381,,post hoc diagnostic analysis
AtoB,internal_test,spline,0.1290732057689273,0.1268684986410219,,post hoc diagnostic analysis
AtoB,internal_test,spline,0.14034323820674113,0.13709490963963622,,post hoc diagnostic analysis
AtoB,internal_test,spline,0.1524250918382507,0.14753971783317685,,post hoc diagnostic analysis
AtoB,internal_test,spline,0.16534699296134103,0.15808366642898722,,post hoc diagnostic analysis
AtoB,internal_test,spline,0.1791328310377312,0.16859192799653708,,post hoc diagnostic analysis
AtoB,internal_test,spline,0.19380118332467158,0.17891635990439037,,post hoc diagnostic analysis
AtoB,internal_test,spline,0.2093643090435148,0.18889833605960404,,post hoc diagnostic analysis
AtoB,internal_test,decile,0.0015172181912922447,0.001718650541056652,15710.0,post hoc diagnostic analysis
AtoB,internal_test,decile,0.0026509602680509716,0.002164364377108664,15709.0,post hoc diagnostic analysis
AtoB,internal_test,decile,0.003978049384847178,0.004519702081609268,15709.0,post hoc diagnostic analysis
AtoB,internal_test,decile,0.005691521838247003,0.006047488700744796,15709.0,post hoc diagnostic analysis
AtoB,internal_test,decile,0.007999875210108911,0.009039404163218537,15709.0,post hoc diagnostic analysis
AtoB,internal_test,decile,0.01123913513994008,0.011585715195111083,15709.0,post hoc diagnostic analysis
AtoB,internal_test,decile,0.01595672802498394,0.015341523967152588,15709.0,post hoc diagnostic analysis
AtoB,internal_test,decile,0.023703366710419612,0.024380928130371123,15709.0,post hoc diagnostic analysis
AtoB,internal_test,decile,0.03933207553046935,0.03583932777388758,15709.0,post hoc diagnostic analysis
AtoB,internal_test,decile,0.11194726841433844,0.10814767663908338,15710.0,post hoc diagnostic analysis
AtoB,external_unchanged,spline,0.0005081417120504787,0.005440060205166951,,post hoc diagnostic analysis
AtoB,external_unchanged,spline,0.0005612204360584282,0.005000784784179614,,post hoc diagnostic analysis
AtoB,external_unchanged,spline,0.000619840141411761,0.004619538772639957,,post hoc diagnostic analysis
AtoB,external_unchanged,spline,0.0006845785051703237,0.004292943048388563,,post hoc diagnostic analysis
AtoB,external_unchanged,spline,0.0007560732642505392,0.004017701970294739,,post hoc diagnostic analysis
AtoB,external_unchanged,spline,0.0008350284232193675,0.003790847064455146,,post hoc diagnostic analysis
AtoB,external_unchanged,spline,0.0009222210956970096,0.0036099434770240552,,post hoc diagnostic analysis
AtoB,external_unchanged,spline,0.0010185090422672074,0.0034732772505452645,,post hoc diagnostic analysis
AtoB,external_unchanged,spline,0.0011248389736440627,0.003380043842161145,,post hoc diagnostic analysis
AtoB,external_unchanged,spline,0.0012422556941490501,0.0033305616371255564,,post hoc diagnostic analysis
AtoB,external_unchanged,spline,0.0013719121673251458,0.0033265395952123368,,post hoc diagnostic analysis
AtoB,external_unchanged,spline,0.0015150805927650675,0.003371437035933299,,post hoc diagnostic analysis
AtoB,external_unchanged,spline,0.001673164590957904,0.003470968021039713,,post hoc diagnostic analysis
AtoB,external_unchanged,spline,0.0018477126011532481,0.003633826097629041,,post hoc diagnostic analysis
AtoB,external_unchanged,spline,0.0020404326058810823,0.0038727425973108464,,post hoc diagnostic analysis
AtoB,external_unchanged,spline,0.0022532083048085153,0.004206004884924286,,post hoc diagnostic analysis
AtoB,external_unchanged,spline,0.0024881168699985266,0.0046511274393110195,,post hoc diagnostic analysis
AtoB,external_unchanged,spline,0.002747448424270344,0.005212054822992402,,post hoc diagnostic analysis
AtoB,external_unchanged,spline,0.0030337273941205864,0.005887496119388858,,post hoc diagnostic analysis
AtoB,external_unchanged,spline,0.003349735898379724,0.00666860746973476,,post hoc diagnostic analysis
AtoB,external_unchanged,spline,0.0036985393432269033,0.007534247007743147,,post hoc diagnostic analysis
AtoB,external_unchanged,spline,0.0040835144030793484,0.008446357893755762,,post hoc diagnostic analysis
AtoB,external_unchanged,spline,0.004508379574841063,0.009346686738134836,,post hoc diagnostic analysis
AtoB,external_unchanged,spline,0.004977228499573154,0.0101691996438402,,post hoc diagnostic analysis
AtoB,external_unchanged,spline,0.005494566250251221,0.010893313251557304,,post hoc diagnostic analysis
AtoB,external_unchanged,spline,0.006065348786178555,0.011521228276110526,,post hoc diagnostic analysis
AtoB,external_unchanged,spline,0.0066950257729370116,0.012064805499773033,,post hoc diagnostic analysis
AtoB,external_unchanged,spline,0.007389586960389475,0.012544062161121269,,post hoc diagnostic analysis
AtoB,external_unchanged,spline,0.008155612298878413,0.012985630462865331,,post hoc diagnostic analysis
AtoB,external_unchanged,spline,0.009000325953803389,0.0134215626414389,,post hoc diagnostic analysis
AtoB,external_unchanged,spline,0.009931654349304164,0.013888789083236562,,post hoc diagnostic analysis
AtoB,external_unchanged,spline,0.010958288330572566,0.014429363625784944,,post hoc diagnostic analysis
AtoB,external_unchanged,spline,0.01208974947871225,0.015077309980531882,,post hoc diagnostic analysis
AtoB,external_unchanged,spline,0.013336460538971999,0.015842991350252175,,post hoc diagnostic analysis
AtoB,external_unchanged,spline,0.014709819829031301,0.01673530617911532,,post hoc diagnostic analysis
AtoB,external_unchanged,spline,0.016222279374750393,0.017764748968922967,,post hoc diagnostic analysis
AtoB,external_unchanged,spline,0.017887426371842628,0.018943422518144737,,post hoc diagnostic analysis
AtoB,external_unchanged,spline,0.01972006738822441,0.020285047376651225,,post hoc diagnostic analysis
AtoB,external_unchanged,spline,0.021736314497865426,0.02180495933553568,,post hoc diagnostic analysis
AtoB,external_unchanged,spline,0.0239536722670087,0.023520084771951093,,post hoc diagnostic analysis
AtoB,external_unchanged,spline,0.026391124191750468,0.02544888248073564,,post hoc diagnostic analysis
AtoB,external_unchanged,spline,0.029069216806446207,0.027611239362742943,,post hoc diagnostic analysis
AtoB,external_unchanged,spline,0.032010139240134156,0.030028306153093882,,post hoc diagnostic analysis
AtoB,external_unchanged,spline,0.03523779548924137,0.03272225845158486,,post hoc diagnostic analysis
AtoB,external_unchanged,spline,0.03877786609736382,0.035715967898583896,,post hoc diagnostic analysis
AtoB,external_unchanged,spline,0.042657855288029206,0.03903256870310968,,post hoc diagnostic analysis
AtoB,external_unchanged,spline,0.04690711888953083,0.04269490618854541,,post hoc diagnostic analysis
AtoB,external_unchanged,spline,0.05155686763356139,0.04672485689881938,,post hoc diagnostic analysis
AtoB,external_unchanged,spline,0.056640139620669695,0.05114251439996681,,post hoc diagnostic analysis
AtoB,external_unchanged,spline,0.0621917349546195,0.055965241435100024,,post hoc diagnostic analysis
AtoB,external_unchanged,spline,0.06824810479585068,0.061206597615512844,,post hoc diagnostic analysis
AtoB,external_unchanged,spline,0.07484718642717234,0.06687516220850159,,post hoc diagnostic analysis
AtoB,external_unchanged,spline,0.08202817543474054,0.07297328337716937,,post hoc diagnostic analysis
AtoB,external_unchanged,spline,0.08983122587420683,0.0794957976669877,,post hoc diagnostic analysis
AtoB,external_unchanged,spline,0.09829706942345379,0.08642877550453491,,post hoc diagnostic analysis
AtoB,external_unchanged,spline,0.10746654514346879,0.09374835857643392,,post hoc diagnostic analysis
AtoB,external_unchanged,spline,0.11738003271328774,0.10141976163907139,,post hoc diagnostic analysis
AtoB,external_unchanged,spline,0.12807678401310066,0.10939651307738706,,post hoc diagnostic analysis
AtoB,external_unchanged,spline,0.13959415083283566,0.117620004214315,,post hoc diagnostic analysis
AtoB,external_unchanged,spline,0.15196671038798207,0.1260194064114067,,post hoc diagnostic analysis
AtoB,external_unchanged,decile,0.0009366351800790017,0.004355901836053717,60837.0,post hoc diagnostic analysis
AtoB,external_unchanged,decile,0.0016006784406952192,0.0032217236221378435,60837.0,post hoc diagnostic analysis
AtoB,external_unchanged,decile,0.002208344019112485,0.003879218238900669,60837.0,post hoc diagnostic analysis
AtoB,external_unchanged,decile,0.0029334135465052488,0.005670891069579367,60837.0,post hoc diagnostic analysis
AtoB,external_unchanged,decile,0.003914468137231408,0.008613179479593011,60837.0,post hoc diagnostic analysis
AtoB,external_unchanged,decile,0.005312947658792208,0.01171984154379736,60837.0,post hoc diagnostic analysis
AtoB,external_unchanged,decile,0.007439461792842927,0.012065026217597844,60837.0,post hoc diagnostic analysis
AtoB,external_unchanged,decile,0.01084171573451997,0.013166329700675576,60837.0,post hoc diagnostic analysis
AtoB,external_unchanged,decile,0.017629731769907692,0.017620855729243715,60837.0,post hoc diagnostic analysis
AtoB,external_unchanged,decile,0.06989374355676842,0.061574370859838586,60837.0,post hoc diagnostic analysis
AtoB,external_recalibrated_ALL,spline,0.001539678258597995,0.00544006020518376,,post hoc diagnostic analysis
AtoB,external_recalibrated_ALL,spline,0.001655647609409894,0.005000784784195714,,post hoc diagnostic analysis
AtoB,external_recalibrated_ALL,spline,0.0017803362558171589,0.004619538772655075,,post hoc diagnostic analysis
AtoB,external_recalibrated_ALL,spline,0.0019143973347786458,0.004292943048402458,,post hoc diagnostic analysis
AtoB,external_recalibrated_ALL,spline,0.002058532527624772,0.004017701970307199,,post hoc diagnostic analysis
AtoB,external_recalibrated_ALL,spline,0.0022134956086883725,0.003790847064465977,,post hoc diagnostic analysis
AtoB,external_recalibrated_ALL,spline,0.002380096244028322,0.0036099434770330385,,post hoc diagnostic analysis
AtoB,external_recalibrated_ALL,spline,0.0025592040563981963,0.0034732772505521752,,post hoc diagnostic analysis
AtoB,external_recalibrated_ALL,spline,0.002751752973416513,0.003380043842165696,,post hoc diagnostic analysis
AtoB,external_recalibrated_ALL,spline,0.0029587458766977453,0.0033305616371273757,,post hoc diagnostic analysis
AtoB,external_recalibrated_ALL,spline,0.00318125957049522,0.0033265395952109442,,post hoc diagnostic analysis
AtoB,external_recalibrated_ALL,spline,0.0034204500891768155,0.0033714370359280315,,post hoc diagnostic analysis
AtoB,external_recalibrated_ALL,spline,0.0036775583635887408,0.0034709680210296676,,post hoc diagnostic analysis
AtoB,external_recalibrated_ALL,spline,0.003953916267045306,0.0036338260976129656,,post hoc diagnostic analysis
AtoB,external_recalibrated_ALL,spline,0.004250953062294396,0.003872742597286972,,post hoc diagnostic analysis
AtoB,external_recalibrated_ALL,spline,0.004570202271326634,0.00420600488489016,,post hoc diagnostic analysis
AtoB,external_recalibrated_ALL,spline,0.0049133089902941105,0.004651127439265017,,post hoc diagnostic analysis
AtoB,external_recalibrated_ALL,spline,0.005282037672051253,0.005212054822933627,,post hoc diagnostic analysis
AtoB,external_recalibrated_ALL,spline,0.005678280398888779,0.005887496119316938,,post hoc diagnostic analysis
AtoB,external_recalibrated_ALL,spline,0.0061040656678601575,0.006668607469650356,,post hoc diagnostic analysis
AtoB,external_recalibrated_ALL,spline,0.00656156771064911,0.0075342470076486204,,post hoc diagnostic analysis
AtoB,external_recalibrated_ALL,spline,0.007053116369140287,0.008446357893655849,,post hoc diagnostic analysis
AtoB,external_recalibrated_ALL,spline,0.007581207546668688,0.009346686738037095,,post hoc diagnostic analysis
AtoB,external_recalibrated_ALL,spline,0.008148514253262525,0.010169199643750557,,post hoc diagnostic analysis
AtoB,external_recalibrated_ALL,spline,0.00875789826097508,0.010893313251476777,,post hoc diagnostic analysis
AtoB,external_recalibrated_ALL,spline,0.00941242238252809,0.011521228276038933,,post hoc diagnostic analysis
AtoB,external_recalibrated_ALL,spline,0.010115363382854474,0.012064805499708954,,post hoc diagnostic analysis
AtoB,external_recalibrated_ALL,spline,0.010870225528610987,0.012544062161062158,,post hoc diagnostic analysis
AtoB,external_recalibrated_ALL,spline,0.011680754775195803,0.012985630462807637,,post hoc diagnostic analysis
AtoB,external_recalibrated_ALL,spline,0.012550953584101892,0.013421562641378048,,post hoc diagnostic analysis
AtoB,external_recalibrated_ALL,spline,0.013485096355397685,0.013888789083166944,,post hoc diagnostic analysis
AtoB,external_recalibrated_ALL,spline,0.014487745450568966,0.014429363625699939,,post hoc diagnostic analysis
AtoB,external_recalibrated_ALL,spline,0.015563767769681016,0.015077309980428067,,post hoc diagnostic analysis
AtoB,external_recalibrated_ALL,spline,0.016718351833612206,0.01584299135012754,,post hoc diagnostic analysis
AtoB,external_recalibrated_ALL,spline,0.017957025306738518,0.016735306178967516,,post hoc diagnostic analysis
AtoB,external_recalibrated_ALL,spline,0.019285672877669437,0.017764748968749314,,post hoc diagnostic analysis
AtoB,external_recalibrated_ALL,spline,0.02071055439519405,0.018943422517942152,,post hoc diagnostic analysis
AtoB,external_recalibrated_ALL,spline,0.022238323133231517,0.020285047376416232,,post hoc diagnostic analysis
AtoB,external_recalibrated_ALL,spline,0.023876044032030568,0.021804959335264378,,post hoc diagnostic analysis
AtoB,external_recalibrated_ALL,spline,0.02563121173287376,0.02352008477163916,,post hoc diagnostic analysis
AtoB,external_recalibrated_ALL,spline,0.02751176818987649,0.0254488824803783,,post hoc diagnostic analysis
AtoB,external_recalibrated_ALL,spline,0.02952611960492097,0.027611239362334943,,post hoc diagnostic analysis
AtoB,external_recalibrated_ALL,spline,0.03168315239016934,0.030028306152629608,,post hoc diagnostic analysis
AtoB,external_recalibrated_ALL,spline,0.03399224781686309,0.032722258451058264,,post hoc diagnostic analysis
AtoB,external_recalibrated_ALL,spline,0.03646329495923133,0.03571596789798861,,post hoc diagnostic analysis
AtoB,external_recalibrated_ALL,spline,0.03910670148841019,0.03903256870243907,,post hoc diagnostic analysis
AtoB,external_recalibrated_ALL,spline,0.04193340181358444,0.04269490618779278,,post hoc diagnostic analysis
AtoB,external_recalibrated_ALL,spline,0.04495486200655335,0.046724856897978014,,post hoc diagnostic analysis
AtoB,external_recalibrated_ALL,spline,0.048183080882284214,0.05114251439903025,,post hoc diagnostic analysis
AtoB,external_recalibrated_ALL,spline,0.0516305865427184,0.0559652414340623,,post hoc diagnostic analysis
AtoB,external_recalibrated_ALL,spline,0.055310427625440216,0.061206597614368675,,post hoc diagnostic analysis
AtoB,external_recalibrated_ALL,spline,0.059236158434500884,0.06687516220724682,,post hoc diagnostic analysis
AtoB,external_recalibrated_ALL,spline,0.06342181706984523,0.07297328337580138,,post hoc diagnostic analysis
AtoB,external_recalibrated_ALL,spline,0.06788189561704998,0.07949579766550548,,post hoc diagnostic analysis
AtoB,external_recalibrated_ALL,spline,0.07263130141362284,0.08642877550293972,,post hoc diagnostic analysis
AtoB,external_recalibrated_ALL,spline,0.07768530837568273,0.09374835857472956,,post hoc diagnostic analysis
AtoB,external_recalibrated_ALL,spline,0.08305949735377956,0.10141976163726467,,post hoc diagnostic analysis
AtoB,external_recalibrated_ALL,spline,0.08876968449383553,0.10939651307548806,,post hoc diagnostic analysis
AtoB,external_recalibrated_ALL,spline,0.09483183661414807,0.11762000421233704,,post hoc diagnostic analysis
AtoB,external_recalibrated_ALL,spline,0.10126197267796373,0.1260194064093668,,post hoc diagnostic analysis
AtoB,external_recalibrated_ALL,decile,0.0023902425107015183,0.004355901836053717,60837.0,post hoc diagnostic analysis
AtoB,external_recalibrated_ALL,decile,0.003556468789323502,0.0032217236221378435,60837.0,post hoc diagnostic analysis
AtoB,external_recalibrated_ALL,decile,0.004500502065193581,0.003879218238900669,60837.0,post hoc diagnostic analysis
AtoB,external_recalibrated_ALL,decile,0.005536919254905132,0.005670891069579367,60837.0,post hoc diagnostic analysis
AtoB,external_recalibrated_ALL,decile,0.006834072871514461,0.008613179479593011,60837.0,post hoc diagnostic analysis
AtoB,external_recalibrated_ALL,decile,0.008538653522860774,0.01171984154379736,60837.0,post hoc diagnostic analysis
AtoB,external_recalibrated_ALL,decile,0.010912437760940426,0.012065026217597844,60837.0,post hoc diagnostic analysis
AtoB,external_recalibrated_ALL,decile,0.01435481751858466,0.013166329700675576,60837.0,post hoc diagnostic analysis
AtoB,external_recalibrated_ALL,decile,0.020432680668061004,0.017620855729243715,60837.0,post hoc diagnostic analysis
AtoB,external_recalibrated_ALL,decile,0.05472178600161139,0.061574370859838586,60837.0,post hoc diagnostic analysis
BtoA,internal_test,spline,0.000317384196487089,0.0022243812388932113,,post hoc diagnostic analysis
BtoA,internal_test,spline,0.00035501467269874796,0.0019740609440242547,,post hoc diagnostic analysis
BtoA,internal_test,spline,0.00039710501255646615,0.0017626830583329855,,post hoc diagnostic analysis
BtoA,internal_test,spline,0.0004441833420729348,0.0015859470169625096,,post hoc diagnostic analysis
BtoA,internal_test,spline,0.0004968402148493753,0.0014399325472764114,,post hoc diagnostic analysis
BtoA,internal_test,spline,0.0005557359633074206,0.0013212125655964351,,post hoc diagnostic analysis
BtoA,internal_test,spline,0.0006216089085190403,0.0012269252703914235,,post hoc diagnostic analysis
BtoA,internal_test,spline,0.0006952845271398228,0.0011548243250906589,,post hoc diagnostic analysis
BtoA,internal_test,spline,0.0007776856848029156,0.0011033247714245513,,post hoc diagnostic analysis
BtoA,internal_test,spline,0.0008698440572632958,0.0010715621693444517,,post hoc diagnostic analysis
BtoA,internal_test,spline,0.0009729128736717705,0.0010594842512164537,,post hoc diagnostic analysis
BtoA,internal_test,spline,0.00108818113067895,0.0010679991808042136,,post hoc diagnostic analysis
BtoA,internal_test,spline,0.0012170894416882144,0.001099213986584783,,post hoc diagnostic analysis
BtoA,internal_test,spline,0.0013612477025490794,0.0011568137126718853,,post hoc diagnostic analysis
BtoA,internal_test,spline,0.0015224547733467828,0.0012466595659802317,,post hoc diagnostic analysis
BtoA,internal_test,spline,0.0017027203957138992,0.0013758830264021206,,post hoc diagnostic analysis
BtoA,internal_test,spline,0.0019042895862443339,0.0015492548930628356,,post hoc diagnostic analysis
BtoA,internal_test,spline,0.0021296697690608257,0.0017718567013710143,,post hoc diagnostic analysis
BtoA,internal_test,spline,0.002381660934242667,0.0020490623289410943,,post hoc diagnostic analysis
BtoA,internal_test,spline,0.0026633891334466027,0.0023853903744619673,,post hoc diagnostic analysis
BtoA,internal_test,spline,0.002978343649328328,0.0027829115275032146,,post hoc diagnostic analysis
BtoA,internal_test,spline,0.0033304182008337836,0.0032391783977819173,,post hoc diagnostic analysis
BtoA,internal_test,spline,0.0037239565714404484,0.0037448477421779427,,post hoc diagnostic analysis
BtoA,internal_test,spline,0.004163803071127492,0.004288716671872497,,post hoc diagnostic analysis
BtoA,internal_test,spline,0.004655358264097387,0.004869440683151485,,post hoc diagnostic analysis
BtoA,internal_test,spline,0.005204640411569509,0.005488307694024476,,post hoc diagnostic analysis
BtoA,internal_test,spline,0.005818353090394728,0.006148283007276353,,post hoc diagnostic analysis
BtoA,internal_test,spline,0.006503959451348434,0.0068544517210460155,,post hoc diagnostic analysis
BtoA,internal_test,spline,0.007269763572653032,0.00761449956691959,,post hoc diagnostic analysis
BtoA,internal_test,spline,0.008124999340692185,0.008439266224293827,,post hoc diagnostic analysis
BtoA,internal_test,spline,0.009079927246216498,0.009343420382530587,,post hoc diagnostic analysis
BtoA,internal_test,spline,0.010145939414725351,0.010346324264819089,,post hoc diagnostic analysis
BtoA,internal_test,spline,0.011335673086996354,0.011473173467035684,,post hoc diagnostic analysis
BtoA,internal_test,spline,0.012663132621330602,0.012752046413730999,,post hoc diagnostic analysis
BtoA,internal_test,spline,0.014143819892769149,0.014204691387803699,,post hoc diagnostic analysis
BtoA,internal_test,spline,0.015794872704323216,0.015853414630369624,,post hoc diagnostic analysis
BtoA,internal_test,spline,0.01763521048728175,0.017722919322937902,,post hoc diagnostic analysis
BtoA,internal_test,spline,0.019685686136177234,0.019840390275375843,,post hoc diagnostic analysis
BtoA,internal_test,spline,0.021969242281535805,0.022235528009471303,,post hoc diagnostic analysis
BtoA,internal_test,spline,0.024511069631287394,0.024940514397795075,,post hoc diagnostic analysis
BtoA,internal_test,spline,0.02733876419017626,0.027989889420551722,,post hoc diagnostic analysis
BtoA,internal_test,spline,0.030482479176685832,0.03142031642456411,,post hoc diagnostic analysis
BtoA,internal_test,spline,0.03397506628208151,0.03527021188741791,,post hoc diagnostic analysis
BtoA,internal_test,spline,0.03785219954412776,0.03957921557712667,,post hoc diagnostic analysis
BtoA,internal_test,spline,0.04215247353500706,0.044387478699677144,,post hoc diagnostic analysis
BtoA,internal_test,spline,0.04691746579796817,0.049734751725553146,,post hoc diagnostic analysis
BtoA,internal_test,spline,0.05219175153804675,0.05565926063190399,,post hoc diagnostic analysis
BtoA,internal_test,spline,0.05802285653270764,0.06219637070801463,,post hoc diagnostic analysis
BtoA,internal_test,spline,0.06446113216694864,0.06937705100650214,,post hoc diagnostic analysis
BtoA,internal_test,spline,0.071559534546815,0.077226169733041,,post hoc diagnostic analysis
BtoA,internal_test,spline,0.0793732879914124,0.08576067055801911,,post hoc diagnostic analysis
BtoA,internal_test,spline,0.08795941209401688,0.09498770056227156,,post hoc diagnostic analysis
BtoA,internal_test,spline,0.09737609129173914,0.10490278019308483,,post hoc diagnostic analysis
BtoA,internal_test,spline,0.10768186686908937,0.11548812155818487,,post hoc diagnostic analysis
BtoA,internal_test,spline,0.11893463397541917,0.12671121070743363,,post hoc diagnostic analysis
BtoA,internal_test,spline,0.13119043101823263,0.1385237694931709,,post hoc diagnostic analysis
BtoA,internal_test,spline,0.14450201614464853,0.1508612011219768,,post hoc diagnostic analysis
BtoA,internal_test,spline,0.1589172357982967,0.16364259984859167,,post hoc diagnostic analysis
BtoA,internal_test,spline,0.17447720372139663,0.17677137036615062,,post hoc diagnostic analysis
BtoA,internal_test,spline,0.1912143251626557,0.1901364591533492,,post hoc diagnostic analysis
BtoA,internal_test,decile,0.000590356030324206,0.0012517293629356347,15179.0,post hoc diagnostic analysis
BtoA,internal_test,decile,0.0010371206432616762,0.0018446537980104092,15179.0,post hoc diagnostic analysis
BtoA,internal_test,decile,0.0015102505063120139,0.001515251334079979,15179.0,post hoc diagnostic analysis
BtoA,internal_test,decile,0.0021347175008716085,0.0009223876663592041,15178.0,post hoc diagnostic analysis
BtoA,internal_test,decile,0.003034288928104577,0.003228144146518216,15179.0,post hoc diagnostic analysis
BtoA,internal_test,decile,0.004365437207579799,0.004677514987812109,15179.0,post hoc diagnostic analysis
BtoA,internal_test,decile,0.006604780537736431,0.006390828831203057,15178.0,post hoc diagnostic analysis
BtoA,internal_test,decile,0.011417161535291735,0.012517293629356347,15179.0,post hoc diagnostic analysis
BtoA,internal_test,decile,0.023381103618208755,0.02332169444627446,15179.0,post hoc diagnostic analysis
BtoA,internal_test,decile,0.08390620201838794,0.08748929441992226,15179.0,post hoc diagnostic analysis
BtoA,external_unchanged,spline,0.0004175761446042813,0.003952650465638607,,post hoc diagnostic analysis
BtoA,external_unchanged,spline,0.0004650091202012377,0.0037581146566420857,,post hoc diagnostic analysis
BtoA,external_unchanged,spline,0.0005178272732404321,0.003589330639804563,,post hoc diagnostic analysis
BtoA,external_unchanged,spline,0.0005766413255676227,0.003445289327558085,,post hoc diagnostic analysis
BtoA,external_unchanged,spline,0.0006421310989082982,0.003325168118335325,,post hoc diagnostic analysis
BtoA,external_unchanged,spline,0.0007150532945420003,0.0032283750037284975,,post hoc diagnostic analysis
BtoA,external_unchanged,spline,0.0007962501395854099,0.003154593943506781,,post hoc diagnostic analysis
BtoA,external_unchanged,spline,0.0008866589941863235,0.003103834772568185,,post hoc diagnostic analysis
BtoA,external_unchanged,spline,0.000987323023651147,0.0030764914628144437,,post hoc diagnostic analysis
BtoA,external_unchanged,spline,0.0010994030501175042,0.0030734133762933074,,post hoc diagnostic analysis
BtoA,external_unchanged,spline,0.0012241907098842434,0.0030959953255414443,,post hoc diagnostic analysis
BtoA,external_unchanged,spline,0.0013631230549586205,0.003146293957077535,,post hoc diagnostic analysis
BtoA,external_unchanged,spline,0.0015177987507982147,0.0032271804129573355,,post hoc diagnostic analysis
BtoA,external_unchanged,spline,0.0016899960366197268,0.003342542718550479,,post hoc diagnostic analysis
BtoA,external_unchanged,spline,0.001881692630002063,0.003497556353063948,,post hoc diagnostic analysis
BtoA,external_unchanged,spline,0.0020950877737797584,0.0036990486626306165,,post hoc diagnostic analysis
BtoA,external_unchanged,spline,0.0023326266403171855,0.003955993184505539,,post hoc diagnostic analysis
BtoA,external_unchanged,spline,0.0025970273260332434,0.004280185076861856,,post hoc diagnostic analysis
BtoA,external_unchanged,spline,0.0028913106873015896,0.0046871709661214615,,post hoc diagnostic analysis
BtoA,external_unchanged,spline,0.0032188332872870977,0.005195823982630882,,post hoc diagnostic analysis
BtoA,external_unchanged,spline,0.003583323741489469,0.005819121863071812,,post hoc diagnostic analysis
BtoA,external_unchanged,spline,0.003988922767206707,0.006566649771022824,,post hoc diagnostic analysis
BtoA,external_unchanged,spline,0.004440227258089612,0.007446250983710189,,post hoc diagnostic analysis
BtoA,external_unchanged,spline,0.004942338718507141,0.00846183639146141,,post hoc diagnostic analysis
BtoA,external_unchanged,spline,0.005500916402394837,0.009610662440063398,,post hoc diagnostic analysis
BtoA,external_unchanged,spline,0.006122235506110733,0.010880194468373548,,post hoc diagnostic analysis
BtoA,external_unchanged,spline,0.006813250762688848,0.012244844139480139,,post hoc diagnostic analysis
BtoA,external_unchanged,spline,0.0075816657734116884,0.013663086970857002,,post hoc diagnostic analysis
BtoA,external_unchanged,spline,0.008436008388926903,0.015075859349380336,,post hoc diagnostic analysis
BtoA,external_unchanged,spline,0.009385712412669793,0.016429824039658845,,post hoc diagnostic analysis
BtoA,external_unchanged,spline,0.010441205839834381,0.017712225381653273,,post hoc diagnostic analysis
BtoA,external_unchanged,spline,0.011614005760409692,0.01892375767840775,,post hoc diagnostic analysis
BtoA,external_unchanged,spline,0.01291681993874034,0.0200741105513234,,post hoc diagnostic analysis
BtoA,external_unchanged,spline,0.014363654927476497,0.02118150303193067,,post hoc diagnostic analysis
BtoA,external_unchanged,spline,0.01596993037228282,0.022272143815073607,,post hoc diagnostic analysis
BtoA,external_unchanged,spline,0.017752598905700568,0.023379858140922107,,post hoc diagnostic analysis
BtoA,external_unchanged,spline,0.019730270703334923,0.024546109621485804,,post hoc diagnostic analysis
BtoA,external_unchanged,spline,0.02192334137122107,0.025820638684568978,,post hoc diagnostic analysis
BtoA,external_unchanged,spline,0.02435412133713949,0.02726279828417152,,post hoc diagnostic analysis
BtoA,external_unchanged,spline,0.027046964317767874,0.02892434918660644,,post hoc diagnostic analysis
BtoA,external_unchanged,spline,0.030028391715206982,0.030826898151241382,,post hoc diagnostic analysis
BtoA,external_unchanged,spline,0.03332720894939119,0.0329901227556414,,post hoc diagnostic analysis
BtoA,external_unchanged,spline,0.03697460874899497,0.035435591610480786,,post hoc diagnostic analysis
BtoA,external_unchanged,spline,0.0410042552996121,0.038186506330285704,,post hoc diagnostic analysis
BtoA,external_unchanged,spline,0.04545234188909693,0.04126735553455539,,post hoc diagnostic analysis
BtoA,external_unchanged,spline,0.050357613312399116,0.044703459666656696,,post hoc diagnostic analysis
BtoA,external_unchanged,spline,0.05576134283426991,0.04852038641121344,,post hoc diagnostic analysis
BtoA,external_unchanged,spline,0.06170725201115905,0.052743218986588465,,post hoc diagnostic analysis
BtoA,external_unchanged,spline,0.06824136022350248,0.05739566407300029,,post hoc diagnostic analysis
BtoA,external_unchanged,spline,0.07541174947910353,0.06249899303925572,,post hoc diagnostic analysis
BtoA,external_unchanged,spline,0.08326822906817681,0.06807081974260397,,post hoc diagnostic analysis
BtoA,external_unchanged,spline,0.09186188417348728,0.07412373054157272,,post hoc diagnostic analysis
BtoA,external_unchanged,spline,0.10124449280020789,0.08066379696455905,,post hoc diagnostic analysis
BtoA,external_unchanged,spline,0.11146779666343992,0.08768901793731208,,post hoc diagnostic analysis
BtoA,external_unchanged,spline,0.12258261425750536,0.09518775528660589,,post hoc diagnostic analysis
BtoA,external_unchanged,spline,0.13463778853634234,0.10313724159755654,,post hoc diagnostic analysis
BtoA,external_unchanged,spline,0.14767896773674033,0.11150225122772434,,post hoc diagnostic analysis
BtoA,external_unchanged,spline,0.16174722607878472,0.12023403108084398,,post hoc diagnostic analysis
BtoA,external_unchanged,spline,0.17687754144866225,0.12926958559508048,,post hoc diagnostic analysis
BtoA,external_unchanged,spline,0.19309715957122076,0.13853139900429945,,post hoc diagnostic analysis
BtoA,external_unchanged,decile,0.0008830339975206872,0.0018640506769031482,63303.0,post hoc diagnostic analysis
BtoA,external_unchanged,decile,0.0017944946894652082,0.004107295188145714,63302.0,post hoc diagnostic analysis
BtoA,external_unchanged,decile,0.0029551163863304744,0.0056712268174781205,63302.0,post hoc diagnostic analysis
BtoA,external_unchanged,decile,0.004534888407500604,0.008135603930365548,63302.0,post hoc diagnostic analysis
BtoA,external_unchanged,decile,0.006770293008949999,0.012211304540140912,63302.0,post hoc diagnostic analysis
BtoA,external_unchanged,decile,0.010111600238942755,0.015591678119520402,63303.0,post hoc diagnostic analysis
BtoA,external_unchanged,decile,0.015305928927243218,0.02142112413509842,63302.0,post hoc diagnostic analysis
BtoA,external_unchanged,decile,0.024024096458414204,0.02897222836561246,63302.0,post hoc diagnostic analysis
BtoA,external_unchanged,decile,0.04172073756329386,0.04137310037597548,63302.0,post hoc diagnostic analysis
BtoA,external_unchanged,decile,0.10184095569131671,0.07705795933841998,63303.0,post hoc diagnostic analysis
BtoA,external_recalibrated_ALL,spline,0.0012575946834526043,0.003952650465956923,,post hoc diagnostic analysis
BtoA,external_recalibrated_ALL,spline,0.0013664088082592936,0.003758114656918627,,post hoc diagnostic analysis
BtoA,external_recalibrated_ALL,spline,0.0014846241440170753,0.0035893306400414113,,post hoc diagnostic analysis
BtoA,external_recalibrated_ALL,spline,0.0016130504009263195,0.0034452893277570366,,post hoc diagnostic analysis
BtoA,external_recalibrated_ALL,spline,0.0017525665723704801,0.0033251681184978486,,post hoc diagnostic analysis
BtoA,external_recalibrated_ALL,spline,0.0019041267808929683,0.0032283750038556605,,post hoc diagnostic analysis
BtoA,external_recalibrated_ALL,spline,0.0020687666025627663,0.003154593943599196,,post hoc diagnostic analysis
BtoA,external_recalibrated_ALL,spline,0.0022476099061639965,0.003103834772625947,,post hoc diagnostic analysis
BtoA,external_recalibrated_ALL,spline,0.002441876245914925,0.003076491462837037,,post hoc diagnostic analysis
BtoA,external_recalibrated_ALL,spline,0.0026528888487344056,0.0030734133762795046,,post hoc diagnostic analysis
BtoA,external_recalibrated_ALL,spline,0.002882083239405338,0.0030959953254891736,,post hoc diagnostic analysis
BtoA,external_recalibrated_ALL,spline,0.003131016549306761,0.0031462939569837133,,post hoc diagnostic analysis
BtoA,external_recalibrated_ALL,spline,0.003401377556661571,0.003227180412817639,,post hoc diagnostic analysis
BtoA,external_recalibrated_ALL,spline,0.0036949975084306125,0.003342542718359041,,post hoc diagnostic analysis
BtoA,external_recalibrated_ALL,spline,0.004013861776019304,0.0034975563528129544,,post hoc diagnostic analysis
BtoA,external_recalibrated_ALL,spline,0.004360122398782189,0.0036990486623097517,,post hoc diagnostic analysis
BtoA,external_recalibrated_ALL,spline,0.004736111570830027,0.003955993184101244,,post hoc diagnostic analysis
BtoA,external_recalibrated_ALL,spline,0.005144356127763926,0.004280185076356307,,post hoc diagnostic analysis
BtoA,external_recalibrated_ALL,spline,0.005587593090560955,0.004687170965491169,,post hoc diagnostic analysis
BtoA,external_recalibrated_ALL,spline,0.00606878632377369,0.005195823981853285,,post hoc diagnostic analysis
BtoA,external_recalibrated_ALL,spline,0.0065911443643124484,0.005819121862134989,,post hoc diagnostic analysis
BtoA,external_recalibrated_ALL,spline,0.007158139475155211,0.006566649769916426,,post hoc diagnostic analysis
BtoA,external_recalibrated_ALL,spline,0.007773527975141914,0.00744625098242777,,post hoc diagnostic analysis
BtoA,external_recalibrated_ALL,spline,0.008441371891285743,0.008461836390003726,,post hoc diagnostic analysis
BtoA,external_recalibrated_ALL,spline,0.009166061973456785,0.009610662438442117,,post hoc diagnostic analysis
BtoA,external_recalibrated_ALL,spline,0.009952342102499696,0.010880194466615391,,post hoc diagnostic analysis
BtoA,external_recalibrated_ALL,spline,0.01080533511141664,0.01224484413763072,,post hoc diagnostic analysis
BtoA,external_recalibrated_ALL,spline,0.011730570024703995,0.013663086968983494,,post hoc diagnostic analysis
BtoA,external_recalibrated_ALL,spline,0.012734010702733488,0.015075859347569442,,post hoc diagnostic analysis
BtoA,external_recalibrated_ALL,spline,0.01382208585560866,0.016429824037948498,,post hoc diagnostic analysis
BtoA,external_recalibrated_ALL,spline,0.01500172036352645,0.017712225380047367,,post hoc diagnostic analysis
BtoA,external_recalibrated_ALL,spline,0.01628036780758206,0.018923757676898356,,post hoc diagnostic analysis
BtoA,external_recalibrated_ALL,spline,0.017666044075353642,0.02007411054989157,,post hoc diagnostic analysis
BtoA,external_recalibrated_ALL,spline,0.019167361858608515,0.02118150303054734,,post hoc diagnostic analysis
BtoA,external_recalibrated_ALL,spline,0.0207935658051469,0.022272143813700507,,post hoc diagnostic analysis
BtoA,external_recalibrated_ALL,spline,0.02255456802216688,0.02337985813951229,,post hoc diagnostic analysis
BtoA,external_recalibrated_ALL,spline,0.024460983553605174,0.024546109619983495,,post hoc diagnostic analysis
BtoA,external_recalibrated_ALL,spline,0.026524165367715635,0.025820638682908615,,post hoc diagnostic analysis
BtoA,external_recalibrated_ALL,spline,0.02875623829278893,0.02726279828227786,,post hoc diagnostic analysis
BtoA,external_recalibrated_ALL,spline,0.031170131227624024,0.028924349184443407,,post hoc diagnostic analysis
BtoA,external_recalibrated_ALL,spline,0.03377960682857579,0.030826898148790173,,post hoc diagnostic analysis
BtoA,external_recalibrated_ALL,spline,0.03659928773647798,0.0329901227528813,,post hoc diagnostic analysis
BtoA,external_recalibrated_ALL,spline,0.03964467825467083,0.03543559160738945,,post hoc diagnostic analysis
BtoA,external_recalibrated_ALL,spline,0.04293218022453362,0.03818650632683959,,post hoc diagnostic analysis
BtoA,external_recalibrated_ALL,spline,0.04647910166889295,0.041267355530730236,,post hoc diagnostic analysis
BtoA,external_recalibrated_ALL,spline,0.0503036565889892,0.04470345966242825,,post hoc diagnostic analysis
BtoA,external_recalibrated_ALL,spline,0.05442495411109544,0.048520386406558154,,post hoc diagnostic analysis
BtoA,external_recalibrated_ALL,spline,0.05886297498963128,0.05274321898148445,,post hoc diagnostic analysis
BtoA,external_recalibrated_ALL,spline,0.06363853329167894,0.05739566406742839,,post hoc diagnostic analysis
BtoA,external_recalibrated_ALL,spline,0.06877322092218496,0.06249899303320073,,post hoc diagnostic analysis
BtoA,external_recalibrated_ALL,spline,0.0742893325110641,0.06807081973605611,,post hoc diagnostic analysis
BtoA,external_recalibrated_ALL,spline,0.08020976808659974,0.07412373053452889,,post hoc diagnostic analysis
BtoA,external_recalibrated_ALL,spline,0.08655791092018349,0.08066379695702472,,post hoc diagnostic analysis
BtoA,external_recalibrated_ALL,spline,0.09335747796424679,0.08768901792930225,,post hoc diagnostic analysis
BtoA,external_recalibrated_ALL,spline,0.10063234043915244,0.09518775527814698,,post hoc diagnostic analysis
BtoA,external_recalibrated_ALL,spline,0.10840631237844385,0.10313724158868724,,post hoc diagnostic analysis
BtoA,external_recalibrated_ALL,spline,0.11670290533867994,0.11150225121849698,,post hoc diagnostic analysis
BtoA,external_recalibrated_ALL,spline,0.12554504804312633,0.1202340310713245,,post hoc diagnostic analysis
BtoA,external_recalibrated_ALL,spline,0.1349547704787216,0.12926958558534907,,post hoc diagnostic analysis
BtoA,external_recalibrated_ALL,spline,0.1449528529194633,0.13853139899444947,,post hoc diagnostic analysis
BtoA,external_recalibrated_ALL,decile,0.0022200701648489767,0.0018640506769031482,63303.0,post hoc diagnostic analysis
BtoA,external_recalibrated_ALL,decile,0.0038612095664344124,0.004107295188145714,63302.0,post hoc diagnostic analysis
BtoA,external_recalibrated_ALL,decile,0.005673330319993383,0.0056712268174781205,63302.0,post hoc diagnostic analysis
BtoA,external_recalibrated_ALL,decile,0.007891332140104883,0.008135603930365548,63302.0,post hoc diagnostic analysis
BtoA,external_recalibrated_ALL,decile,0.01074024690990402,0.012211304540140912,63302.0,post hoc diagnostic analysis
BtoA,external_recalibrated_ALL,decile,0.014618661538387099,0.015591678119520402,63303.0,post hoc diagnostic analysis
BtoA,external_recalibrated_ALL,decile,0.02009930608133883,0.02142112413509842,63302.0,post hoc diagnostic analysis
BtoA,external_recalibrated_ALL,decile,0.028408531962744746,0.02897222836561246,63302.0,post hoc diagnostic analysis
BtoA,external_recalibrated_ALL,decile,0.043384769414895386,0.04137310037597548,63302.0,post hoc diagnostic analysis
BtoA,external_recalibrated_ALL,decile,0.08611900667984938,0.07705795933841998,63303.0,post hoc diagnostic analysis
