Domain,Characteristic,Hospital_A,Hospital_B,SMD,Diff_pp,EverRecorded_A,EverRecorded_B,Divergent_gt5pp,Status
case mix and outcome,"Age, years",62.6216129313108,60.6488,0.11988830965109178,,,,False,post hoc diagnostic analysis
case mix and outcome,Male,0.5819236821400472,0.5366,0.09138610423128941,,,,False,post hoc diagnostic analysis
case mix and outcome,Unit recorded,0.5317663257277734,0.69525,-0.3405657355331133,,,,False,post hoc diagnostic analysis
case mix and outcome,Medical ICU (among recorded),0.49417421860551136,0.4978784609852571,-0.007408769562932588,,,,False,post hoc diagnostic analysis
case mix and outcome,"Hospital-to-ICU time, h",-48.67841059732719,-55.072586012874915,0.045771401941347795,,,,False,post hoc diagnostic analysis
case mix and outcome,"ICU stay, h",38.85793666404406,38.09975,0.03325806161226526,,,,False,post hoc diagnostic analysis
case mix and outcome,Septic stay,0.08802124311565697,0.0571,0.1194088051085305,,,,False,post hoc diagnostic analysis
measurement practice,HR: share of hours recorded,0.9225666522979736,0.8789886832237244,0.14615376132051888,4.357796907424927,0.9999508261211645,0.9998,False,post hoc diagnostic analysis
measurement practice,O2Sat: share of hours recorded,0.8796795606613159,0.8587169051170349,0.062199944937467194,2.0962655544281006,0.9994099134539732,0.9997,False,post hoc diagnostic analysis
measurement practice,Temp: share of hours recorded,0.3377574682235718,0.33901143074035645,-0.0026501892354056796,-0.1253962516784668,0.9884441384736428,0.99755,False,post hoc diagnostic analysis
measurement practice,SBP: share of hours recorded,0.8478882312774658,0.860807478427887,-0.0366297727096895,-1.2919247150421143,0.9873131392604249,0.9988,False,post hoc diagnostic analysis
measurement practice,MAP: share of hours recorded,0.8976759314537048,0.8524767160415649,0.13702583585747746,4.519921541213989,0.9999016522423289,0.9949,False,post hoc diagnostic analysis
measurement practice,DBP: share of hours recorded,0.5187423229217529,0.8605542182922363,-0.7950733171700554,-34.18118953704834,0.6369000786782061,0.99865,True,post hoc diagnostic analysis
measurement practice,Resp: share of hours recorded,0.9022316932678223,0.7886114716529846,0.31825451001826677,11.362022161483765,0.9986231313926043,0.99785,True,post hoc diagnostic analysis
measurement practice,EtCO2: share of hours recorded,0.0,0.0756382942199707,-0.40454318394456174,-7.56382942199707,0.0,0.1608,True,post hoc diagnostic analysis
measurement practice,BaseExcess: share of hours recorded,0.10425138473510742,0.0023149847984313965,0.46602045321699104,10.193639993667603,0.6221479150275374,0.0279,True,post hoc diagnostic analysis
measurement practice,HCO3: share of hours recorded,0.08050596714019775,0.0018517374992370605,0.40382505936271895,7.865422964096069,0.973691974822974,0.0208,True,post hoc diagnostic analysis
measurement practice,FiO2: share of hours recorded,0.1419297456741333,0.02258545160293579,0.4449846777048761,11.934429407119751,0.5894472856018883,0.2911,True,post hoc diagnostic analysis
measurement practice,pH: share of hours recorded,0.11467134952545166,0.022254765033721924,0.37223419869356683,9.241658449172974,0.64816089693155,0.2877,True,post hoc diagnostic analysis
measurement practice,PaCO2: share of hours recorded,0.08768248558044434,0.022326946258544922,0.2896510127892384,6.535553932189941,0.6184598741148701,0.28895,True,post hoc diagnostic analysis
measurement practice,SaO2: share of hours recorded,0.04955613613128662,0.018899083137512207,0.16922079392186412,3.0657052993774414,0.3915715971675846,0.25625,False,post hoc diagnostic analysis
measurement practice,AST: share of hours recorded,0.014957964420318604,0.01753687858581543,-0.020399724972057887,-0.2578914165496826,0.2897816679779701,0.4232,False,post hoc diagnostic analysis
measurement practice,BUN: share of hours recorded,0.08159297704696655,0.055239200592041016,0.10453100240633964,2.6353776454925537,0.9790027537372148,0.92045,False,post hoc diagnostic analysis
measurement practice,Alkalinephos: share of hours recorded,0.01459348201751709,0.0175972580909729,-0.023871048782441166,-0.30037760734558105,0.28043863099921323,0.4235,False,post hoc diagnostic analysis
measurement practice,Calcium: share of hours recorded,0.04975605010986328,0.06825900077819824,-0.07858310661774442,-1.850295066833496,0.8136801730920535,0.9225,False,post hoc diagnostic analysis
measurement practice,Chloride: share of hours recorded,0.08323937654495239,0.006153583526611328,0.3797138520052587,7.7085793018341064,0.9733477576711251,0.08085,True,post hoc diagnostic analysis
measurement practice,Creatinine: share of hours recorded,0.06642115116119385,0.05528777837753296,0.046583471492254086,1.1133372783660889,0.9773308418568056,0.9206,False,post hoc diagnostic analysis
measurement practice,Bilirubin_direct: share of hours recorded,0.0014957785606384277,0.00237274169921875,-0.019960248895568612,-0.08769631385803223,0.028815892997639654,0.07355,False,post hoc diagnostic analysis
measurement practice,Glucose: share of hours recorded,0.12231606245040894,0.22160249948501587,-0.2654254243609117,-9.928643703460693,0.979986231313926,0.94135,True,post hoc diagnostic analysis
measurement practice,Lactate: share of hours recorded,0.034348905086517334,0.018770456314086914,0.09699923232550318,1.557844877243042,0.3802616050354052,0.238,False,post hoc diagnostic analysis
measurement practice,Magnesium: share of hours recorded,0.07780289649963379,0.04786121845245361,0.12362459161877219,2.9941678047180176,0.9317466561762392,0.82285,False,post hoc diagnostic analysis
measurement practice,Phosphate: share of hours recorded,0.050487518310546875,0.029403090476989746,0.1078229416225011,2.108442783355713,0.8205153422501967,0.58175,False,post hoc diagnostic analysis
measurement practice,Potassium: share of hours recorded,0.10862362384796143,0.07702016830444336,0.10907065807392814,3.1603455543518066,0.9787077104642015,0.9283,False,post hoc diagnostic analysis
measurement practice,Bilirubin_total: share of hours recorded,0.012266278266906738,0.017648398876190186,-0.044351212892277364,-0.5382120609283447,0.2837332808811959,0.4239,False,post hoc diagnostic analysis
measurement practice,TroponinI: share of hours recorded,0.0012211799621582031,0.018131375312805176,-0.17339314049132687,-1.6910195350646973,0.024046026750590088,0.3282,False,post hoc diagnostic analysis
measurement practice,Hct: share of hours recorded,0.11776286363601685,0.0582352876663208,0.21129624138743286,5.9527575969696045,0.9821007081038552,0.90235,True,post hoc diagnostic analysis
measurement practice,Hgb: share of hours recorded,0.08835697174072266,0.05875366926193237,0.11358543175341315,2.9603302478790283,0.9750688434303698,0.90295,False,post hoc diagnostic analysis
measurement practice,PTT: share of hours recorded,0.048475444316864014,0.009702146053314209,0.2322679219889548,3.8773298263549805,0.7789142407553108,0.2199,False,post hoc diagnostic analysis
measurement practice,WBC: share of hours recorded,0.07510364055633545,0.0526236891746521,0.0920361103223295,2.247995138168335,0.9692663257277734,0.9,False,post hoc diagnostic analysis
measurement practice,Fibrinogen: share of hours recorded,0.007630825042724609,0.005527615547180176,0.026017492847903407,0.21032094955444336,0.12622934697088906,0.0974,False,post hoc diagnostic analysis
measurement practice,Platelets: share of hours recorded,0.06517088413238525,0.05342555046081543,0.0497453915739823,1.1745333671569824,0.9712332808811959,0.9004,False,post hoc diagnostic analysis
