Direction,Setting,ThresholdProb,NetBenefit,TreatAll,TreatNone,Prevalence,Status
AtoB,internal_test,0.005,0.01768627211631708,0.016963717577012455,0.0,0.021878898989127392,post hoc diagnostic analysis
AtoB,internal_test,0.01,0.014629142235894965,0.011998887867805445,0.0,0.021878898989127392,post hoc diagnostic analysis
AtoB,internal_test,0.015,0.012611801988449719,0.006983653796068421,0.0,0.021878898989127392,post hoc diagnostic analysis
AtoB,internal_test,0.02,0.011013434477755657,0.0019172438664565201,0.0,0.021878898989127392,post hoc diagnostic analysis
AtoB,internal_test,0.025,0.009668187252023473,-0.0032011292419206264,0.0,0.021878898989127392,post hoc diagnostic analysis
AtoB,internal_test,0.03,0.008617053084134033,-0.008372269083373823,0.0,0.021878898989127392,post hoc diagnostic analysis
AtoB,internal_test,0.035,0.007881260035866908,-0.013596995866189232,0.0,0.021878898989127392,post hoc diagnostic analysis
AtoB,internal_test,0.04,0.007099343060117637,-0.018876146886325634,0.0,0.021878898989127392,post hoc diagnostic analysis
AtoB,internal_test,0.045,0.006574031450940211,-0.024210576974735713,0.0,0.021878898989127392,post hoc diagnostic analysis
AtoB,internal_test,0.05,0.00608962632691269,-0.029601158958813274,0.0,0.021878898989127392,post hoc diagnostic analysis
AtoB,internal_test,0.055,0.005612995020475986,-0.03504878413848953,0.0,0.021878898989127392,post hoc diagnostic analysis
AtoB,internal_test,0.06,0.005215672507396398,-0.04055436277752404,0.0,0.021878898989127392,post hoc diagnostic analysis
AtoB,internal_test,0.065,0.004778765833733998,-0.04611882461055893,0.0,0.021878898989127392,post hoc diagnostic analysis
AtoB,internal_test,0.07,0.004470567072674896,-0.051743119366529707,0.0,0.021878898989127392,post hoc diagnostic analysis
AtoB,internal_test,0.075,0.004182950806585365,-0.05742821730905146,0.0,0.021878898989127392,post hoc diagnostic analysis
AtoB,internal_test,0.08,0.0038340866996797235,-0.06317510979442675,0.0,0.021878898989127392,post hoc diagnostic analysis
AtoB,internal_test,0.085,0.0035200214722248997,-0.06898480984794822,0.0,0.021878898989127392,post hoc diagnostic analysis
AtoB,internal_test,0.09,0.0031716558337901244,-0.07485835275920066,0.0,0.021878898989127392,post hoc diagnostic analysis
AtoB,internal_test,0.095,0.0027534275231335045,-0.0807967966970968,0.0,0.021878898989127392,post hoc diagnostic analysis
AtoB,internal_test,0.1,0.0024210865819604644,-0.08680122334541401,0.0,0.021878898989127392,post hoc diagnostic analysis
AtoB,internal_test,0.105,0.0021650480727444773,-0.09287273855963418,0.0,0.021878898989127392,post hoc diagnostic analysis
AtoB,internal_test,0.11,0.0018793824959652938,-0.09901247304592428,0.0,0.021878898989127392,post hoc diagnostic analysis
AtoB,internal_test,0.115,0.0017057549205395633,-0.10522158306313287,0.0,0.021878898989127392,post hoc diagnostic analysis
AtoB,internal_test,0.12,0.0014999895834056712,-0.11150125114871884,0.0,0.021878898989127392,post hoc diagnostic analysis
AtoB,internal_test,0.125,0.0013486182800979225,-0.11785268686956868,0.0,0.021878898989127392,post hoc diagnostic analysis
AtoB,internal_test,0.13,0.0011437766462935109,-0.12427712759870416,0.0,0.021878898989127392,post hoc diagnostic analysis
AtoB,internal_test,0.135,0.0009258224884677859,-0.13077583931892786,0.0,0.021878898989127392,post hoc diagnostic analysis
AtoB,internal_test,0.14,0.0007045197629710689,-0.13735011745450304,0.0,0.021878898989127392,post hoc diagnostic analysis
AtoB,internal_test,0.145,0.000599901752360855,-0.14400128773201473,0.0,0.021878898989127392,post hoc diagnostic analysis
AtoB,internal_test,0.15,0.0006122302255253944,-0.15073070707161484,0.0,0.021878898989127392,post hoc diagnostic analysis
AtoB,internal_test,0.155,0.0004793859159453848,-0.1575397645099084,0.0,0.021878898989127392,post hoc diagnostic analysis
AtoB,internal_test,0.16,0.0003713322978466968,-0.16442988215580073,0.0,0.021878898989127392,post hoc diagnostic analysis
AtoB,internal_test,0.165,0.0002953759427901507,-0.17140251618068578,0.0,0.021878898989127392,post hoc diagnostic analysis
AtoB,internal_test,0.17,0.00025953635027467547,-0.17845915784442484,0.0,0.021878898989127392,post hoc diagnostic analysis
AtoB,internal_test,0.175,0.00015046191808853202,-0.18560133455863345,0.0,0.021878898989127392,post hoc diagnostic analysis
AtoB,internal_test,0.18,4.921770247417589e-05,-0.192830610988869,0.0,0.021878898989127392,post hoc diagnostic analysis
AtoB,internal_test,0.185,1.0231978478790048e-05,-0.2001485901973897,0.0,0.021878898989127392,post hoc diagnostic analysis
AtoB,internal_test,0.19,-6.672193034324781e-05,-0.20755691482823777,0.0,0.021878898989127392,post hoc diagnostic analysis
AtoB,internal_test,0.195,-2.7321095064284425e-05,-0.21505726833648775,0.0,0.021878898989127392,post hoc diagnostic analysis
AtoB,internal_test,0.2,-5.8882692944261985e-05,-0.22265137626359074,0.0,0.021878898989127392,post hoc diagnostic analysis
AtoB,external_unchanged,0.005,0.008930693211607622,0.009234908371599768,0.0,0.014188733829741769,post hoc diagnostic analysis
AtoB,external_unchanged,0.01,0.006241815561801754,0.004231044272466431,0.0,0.014188733829741769,post hoc diagnostic analysis
AtoB,external_unchanged,0.015,0.00500243264664362,-0.0008236204774195229,0.0,0.014188733829741769,post hoc diagnostic analysis
AtoB,external_unchanged,0.02,0.004294714581922319,-0.005929863439039016,0.0,0.014188733829741769,post hoc diagnostic analysis
AtoB,external_unchanged,0.025,0.0037516389949941898,-0.011088478123341778,0.0,0.014188733829741769,post hoc diagnostic analysis
AtoB,external_unchanged,0.03,0.0032658672684436987,-0.016300274402328077,0.0,0.014188733829741769,post hoc diagnostic analysis
AtoB,external_unchanged,0.035,0.0028357776888059236,-0.021566078932910085,0.0,0.014188733829741769,post hoc diagnostic analysis
AtoB,external_unchanged,0.04,0.0025310803184465593,-0.026886735594018996,0.0,0.014188733829741769,post hoc diagnostic analysis
AtoB,external_unchanged,0.045,0.002236230414685469,-0.03226310593744318,0.0,0.014188733829741769,post hoc diagnostic analysis
AtoB,external_unchanged,0.05,0.0019415123933409638,-0.037696069652903404,0.0,0.014188733829741769,post hoc diagnostic analysis
AtoB,external_unchanged,0.055,0.0016762633919955939,-0.04318652504789231,0.0,0.014188733829741769,post hoc diagnostic analysis
AtoB,external_unchanged,0.06,0.0014075630766411402,-0.0487353895428279,0.0,0.014188733829741769,post hoc diagnostic analysis
AtoB,external_unchanged,0.065,0.0011942756830977913,-0.05434360018209437,0.0,0.014188733829741769,post hoc diagnostic analysis
AtoB,external_unchanged,0.07,0.0010004876418407654,-0.060012114161568014,0.0,0.014188733829741769,post hoc diagnostic analysis
AtoB,external_unchanged,0.075,0.0008266217793314796,-0.06574190937325214,0.0,0.014188733829741769,post hoc diagnostic analysis
AtoB,external_unchanged,0.08,0.0006902264139886267,-0.07153398496767199,0.0,0.014188733829741769,post hoc diagnostic analysis
AtoB,external_unchanged,0.085,0.0005297053283381706,-0.07738936193470845,0.0,0.014188733829741769,post hoc diagnostic analysis
AtoB,external_unchanged,0.09,0.00039308785302177504,-0.08330908370358048,0.0,0.014188733829741769,post hoc diagnostic analysis
AtoB,external_unchanged,0.095,0.0002870817655401441,-0.08929421676271627,0.0,0.014188733829741769,post hoc diagnostic analysis
AtoB,external_unchanged,0.1,0.00019213453800958095,-0.09534585130028693,0.0,0.014188733829741769,post hoc diagnostic analysis
AtoB,external_unchanged,0.105,0.00012948787138229896,-0.1014651018662103,0.0,0.014188733829741769,post hoc diagnostic analysis
AtoB,external_unchanged,0.11,5.701364836929344e-05,-0.10765310805646992,0.0,0.014188733829741769,post hoc diagnostic analysis
AtoB,external_unchanged,0.115,-5.887734280051252e-06,-0.11391103522063077,0.0,0.014188733829741769,post hoc diagnostic analysis
AtoB,external_unchanged,0.12,-1.7707525474180497e-05,-0.12024007519347525,0.0,0.014188733829741769,post hoc diagnostic analysis
AtoB,external_unchanged,0.125,-1.0801697275389073e-05,-0.1266414470517237,0.0,0.014188733829741769,post hoc diagnostic analysis
AtoB,external_unchanged,0.13,-3.961971871700135e-05,-0.13311639789684857,0.0,0.014188733829741769,post hoc diagnostic analysis
AtoB,external_unchanged,0.135,-3.1107476521408974e-05,-0.13966620366503843,0.0,0.014188733829741769,post hoc diagnostic analysis
AtoB,external_unchanged,0.14,-2.3356349467563162e-05,-0.14629216996541658,0.0,0.014188733829741769,post hoc diagnostic analysis
AtoB,external_unchanged,0.145,-1.6466202902262078e-05,-0.15299563294767046,0.0,0.014188733829741769,post hoc diagnostic analysis
AtoB,external_unchanged,0.15,-4.060996162358831e-06,-0.15977796020030383,0.0,0.014188733829741769,post hoc diagnostic analysis
AtoB,external_unchanged,0.155,-2.0998977479155822e-05,-0.166640551680779,0.0,0.014188733829741769,post hoc diagnostic analysis
AtoB,external_unchanged,0.16,-1.3932624021879012e-05,-0.1735848406788789,0.0,0.014188733829741769,post hoc diagnostic analysis
AtoB,external_unchanged,0.165,-2.4774160934012512e-05,-0.18061229481468058,0.0,0.014188733829741769,post hoc diagnostic analysis
AtoB,external_unchanged,0.17,-3.681573772777388e-05,-0.18772441707260032,0.0,0.014188733829741769,post hoc diagnostic analysis
AtoB,external_unchanged,0.175,-2.874048438425387e-05,-0.19492274687304031,0.0,0.014188733829741769,post hoc diagnostic analysis
AtoB,external_unchanged,0.18,-3.115081202589723e-05,-0.20220886118324174,0.0,0.014188733829741769,post hoc diagnostic analysis
AtoB,external_unchanged,0.185,-2.5936750833036618e-05,-0.20958437566902854,0.0,0.014188733829741769,post hoc diagnostic analysis
AtoB,external_unchanged,0.19,-3.2955903013050225e-05,-0.2170509458892077,0.0,0.014188733829741769,post hoc diagnostic analysis
AtoB,external_unchanged,0.195,-2.2195548087614655e-05,-0.22461026853448235,0.0,0.014188733829741769,post hoc diagnostic analysis
AtoB,external_unchanged,0.2,-2.095764090931505e-05,-0.2322640827128228,0.0,0.014188733829741769,post hoc diagnostic analysis
AtoB,external_recalibrated_ALL,0.005,0.00959876886611006,0.009234908371599768,0.0,0.014188733829741769,post hoc diagnostic analysis
AtoB,external_recalibrated_ALL,0.01,0.006479924912786493,0.004231044272466431,0.0,0.014188733829741769,post hoc diagnostic analysis
AtoB,external_recalibrated_ALL,0.015,0.005016266733884645,-0.0008236204774195229,0.0,0.014188733829741769,post hoc diagnostic analysis
AtoB,external_recalibrated_ALL,0.02,0.0042516084297518995,-0.005929863439039016,0.0,0.014188733829741769,post hoc diagnostic analysis
AtoB,external_recalibrated_ALL,0.025,0.0037441368128285626,-0.011088478123341778,0.0,0.014188733829741769,post hoc diagnostic analysis
AtoB,external_recalibrated_ALL,0.03,0.0032567674073818004,-0.016300274402328077,0.0,0.014188733829741769,post hoc diagnostic analysis
AtoB,external_recalibrated_ALL,0.035,0.002862017856088907,-0.021566078932910085,0.0,0.014188733829741769,post hoc diagnostic analysis
AtoB,external_recalibrated_ALL,0.04,0.00254114820476574,-0.026886735594018996,0.0,0.014188733829741769,post hoc diagnostic analysis
AtoB,external_recalibrated_ALL,0.045,0.0022232268235083926,-0.03226310593744318,0.0,0.014188733829741769,post hoc diagnostic analysis
AtoB,external_recalibrated_ALL,0.05,0.001893497983827363,-0.037696069652903404,0.0,0.014188733829741769,post hoc diagnostic analysis
AtoB,external_recalibrated_ALL,0.055,0.0016422145636275191,-0.04318652504789231,0.0,0.014188733829741769,post hoc diagnostic analysis
AtoB,external_recalibrated_ALL,0.06,0.0014060242594529718,-0.0487353895428279,0.0,0.014188733829741769,post hoc diagnostic analysis
AtoB,external_recalibrated_ALL,0.065,0.001213982941530709,-0.05434360018209437,0.0,0.014188733829741769,post hoc diagnostic analysis
AtoB,external_recalibrated_ALL,0.07,0.001002555568458003,-0.060012114161568014,0.0,0.014188733829741769,post hoc diagnostic analysis
AtoB,external_recalibrated_ALL,0.075,0.0008463021925224207,-0.06574190937325214,0.0,0.014188733829741769,post hoc diagnostic analysis
AtoB,external_recalibrated_ALL,0.08,0.0006682146376883061,-0.07153398496767199,0.0,0.014188733829741769,post hoc diagnostic analysis
AtoB,external_recalibrated_ALL,0.085,0.0005454420847393793,-0.07738936193470845,0.0,0.014188733829741769,post hoc diagnostic analysis
AtoB,external_recalibrated_ALL,0.09,0.0004384080176772123,-0.08330908370358048,0.0,0.014188733829741769,post hoc diagnostic analysis
AtoB,external_recalibrated_ALL,0.095,0.0003735641030461164,-0.08929421676271627,0.0,0.014188733829741769,post hoc diagnostic analysis
AtoB,external_recalibrated_ALL,0.1,0.00029130664270464056,-0.09534585130028693,0.0,0.014188733829741769,post hoc diagnostic analysis
AtoB,external_recalibrated_ALL,0.105,0.00020863516330798035,-0.1014651018662103,0.0,0.014188733829741769,post hoc diagnostic analysis
AtoB,external_recalibrated_ALL,0.11,0.00012760197492175165,-0.10765310805646992,0.0,0.014188733829741769,post hoc diagnostic analysis
AtoB,external_recalibrated_ALL,0.115,9.128774128218327e-05,-0.11391103522063077,0.0,0.014188733829741769,post hoc diagnostic analysis
AtoB,external_recalibrated_ALL,0.12,5.0507541014962494e-05,-0.12024007519347525,0.0,0.014188733829741769,post hoc diagnostic analysis
AtoB,external_recalibrated_ALL,0.125,3.263991133215453e-05,-0.1266414470517237,0.0,0.014188733829741769,post hoc diagnostic analysis
AtoB,external_recalibrated_ALL,0.13,2.310677920404986e-05,-0.13311639789684857,0.0,0.014188733829741769,post hoc diagnostic analysis
AtoB,external_recalibrated_ALL,0.135,1.3691470271029358e-05,-0.13966620366503843,0.0,0.014188733829741769,post hoc diagnostic analysis
AtoB,external_recalibrated_ALL,0.14,7.759965535049625e-06,-0.14629216996541658,0.0,0.014188733829741769,post hoc diagnostic analysis
AtoB,external_recalibrated_ALL,0.145,4.229497534731624e-06,-0.15299563294767046,0.0,0.014188733829741769,post hoc diagnostic analysis
AtoB,external_recalibrated_ALL,0.15,3.5775442382683136e-06,-0.15977796020030383,0.0,0.014188733829741769,post hoc diagnostic analysis
AtoB,external_recalibrated_ALL,0.155,-4.66860082908515e-07,-0.166640551680779,0.0,0.014188733829741769,post hoc diagnostic analysis
AtoB,external_recalibrated_ALL,0.16,-6.261853492979288e-07,-0.1735848406788789,0.0,0.014188733829741769,post hoc diagnostic analysis
AtoB,external_recalibrated_ALL,0.165,0.0,-0.18061229481468058,0.0,0.014188733829741769,post hoc diagnostic analysis
AtoB,external_recalibrated_ALL,0.17,0.0,-0.18772441707260032,0.0,0.014188733829741769,post hoc diagnostic analysis
AtoB,external_recalibrated_ALL,0.175,0.0,-0.19492274687304031,0.0,0.014188733829741769,post hoc diagnostic analysis
AtoB,external_recalibrated_ALL,0.18,0.0,-0.20220886118324174,0.0,0.014188733829741769,post hoc diagnostic analysis
AtoB,external_recalibrated_ALL,0.185,0.0,-0.20958437566902854,0.0,0.014188733829741769,post hoc diagnostic analysis
AtoB,external_recalibrated_ALL,0.19,0.0,-0.2170509458892077,0.0,0.014188733829741769,post hoc diagnostic analysis
AtoB,external_recalibrated_ALL,0.195,0.0,-0.22461026853448235,0.0,0.014188733829741769,post hoc diagnostic analysis
AtoB,external_recalibrated_ALL,0.2,0.0,-0.2322640827128228,0.0,0.014188733829741769,post hoc diagnostic analysis
AtoB,external_unchanged_measurement_agnostic,0.005,0.008452423697791023,0.009234908371599768,0.0,0.014188733829741769,post hoc diagnostic analysis
AtoB,external_unchanged_measurement_agnostic,0.01,0.005864420293139659,0.004231044272466431,0.0,0.014188733829741769,post hoc diagnostic analysis
AtoB,external_unchanged_measurement_agnostic,0.015,0.004643071788149227,-0.0008236204774195229,0.0,0.014188733829741769,post hoc diagnostic analysis
AtoB,external_unchanged_measurement_agnostic,0.02,0.00394550443087635,-0.005929863439039016,0.0,0.014188733829741769,post hoc diagnostic analysis
AtoB,external_unchanged_measurement_agnostic,0.025,0.003460613332895003,-0.011088478123341778,0.0,0.014188733829741769,post hoc diagnostic analysis
AtoB,external_unchanged_measurement_agnostic,0.03,0.003043590029060245,-0.016300274402328077,0.0,0.014188733829741769,post hoc diagnostic analysis
AtoB,external_unchanged_measurement_agnostic,0.035,0.0026982574093127975,-0.021566078932910085,0.0,0.014188733829741769,post hoc diagnostic analysis
AtoB,external_unchanged_measurement_agnostic,0.04,0.002361364520494655,-0.026886735594018996,0.0,0.014188733829741769,post hoc diagnostic analysis
AtoB,external_unchanged_measurement_agnostic,0.045,0.0020784747364147975,-0.03226310593744318,0.0,0.014188733829741769,post hoc diagnostic analysis
AtoB,external_unchanged_measurement_agnostic,0.05,0.0017975556772497348,-0.037696069652903404,0.0,0.014188733829741769,post hoc diagnostic analysis
AtoB,external_unchanged_measurement_agnostic,0.055,0.0015553313464124314,-0.04318652504789231,0.0,0.014188733829741769,post hoc diagnostic analysis
AtoB,external_unchanged_measurement_agnostic,0.06,0.0012992863035827511,-0.0487353895428279,0.0,0.014188733829741769,post hoc diagnostic analysis
AtoB,external_unchanged_measurement_agnostic,0.065,0.0010893666155701934,-0.05434360018209437,0.0,0.014188733829741769,post hoc diagnostic analysis
AtoB,external_unchanged_measurement_agnostic,0.07,0.000869465932322947,-0.060012114161568014,0.0,0.014188733829741769,post hoc diagnostic analysis
AtoB,external_unchanged_measurement_agnostic,0.075,0.000745234607851108,-0.06574190937325214,0.0,0.014188733829741769,post hoc diagnostic analysis
AtoB,external_unchanged_measurement_agnostic,0.08,0.0006212609460347,-0.07153398496767199,0.0,0.014188733829741769,post hoc diagnostic analysis
AtoB,external_unchanged_measurement_agnostic,0.085,0.000444832833341013,-0.07738936193470845,0.0,0.014188733829741769,post hoc diagnostic analysis
AtoB,external_unchanged_measurement_agnostic,0.09,0.000280735750926589,-0.08330908370358048,0.0,0.014188733829741769,post hoc diagnostic analysis
AtoB,external_unchanged_measurement_agnostic,0.095,0.0001685238619235879,-0.08929421676271627,0.0,0.014188733829741769,post hoc diagnostic analysis
AtoB,external_unchanged_measurement_agnostic,0.1,6.063561465701568e-05,-0.09534585130028693,0.0,0.014188733829741769,post hoc diagnostic analysis
AtoB,external_unchanged_measurement_agnostic,0.105,-1.836577141799481e-08,-0.1014651018662103,0.0,0.014188733829741769,post hoc diagnostic analysis
AtoB,external_unchanged_measurement_agnostic,0.11,-2.1516326644064297e-05,-0.10765310805646992,0.0,0.014188733829741769,post hoc diagnostic analysis
AtoB,external_unchanged_measurement_agnostic,0.115,-6.300990077310427e-05,-0.11391103522063077,0.0,0.014188733829741769,post hoc diagnostic analysis
AtoB,external_unchanged_measurement_agnostic,0.12,-6.418044043173454e-05,-0.12024007519347525,0.0,0.014188733829741769,post hoc diagnostic analysis
AtoB,external_unchanged_measurement_agnostic,0.125,-4.884245724523831e-05,-0.1266414470517237,0.0,0.014188733829741769,post hoc diagnostic analysis
AtoB,external_unchanged_measurement_agnostic,0.13,-9.125571836104745e-05,-0.13311639789684857,0.0,0.014188733829741769,post hoc diagnostic analysis
AtoB,external_unchanged_measurement_agnostic,0.135,-8.428662926738477e-05,-0.13966620366503843,0.0,0.014188733829741769,post hoc diagnostic analysis
AtoB,external_unchanged_measurement_agnostic,0.14,-9.369298288870276e-05,-0.14629216996541658,0.0,0.014188733829741769,post hoc diagnostic analysis
AtoB,external_unchanged_measurement_agnostic,0.145,-0.00010020064159555093,-0.15299563294767046,0.0,0.014188733829741769,post hoc diagnostic analysis
AtoB,external_unchanged_measurement_agnostic,0.15,-8.566768094880363e-05,-0.15977796020030383,0.0,0.014188733829741769,post hoc diagnostic analysis
AtoB,external_unchanged_measurement_agnostic,0.155,-0.00011660803195812888,-0.166640551680779,0.0,0.014188733829741769,post hoc diagnostic analysis
AtoB,external_unchanged_measurement_agnostic,0.16,-0.00010183339242957577,-0.1735848406788789,0.0,0.014188733829741769,post hoc diagnostic analysis
AtoB,external_unchanged_measurement_agnostic,0.165,-7.452918021149876e-05,-0.18061229481468058,0.0,0.014188733829741769,post hoc diagnostic analysis
AtoB,external_unchanged_measurement_agnostic,0.17,-8.091936759315984e-05,-0.18772441707260032,0.0,0.014188733829741769,post hoc diagnostic analysis
AtoB,external_unchanged_measurement_agnostic,0.175,-6.251179879070802e-05,-0.19492274687304031,0.0,0.014188733829741769,post hoc diagnostic analysis
AtoB,external_unchanged_measurement_agnostic,0.18,-5.3441483179563734e-05,-0.20220886118324174,0.0,0.014188733829741769,post hoc diagnostic analysis
AtoB,external_unchanged_measurement_agnostic,0.185,-4.5540578056762614e-05,-0.20958437566902854,0.0,0.014188733829741769,post hoc diagnostic analysis
AtoB,external_unchanged_measurement_agnostic,0.19,-1.8649307185340618e-05,-0.2170509458892077,0.0,0.014188733829741769,post hoc diagnostic analysis
AtoB,external_unchanged_measurement_agnostic,0.195,-9.760323814056936e-06,-0.22461026853448235,0.0,0.014188733829741769,post hoc diagnostic analysis
AtoB,external_unchanged_measurement_agnostic,0.2,-9.862419251442395e-06,-0.2322640827128228,0.0,0.014188733829741769,post hoc diagnostic analysis
BtoA,internal_test,0.005,0.011078099804103925,0.009362833881108708,0.0,0.014316019711703164,post hoc diagnostic analysis
BtoA,internal_test,0.01,0.009463957305683925,0.004359615870407237,0.0,0.014316019711703164,post hoc diagnostic analysis
BtoA,internal_test,0.015,0.008211091638765744,-0.0006943962317734354,0.0,0.014316019711703164,post hoc diagnostic analysis
BtoA,internal_test,0.02,0.0073978045641531175,-0.00579997988601718,0.0,0.014316019711703164,post hoc diagnostic analysis
BtoA,internal_test,0.025,0.006623103883756899,-0.010957928500817272,0.0,0.014316019711703164,post hoc diagnostic analysis
BtoA,internal_test,0.03,0.0059024265803172575,-0.016169051843604988,0.0,0.014316019711703164,post hoc diagnostic analysis
BtoA,internal_test,0.035,0.005422138403835947,-0.021434176464556313,0.0,0.014316019711703164,post hoc diagnostic analysis
BtoA,internal_test,0.04,0.004917494575767957,-0.026754146133642544,0.0,0.014316019711703164,post hoc diagnostic analysis
BtoA,internal_test,0.045,0.0044668597438946595,-0.0321298222914103,0.0,0.014316019711703164,post hoc diagnostic analysis
BtoA,internal_test,0.05,0.004062799500133843,-0.037562084513996674,0.0,0.014316019711703164,post hoc diagnostic analysis
BtoA,internal_test,0.055,0.003595344551151334,-0.043051830992906714,0.0,0.014316019711703164,post hoc diagnostic analysis
BtoA,internal_test,0.06,0.0032337936057513592,-0.048599979030103005,0.0,0.014316019711703164,post hoc diagnostic analysis
BtoA,internal_test,0.065,0.002941866991803513,-0.054207465548980566,0.0,0.014316019711703164,post hoc diagnostic analysis
BtoA,internal_test,0.07,0.002782956194420571,-0.05987524762182457,0.0,0.014316019711703164,post hoc diagnostic analysis
BtoA,internal_test,0.075,0.0025209413698622342,-0.06560430301437495,0.0,0.014316019711703164,post hoc diagnostic analysis
BtoA,internal_test,0.08,0.002263167965388798,-0.07139563074814873,0.0,0.014316019711703164,post hoc diagnostic analysis
BtoA,internal_test,0.085,0.0020402701438200907,-0.07725025168119873,0.0,0.014316019711703164,post hoc diagnostic analysis
BtoA,internal_test,0.09,0.0019246768989831689,-0.08316920910801849,0.0,0.014316019711703164,post hoc diagnostic analysis
BtoA,internal_test,0.095,0.0018391455253015726,-0.08915356937933351,0.0,0.014316019711703164,post hoc diagnostic analysis
BtoA,internal_test,0.1,0.0016148253558325495,-0.09520442254255204,0.0,0.014316019711703164,post hoc diagnostic analysis
BtoA,internal_test,0.105,0.0013819259528837116,-0.1013228830036836,0.0,0.014316019711703164,post hoc diagnostic analysis
BtoA,internal_test,0.11,0.001260184592170689,-0.10751009021156947,0.0,0.014316019711703164,post hoc diagnostic analysis
BtoA,internal_test,0.115,0.0010987298818051165,-0.11376720936530714,0.0,0.014316019711703164,post hoc diagnostic analysis
BtoA,internal_test,0.12,0.0010382303547771174,-0.12009543214579184,0.0,0.014316019711703164,post hoc diagnostic analysis
BtoA,internal_test,0.125,0.0009741029782139754,-0.12649597747233923,0.0,0.014316019711703164,post hoc diagnostic analysis
BtoA,internal_test,0.13,0.0009039377062200179,-0.1329700922853987,0.0,0.014316019711703164,post hoc diagnostic analysis
BtoA,internal_test,0.135,0.0008603039438486685,-0.13951905235641254,0.0,0.014316019711703164,post hoc diagnostic analysis
BtoA,internal_test,0.14,0.0007636109359381903,-0.14614416312592657,0.0,0.014316019711703164,post hoc diagnostic analysis
BtoA,internal_test,0.145,0.0007716980454579852,-0.1528467605711074,0.0,0.014316019711703164,post hoc diagnostic analysis
BtoA,internal_test,0.15,0.0007107436222967328,-0.15962821210387865,0.0,0.014316019711703164,post hoc diagnostic analysis
BtoA,internal_test,0.155,0.0006823203898679614,-0.166489917500943,0.0,0.014316019711703164,post hoc diagnostic analysis
BtoA,internal_test,0.16,0.0006628919784109916,-0.17343330986702007,0.0,0.014316019711703164,post hoc diagnostic analysis
BtoA,internal_test,0.165,0.0006385758012001925,-0.18045985663269087,0.0,0.014316019711703164,post hoc diagnostic analysis
BtoA,internal_test,0.17,0.0006317466879138022,-0.18757106058830947,0.0,0.014316019711703164,post hoc diagnostic analysis
BtoA,internal_test,0.175,0.0006001193051552764,-0.19476846095551134,0.0,0.014316019711703164,post hoc diagnostic analysis
BtoA,internal_test,0.18,0.000539263041456409,-0.20205363449792296,0.0,0.014316019711703164,post hoc diagnostic analysis
BtoA,internal_test,0.185,0.00038033350034056223,-0.2094281966727569,0.0,0.014316019711703164,post hoc diagnostic analysis
BtoA,internal_test,0.19,0.00030899171586621645,-0.21689380282505782,0.0,0.014316019711703164,post hoc diagnostic analysis
BtoA,internal_test,0.195,0.00028893682542192303,-0.22445214942645575,0.0,0.014316019711703164,post hoc diagnostic analysis
BtoA,internal_test,0.2,0.0002898779877197143,-0.23210497536037106,0.0,0.014316019711703164,post hoc diagnostic analysis
BtoA,external_unchanged,0.005,0.016855000553021575,0.016724225021014064,0.0,0.021640603895908994,post hoc diagnostic analysis
BtoA,external_unchanged,0.01,0.013375740715821566,0.011758185753443427,0.0,0.021640603895908994,post hoc diagnostic analysis
BtoA,external_unchanged,0.015,0.010850240475701114,0.00674172984356243,0.0,0.021640603895908994,post hoc diagnostic analysis
BtoA,external_unchanged,0.02,0.00884876124209563,0.0016740856080703984,0.0,0.021640603895908994,post hoc diagnostic analysis
BtoA,external_unchanged,0.025,0.007272915955538862,-0.003445534465734368,0.0,0.021640603895908994,post hoc diagnostic analysis
BtoA,external_unchanged,0.03,0.006057580259905215,-0.008617934127928877,0.0,0.021640603895908994,post hoc diagnostic analysis
BtoA,external_unchanged,0.035,0.004969157003102776,-0.013843933786622811,0.0,0.021640603895908994,post hoc diagnostic analysis
BtoA,external_unchanged,0.04,0.0040949012384489435,-0.01912437094176147,0.0,0.021640603895908994,post hoc diagnostic analysis
BtoA,external_unchanged,0.045,0.0033434597336822894,-0.024460100632556034,0.0,0.021640603895908994,post hoc diagnostic analysis
BtoA,external_unchanged,0.05,0.0027835523062810464,-0.029851995899043172,0.0,0.021640603895908994,post hoc diagnostic analysis
BtoA,external_unchanged,0.055,0.0022686137092722625,-0.03530094825829737,0.0,0.021640603895908994,post hoc diagnostic analysis
BtoA,external_unchanged,0.06,0.0018486774084811083,-0.04080786819584149,0.0,0.021640603895908994,post hoc diagnostic analysis
BtoA,external_unchanged,0.065,0.0014819983435564827,-0.04637368567282461,0.0,0.021640603895908994,post hoc diagnostic analysis
BtoA,external_unchanged,0.07,0.0011433785916729064,-0.05199935064956024,0.0,0.021640603895908994,post hoc diagnostic analysis
BtoA,external_unchanged,0.075,0.0008740982939392803,-0.05768583362604432,0.0,0.021640603895908994,post hoc diagnostic analysis
BtoA,external_unchanged,0.08,0.0006827143927526777,-0.06343412620009892,0.0,0.021640603895908994,post hoc diagnostic analysis
BtoA,external_unchanged,0.085,0.0004990883841969537,-0.06924524164381532,0.0,0.021640603895908994,post hoc diagnostic analysis
BtoA,external_unchanged,0.09,0.0006028980805568704,-0.07512021549900111,0.0,0.021640603895908994,post hoc diagnostic analysis
BtoA,external_unchanged,0.095,0.0008153980911536451,-0.08106010619236576,0.0,0.021640603895908994,post hoc diagnostic analysis
BtoA,external_unchanged,0.1,0.0006608501323543269,-0.08706599567121225,0.0,0.021640603895908994,post hoc diagnostic analysis
BtoA,external_unchanged,0.105,0.0005425328213823893,-0.09313899006043687,0.0,0.021640603895908994,post hoc diagnostic analysis
BtoA,external_unchanged,0.11,0.00046300037698543276,-0.09928022034167529,0.0,0.021640603895908994,post hoc diagnostic analysis
BtoA,external_unchanged,0.115,0.00037009213908213755,-0.10549084305547007,0.0,0.021640603895908994,post hoc diagnostic analysis
BtoA,external_unchanged,0.12,0.00032671511432946646,-0.11177204102737615,0.0,0.021640603895908994,post hoc diagnostic analysis
BtoA,external_unchanged,0.125,0.00026697292199493556,-0.11812502411896114,0.0,0.021640603895908994,post hoc diagnostic analysis
BtoA,external_unchanged,0.13,0.0001653804919764584,-0.12455103000470233,0.0,0.021640603895908994,post hoc diagnostic analysis
BtoA,external_unchanged,0.135,0.00013229482142020814,-0.13105132497582778,0.0,0.021640603895908994,post hoc diagnostic analysis
BtoA,external_unchanged,0.14,9.301987594484331e-05,-0.13762720477219886,0.0,0.021640603895908994,post hoc diagnostic analysis
BtoA,external_unchanged,0.145,4.9036031348805194e-05,-0.1442799954433813,0.0,0.021640603895908994,post hoc diagnostic analysis
BtoA,external_unchanged,0.15,4.646239505654752e-06,-0.15101105424010708,0.0,0.021640603895908994,post hoc diagnostic analysis
BtoA,external_unchanged,0.155,-1.5918731352451655e-05,-0.1578217705373858,0.0,0.021640603895908994,post hoc diagnostic analysis
BtoA,external_unchanged,0.16,-3.106785482781299e-05,-0.16471356679058455,0.0,0.021640603895908994,post hoc diagnostic analysis
BtoA,external_unchanged,0.165,-6.500506395313069e-05,-0.17168789952585753,0.0,0.021640603895908994,post hoc diagnostic analysis
BtoA,external_unchanged,0.17,-8.130807177317788e-05,-0.17874626036637473,0.0,0.021640603895908994,post hoc diagnostic analysis
BtoA,external_unchanged,0.175,-0.00011484096106613765,-0.18589017709586791,0.0,0.021640603895908994,post hoc diagnostic analysis
BtoA,external_unchanged,0.18,-0.00014837822522766574,-0.19312121476108657,0.0,0.021640603895908994,post hoc diagnostic analysis
BtoA,external_unchanged,0.185,-0.00015356249134242388,-0.20044097681483564,0.0,0.021640603895908994,post hoc diagnostic analysis
BtoA,external_unchanged,0.19,-0.0001842618282568596,-0.20785110630134693,0.0,0.021640603895908994,post hoc diagnostic analysis
BtoA,external_unchanged,0.195,-0.0001618184214612988,-0.21535328708582738,0.0,0.021640603895908994,post hoc diagnostic analysis
BtoA,external_unchanged,0.2,-0.00015204818782255938,-0.22294924513011377,0.0,0.021640603895908994,post hoc diagnostic analysis
BtoA,external_recalibrated_ALL,0.005,0.01713253141222484,0.016724225021014064,0.0,0.021640603895908994,post hoc diagnostic analysis
BtoA,external_recalibrated_ALL,0.01,0.01374849114662676,0.011758185753443427,0.0,0.021640603895908994,post hoc diagnostic analysis
BtoA,external_recalibrated_ALL,0.015,0.01111812755121503,0.00674172984356243,0.0,0.021640603895908994,post hoc diagnostic analysis
BtoA,external_recalibrated_ALL,0.02,0.00911470250927788,0.0016740856080703984,0.0,0.021640603895908994,post hoc diagnostic analysis
BtoA,external_recalibrated_ALL,0.025,0.007443606881541996,-0.003445534465734368,0.0,0.021640603895908994,post hoc diagnostic analysis
BtoA,external_recalibrated_ALL,0.03,0.006055984252685336,-0.008617934127928877,0.0,0.021640603895908994,post hoc diagnostic analysis
BtoA,external_recalibrated_ALL,0.035,0.004997395546834037,-0.013843933786622811,0.0,0.021640603895908994,post hoc diagnostic analysis
BtoA,external_recalibrated_ALL,0.04,0.004085686196762729,-0.01912437094176147,0.0,0.021640603895908994,post hoc diagnostic analysis
BtoA,external_recalibrated_ALL,0.045,0.003350862093271666,-0.024460100632556034,0.0,0.021640603895908994,post hoc diagnostic analysis
BtoA,external_recalibrated_ALL,0.05,0.002784466881846897,-0.029851995899043172,0.0,0.021640603895908994,post hoc diagnostic analysis
BtoA,external_recalibrated_ALL,0.055,0.002319047778691425,-0.03530094825829737,0.0,0.021640603895908994,post hoc diagnostic analysis
BtoA,external_recalibrated_ALL,0.06,0.0018875318334875468,-0.04080786819584149,0.0,0.021640603895908994,post hoc diagnostic analysis
BtoA,external_recalibrated_ALL,0.065,0.001543531450027739,-0.04637368567282461,0.0,0.021640603895908994,post hoc diagnostic analysis
BtoA,external_recalibrated_ALL,0.07,0.001298123346993506,-0.05199935064956024,0.0,0.021640603895908994,post hoc diagnostic analysis
BtoA,external_recalibrated_ALL,0.075,0.0010883426762470661,-0.05768583362604432,0.0,0.021640603895908994,post hoc diagnostic analysis
BtoA,external_recalibrated_ALL,0.08,0.0012578703610535754,-0.06343412620009892,0.0,0.021640603895908994,post hoc diagnostic analysis
BtoA,external_recalibrated_ALL,0.085,0.0012321568198270468,-0.06924524164381532,0.0,0.021640603895908994,post hoc diagnostic analysis
BtoA,external_recalibrated_ALL,0.09,0.001062735893855774,-0.07512021549900111,0.0,0.021640603895908994,post hoc diagnostic analysis
BtoA,external_recalibrated_ALL,0.095,0.0009512890452698678,-0.08106010619236576,0.0,0.021640603895908994,post hoc diagnostic analysis
BtoA,external_recalibrated_ALL,0.1,0.000853400622445349,-0.08706599567121225,0.0,0.021640603895908994,post hoc diagnostic analysis
BtoA,external_recalibrated_ALL,0.105,0.0006991811756652268,-0.09313899006043687,0.0,0.021640603895908994,post hoc diagnostic analysis
BtoA,external_recalibrated_ALL,0.11,0.0006055125497596721,-0.09928022034167529,0.0,0.021640603895908994,post hoc diagnostic analysis
BtoA,external_recalibrated_ALL,0.115,0.0005156228603755361,-0.10549084305547007,0.0,0.021640603895908994,post hoc diagnostic analysis
BtoA,external_recalibrated_ALL,0.12,0.00043255645026828724,-0.11177204102737615,0.0,0.021640603895908994,post hoc diagnostic analysis
BtoA,external_recalibrated_ALL,0.125,0.0003795844926419963,-0.11812502411896114,0.0,0.021640603895908994,post hoc diagnostic analysis
BtoA,external_recalibrated_ALL,0.13,0.0003081546255305752,-0.12455103000470233,0.0,0.021640603895908994,post hoc diagnostic analysis
BtoA,external_recalibrated_ALL,0.135,0.00021413900173421435,-0.13105132497582778,0.0,0.021640603895908994,post hoc diagnostic analysis
BtoA,external_recalibrated_ALL,0.14,0.00016836891447678391,-0.13762720477219886,0.0,0.021640603895908994,post hoc diagnostic analysis
BtoA,external_recalibrated_ALL,0.145,0.0001258049500580307,-0.1442799954433813,0.0,0.021640603895908994,post hoc diagnostic analysis
BtoA,external_recalibrated_ALL,0.15,0.00010723520779051701,-0.15101105424010708,0.0,0.021640603895908994,post hoc diagnostic analysis
BtoA,external_recalibrated_ALL,0.155,9.547499825833365e-05,-0.1578217705373858,0.0,0.021640603895908994,post hoc diagnostic analysis
BtoA,external_recalibrated_ALL,0.16,6.679964912130254e-05,-0.16471356679058455,0.0,0.021640603895908994,post hoc diagnostic analysis
BtoA,external_recalibrated_ALL,0.165,2.807552820327275e-05,-0.17168789952585753,0.0,0.021640603895908994,post hoc diagnostic analysis
BtoA,external_recalibrated_ALL,0.17,2.508521502739893e-05,-0.17874626036637473,0.0,0.021640603895908994,post hoc diagnostic analysis
BtoA,external_recalibrated_ALL,0.175,3.5041093580830726e-05,-0.18589017709586791,0.0,0.021640603895908994,post hoc diagnostic analysis
BtoA,external_recalibrated_ALL,0.18,8.707732771086075e-06,-0.19312121476108657,0.0,0.021640603895908994,post hoc diagnostic analysis
BtoA,external_recalibrated_ALL,0.185,8.722388274419956e-08,-0.20044097681483564,0.0,0.021640603895908994,post hoc diagnostic analysis
BtoA,external_recalibrated_ALL,0.19,2.7693881892965576e-06,-0.20785110630134693,0.0,0.021640603895908994,post hoc diagnostic analysis
BtoA,external_recalibrated_ALL,0.195,3.0122638484488445e-06,-0.21535328708582738,0.0,0.021640603895908994,post hoc diagnostic analysis
BtoA,external_recalibrated_ALL,0.2,-1.4612423245284931e-05,-0.22294924513011377,0.0,0.021640603895908994,post hoc diagnostic analysis
BtoA,external_unchanged_measurement_agnostic,0.005,0.01665660659308885,0.016724225021014064,0.0,0.021640603895908994,post hoc diagnostic analysis
BtoA,external_unchanged_measurement_agnostic,0.01,0.012882021919608232,0.011758185753443427,0.0,0.021640603895908994,post hoc diagnostic analysis
BtoA,external_unchanged_measurement_agnostic,0.015,0.010146053586027392,0.00674172984356243,0.0,0.021640603895908994,post hoc diagnostic analysis
BtoA,external_unchanged_measurement_agnostic,0.02,0.008224577841208787,0.0016740856080703984,0.0,0.021640603895908994,post hoc diagnostic analysis
BtoA,external_unchanged_measurement_agnostic,0.025,0.006788711083815685,-0.003445534465734368,0.0,0.021640603895908994,post hoc diagnostic analysis
BtoA,external_unchanged_measurement_agnostic,0.03,0.005695758908843087,-0.008617934127928877,0.0,0.021640603895908994,post hoc diagnostic analysis
BtoA,external_unchanged_measurement_agnostic,0.035,0.004729268527834433,-0.013843933786622811,0.0,0.021640603895908994,post hoc diagnostic analysis
BtoA,external_unchanged_measurement_agnostic,0.04,0.003891841212720547,-0.01912437094176147,0.0,0.021640603895908994,post hoc diagnostic analysis
BtoA,external_unchanged_measurement_agnostic,0.045,0.003261074366230028,-0.024460100632556034,0.0,0.021640603895908994,post hoc diagnostic analysis
BtoA,external_unchanged_measurement_agnostic,0.05,0.00277864685551876,-0.029851995899043172,0.0,0.021640603895908994,post hoc diagnostic analysis
BtoA,external_unchanged_measurement_agnostic,0.055,0.0023809410972278665,-0.03530094825829737,0.0,0.021640603895908994,post hoc diagnostic analysis
BtoA,external_unchanged_measurement_agnostic,0.06,0.002258732758895084,-0.04080786819584149,0.0,0.021640603895908994,post hoc diagnostic analysis
BtoA,external_unchanged_measurement_agnostic,0.065,0.0020072599435248745,-0.04637368567282461,0.0,0.021640603895908994,post hoc diagnostic analysis
BtoA,external_unchanged_measurement_agnostic,0.07,0.0017442332821180845,-0.05199935064956024,0.0,0.021640603895908994,post hoc diagnostic analysis
BtoA,external_unchanged_measurement_agnostic,0.075,0.0015689195529422504,-0.05768583362604432,0.0,0.021640603895908994,post hoc diagnostic analysis
BtoA,external_unchanged_measurement_agnostic,0.08,0.0013836986072832437,-0.06343412620009892,0.0,0.021640603895908994,post hoc diagnostic analysis
BtoA,external_unchanged_measurement_agnostic,0.085,0.001226830655217777,-0.06924524164381532,0.0,0.021640603895908994,post hoc diagnostic analysis
BtoA,external_unchanged_measurement_agnostic,0.09,0.0010727350097325594,-0.07512021549900111,0.0,0.021640603895908994,post hoc diagnostic analysis
BtoA,external_unchanged_measurement_agnostic,0.095,0.0009546143152453514,-0.08106010619236576,0.0,0.021640603895908994,post hoc diagnostic analysis
BtoA,external_unchanged_measurement_agnostic,0.1,0.0008516453764098797,-0.08706599567121225,0.0,0.021640603895908994,post hoc diagnostic analysis
BtoA,external_unchanged_measurement_agnostic,0.105,0.0006946096912979864,-0.09313899006043687,0.0,0.021640603895908994,post hoc diagnostic analysis
BtoA,external_unchanged_measurement_agnostic,0.11,0.0005789412802811519,-0.09928022034167529,0.0,0.021640603895908994,post hoc diagnostic analysis
BtoA,external_unchanged_measurement_agnostic,0.115,0.0004435893480758293,-0.10549084305547007,0.0,0.021640603895908994,post hoc diagnostic analysis
BtoA,external_unchanged_measurement_agnostic,0.12,0.000372455230335592,-0.11177204102737615,0.0,0.021640603895908994,post hoc diagnostic analysis
BtoA,external_unchanged_measurement_agnostic,0.125,0.0003001470720653122,-0.11812502411896114,0.0,0.021640603895908994,post hoc diagnostic analysis
BtoA,external_unchanged_measurement_agnostic,0.13,0.00022194178232633438,-0.12455103000470233,0.0,0.021640603895908994,post hoc diagnostic analysis
BtoA,external_unchanged_measurement_agnostic,0.135,0.00016414492751585185,-0.13105132497582778,0.0,0.021640603895908994,post hoc diagnostic analysis
BtoA,external_unchanged_measurement_agnostic,0.14,9.654669588588004e-05,-0.13762720477219886,0.0,0.021640603895908994,post hoc diagnostic analysis
BtoA,external_unchanged_measurement_agnostic,0.145,4.552553927786567e-05,-0.1442799954433813,0.0,0.021640603895908994,post hoc diagnostic analysis
BtoA,external_unchanged_measurement_agnostic,0.15,2.9828857626304798e-05,-0.15101105424010708,0.0,0.021640603895908994,post hoc diagnostic analysis
BtoA,external_unchanged_measurement_agnostic,0.155,2.1302870670720803e-05,-0.1578217705373858,0.0,0.021640603895908994,post hoc diagnostic analysis
BtoA,external_unchanged_measurement_agnostic,0.16,3.6860166744861513e-06,-0.16471356679058455,0.0,0.021640603895908994,post hoc diagnostic analysis
BtoA,external_unchanged_measurement_agnostic,0.165,-4.103491959090214e-05,-0.17168789952585753,0.0,0.021640603895908994,post hoc diagnostic analysis
BtoA,external_unchanged_measurement_agnostic,0.17,-4.314733115865974e-05,-0.17874626036637473,0.0,0.021640603895908994,post hoc diagnostic analysis
BtoA,external_unchanged_measurement_agnostic,0.175,-7.070450166514605e-05,-0.18589017709586791,0.0,0.021640603895908994,post hoc diagnostic analysis
BtoA,external_unchanged_measurement_agnostic,0.18,-6.981598133277858e-05,-0.19312121476108657,0.0,0.021640603895908994,post hoc diagnostic analysis
BtoA,external_unchanged_measurement_agnostic,0.185,-6.917823055867608e-05,-0.20044097681483564,0.0,0.021640603895908994,post hoc diagnostic analysis
BtoA,external_unchanged_measurement_agnostic,0.19,-5.255986739545254e-05,-0.20785110630134693,0.0,0.021640603895908994,post hoc diagnostic analysis
BtoA,external_unchanged_measurement_agnostic,0.195,-4.336874987017589e-05,-0.21535328708582738,0.0,0.021640603895908994,post hoc diagnostic analysis
BtoA,external_unchanged_measurement_agnostic,0.2,-4.857643403162286e-05,-0.22294924513011377,0.0,0.021640603895908994,post hoc diagnostic analysis
