Variable,Recorded_hours_A,Recorded_hours_B,Median_A,IQR_A,Median_B,IQR_B,MedianRatio_A_over_B,KS_statistic,PossibleScaleDifference,Note,Status
HR,729026,669785,84.0,73-96,83.0,71.5-95,1.0120481927710843,0.03517999999999999,False,,post hoc diagnostic analysis
O2Sat,695136,654338,98.0,96-99.5,98.0,96-99.5,1.0,0.02987999999999999,False,,post hoc diagnostic analysis
Temp,266901,258325,37.060001373291016,36.56-37.55,36.900001525878906,36.5-37.4,1.0043360390459577,0.10013000000000005,False,,post hoc diagnostic analysis
SBP,670014,655931,118.5,105-134,124.0,109-142,0.9556451612903226,0.10246500000000003,False,,post hoc diagnostic analysis
MAP,709357,649583,77.0,68-87.33,84.0,74.5-96,0.9166666666666666,0.19761499999999993,False,,post hoc diagnostic analysis
DBP,409918,655738,58.5,51-67,65.0,56-74,0.9,0.19297000000000003,False,,post hoc diagnostic analysis
Resp,712957,600918,18.0,15-22,18.0,16-21,1.0,0.06160499999999999,False,,post hoc diagnostic analysis
EtCO2,0,57636,,,,,,,,too few recorded values,post hoc diagnostic analysis
BaseExcess,82381,1764,0.0,-3-1,-2.4000000953674316,-4.9--0.2,-0.0,0.30032736562414863,True,,post hoc diagnostic analysis
HCO3,63617,1411,24.0,22-27,23.399999618530273,21.45-25.1,1.0256410423611542,0.19144219359237502,False,,post hoc diagnostic analysis
FiO2,112155,17210,0.5,0.4-0.55,0.4000000059604645,0.4-0.6,1.2499999813735487,0.1500720020704724,False,,post hoc diagnostic analysis
pH,90615,16958,7.389999866485596,7.34-7.43,7.380000114440918,7.32-7.43,1.0013549799308419,0.06711889480928168,False,,post hoc diagnostic analysis
PaCO2,69288,17013,40.0,36-45,39.0,34.7-44,1.0256410256410255,0.0799150977295201,False,,post hoc diagnostic analysis
SaO2,39160,14401,97.0,93-98,97.5,95.7-98.7,0.9948717948717949,0.30552615444435927,False,,post hoc diagnostic analysis
AST,11820,13363,57.0,28-180,32.0,20-72,1.78125,0.20901966474847267,True,,post hoc diagnostic analysis
BUN,64476,42092,18.0,12-29,17.0,11-28,1.0588235294117647,0.03709806601673357,False,,post hoc diagnostic analysis
Alkalinephos,11532,13409,78.0,56-119,70.0,52-101,1.1142857142857143,0.09477314704194184,False,,post hoc diagnostic analysis
Calcium,39318,52013,8.300000190734863,7.8-8.8,8.199999809265137,7.2-8.7,1.0121951687555817,0.22041632953385024,False,,post hoc diagnostic analysis
Chloride,65777,4689,106.0,102-109,107.0,104-110,0.9906542056074766,0.1271631891767097,False,,post hoc diagnostic analysis
Creatinine,52487,42129,0.8999999761581421,0.7-1.4,0.9900000095367432,0.75-1.51,0.9090908762508847,0.12049973671989667,False,,post hoc diagnostic analysis
Bilirubin_direct,1182,1808,1.399999976158142,0.5-3.7,0.20000000298023224,0.1-0.6825,6.999999776482586,0.47452944611652664,True,,post hoc diagnostic analysis
Glucose,96656,168860,124.0,104-150,128.0,108-155,0.96875,0.04810369180060853,False,,post hoc diagnostic analysis
Lactate,27143,14303,1.7999999523162842,1.2-2.8,1.9700000286102295,1.33-3.43,0.913705546281705,0.08098519768348844,False,,post hoc diagnostic analysis
Magnesium,61481,36470,2.0,1.8-2.2,2.0,1.8-2.2,1.0,0.04455450728173094,False,,post hoc diagnostic analysis
Phosphate,39896,22405,3.4000000953674316,2.7-4.2,3.299999952316284,2.6-4,1.0303030740897305,0.03168418763590064,False,,post hoc diagnostic analysis
Potassium,85836,58689,4.099999904632568,3.8-4.5,4.0,3.7-4.4,1.024999976158142,0.06189749855585036,False,,post hoc diagnostic analysis
Bilirubin_total,9693,13448,0.8999999761581421,0.5-2.2,0.800000011920929,0.6-1.4,1.124999953433872,0.11629014001714622,False,,post hoc diagnostic analysis
TroponinI,965,13816,4.300000190734863,1-12.9,0.2199999988079071,0.03-3.112,19.545455518340283,0.5338013896931094,True,,post hoc diagnostic analysis
Hct,93058,44375,30.200000762939453,27.4-33.5,30.5,26-35.7,0.9901639594406378,0.10642770466639162,False,,post hoc diagnostic analysis
Hgb,69821,44770,10.399999618530273,9.4-11.6,9.899999618530273,8.5-11.7,1.0505050524511261,0.17195705402158007,False,,post hoc diagnostic analysis
PTT,38306,7393,32.400001525878906,27.7-42.9,32.29999923706055,28.5-42,1.0030960461665777,0.05125010161680879,False,,post hoc diagnostic analysis
WBC,59348,40099,10.800000190734863,8-14.3,9.600000381469727,7-12.8,1.1249999751647324,0.11585844647626459,False,,post hoc diagnostic analysis
Fibrinogen,6030,4212,250.0,184-356.8,251.0,183-341,0.9960159362549801,0.039377188133407036,False,,post hoc diagnostic analysis
Platelets,51499,40710,181.0,127-247,180.0,126-240,1.0055555555555555,0.02458798509794513,False,,post hoc diagnostic analysis
