Direction,Setting,ThresholdProb,NetBenefit,TreatAll,TreatNone,Status
AtoB,internal_test,0.01,0.06855332650561279,0.06897001827419322,0.0,post hoc diagnostic analysis
AtoB,internal_test,0.02,0.06141721101959671,0.0594697123382156,0.0,post hoc diagnostic analysis
AtoB,internal_test,0.03,0.05686243364554939,0.04977352380561989,0.0,post hoc diagnostic analysis
AtoB,internal_test,0.04,0.05303595096090125,0.03987533134526176,0.0,post hoc diagnostic analysis
AtoB,internal_test,0.05,0.04962331275504865,0.0297687558857382,0.0,post hoc diagnostic analysis
AtoB,internal_test,0.06,0.04656105917685377,0.019447146905799254,0.0,post hoc diagnostic analysis
AtoB,internal_test,0.07,0.04301075268817204,0.008903567840270188,0.0,post hoc diagnostic analysis
AtoB,internal_test,0.08,0.040625810355259744,-0.0018692194658138095,0.0,post hoc diagnostic analysis
AtoB,internal_test,0.09,0.03817752823717038,-0.012878771328075495,0.0,post hoc diagnostic analysis
AtoB,internal_test,0.1,0.03655842721449083,-0.02413297989838746,0.0,post hoc diagnostic analysis
AtoB,internal_test,0.11,0.03515982755154466,-0.0356400920320772,0.0,post hoc diagnostic analysis
AtoB,internal_test,0.12,0.03378592083860474,-0.04740872944153261,0.0,post hoc diagnostic analysis
AtoB,internal_test,0.13,0.03238043006329837,-0.059447910239711174,0.0,post hoc diagnostic analysis
AtoB,internal_test,0.14,0.030734199454436173,-0.07176707198668454,0.0,post hoc diagnostic analysis
AtoB,internal_test,0.15,0.029704128172143608,-0.08437609636299849,0.0,post hoc diagnostic analysis
AtoB,internal_test,0.16,0.02893354160749787,-0.09728533560541515,0.0,post hoc diagnostic analysis
AtoB,internal_test,0.17,0.027943783084624776,-0.11050564085367316,0.0,post hoc diagnostic analysis
AtoB,internal_test,0.18,0.028378509431217575,-0.12404839257140084,0.0,post hoc diagnostic analysis
AtoB,internal_test,0.19,0.02880556169157892,-0.1379255332204305,0.0,post hoc diagnostic analysis
AtoB,internal_test,0.2,0.02789512922465209,-0.15214960238568587,0.0,post hoc diagnostic analysis
AtoB,internal_test,0.21,0.02688929712862068,-0.16673377456778316,0.0,post hoc diagnostic analysis
AtoB,internal_test,0.22,0.027144823367487386,-0.18169189988275475,0.0,post hoc diagnostic analysis
AtoB,internal_test,0.23,0.027026154759753174,-0.1970385479331801,0.0,post hoc diagnostic analysis
AtoB,internal_test,0.24,0.026773569111645912,-0.2127890551428272,0.0,post hoc diagnostic analysis
AtoB,internal_test,0.25,0.026673293571901922,-0.22895957587806492,0.0,post hoc diagnostic analysis
AtoB,internal_test,0.26,0.02675165224867014,-0.24556713771425503,0.0,post hoc diagnostic analysis
AtoB,internal_test,0.27,0.02753683379176993,-0.2626297012445873,0.0,post hoc diagnostic analysis
AtoB,internal_test,0.28,0.027432626463441568,-0.28016622487298437,0.0,post hoc diagnostic analysis
AtoB,internal_test,0.29,0.026551955870411335,-0.29819673508246297,0.0,post hoc diagnostic analysis
AtoB,internal_test,0.3,0.026057938085771087,-0.3167424027264982,0.0,post hoc diagnostic analysis
AtoB,internal_test,0.31,0.025538796208257702,-0.33582562595441845,0.0,post hoc diagnostic analysis
AtoB,internal_test,0.32,0.024982458192024326,-0.35547012045374815,0.0,post hoc diagnostic analysis
AtoB,internal_test,0.33,0.024253731343283576,-0.37570101777395337,0.0,post hoc diagnostic analysis
AtoB,internal_test,0.34,0.024579793963491775,-0.39654497258871024,0.0,post hoc diagnostic analysis
AtoB,internal_test,0.35,0.024124483866034562,-0.41803027985930563,0.0,post hoc diagnostic analysis
AtoB,internal_test,0.36,0.024928553677932404,-0.44018700298210733,0.0,post hoc diagnostic analysis
AtoB,internal_test,0.37,0.025138849443024393,-0.46304711414055355,0.0,post hoc diagnostic analysis
AtoB,internal_test,0.38,0.025067337908035656,-0.48664464823959463,0.0,post hoc diagnostic analysis
AtoB,internal_test,0.39,0.024777564123455987,-0.5110158719812274,0.0,post hoc diagnostic analysis
AtoB,internal_test,0.4,0.02460238568588469,-0.5361994698475813,0.0,post hoc diagnostic analysis
AtoB,internal_test,0.41,0.024888802776560973,-0.56223674899754,0.0,post hoc diagnostic analysis
AtoB,internal_test,0.42,0.02464523205594022,-0.5891718653595666,0.0,post hoc diagnostic analysis
AtoB,internal_test,0.43,0.024763698510690244,-0.6170520735237696,0.0,post hoc diagnostic analysis
AtoB,internal_test,0.44,0.02403436523714854,-0.6459280034081226,0.0,post hoc diagnostic analysis
AtoB,internal_test,0.45,0.02376649195734683,-0.6758539671064521,0.0,post hoc diagnostic analysis
AtoB,internal_test,0.46,0.02348869744495987,-0.7068882998306457,0.0,post hoc diagnostic analysis
AtoB,internal_test,0.47,0.02331295247383623,-0.7390937394500918,0.0,post hoc diagnostic analysis
AtoB,internal_test,0.48,0.02337895702706836,-0.7725378498241321,0.0,post hoc diagnostic analysis
AtoB,internal_test,0.49,0.023238022843332165,-0.8072934939383307,0.0,post hoc diagnostic analysis
AtoB,internal_test,0.5,0.022117296222664017,-0.8434393638170974,0.0,post hoc diagnostic analysis
AtoB,external_unchanged,0.01,0.03372217752748726,0.036764611985850924,0.0,post hoc diagnostic analysis
AtoB,external_unchanged,0.02,0.027477489099305967,0.0269356794550943,0.0,post hoc diagnostic analysis
AtoB,external_unchanged,0.03,0.02377129302592308,0.016904088521641665,0.0,post hoc diagnostic analysis
AtoB,external_unchanged,0.04,0.02188158449220396,0.006663506110408758,0.0,post hoc diagnostic analysis
AtoB,external_unchanged,0.05,0.02020759864262426,-0.0037926675094816717,0.0,post hoc diagnostic analysis
AtoB,external_unchanged,0.06,0.01890147133980687,-0.014471312908518705,0.0,post hoc diagnostic analysis
AtoB,external_unchanged,0.07,0.018171499259138423,-0.025379606595707094,0.0,post hoc diagnostic analysis
AtoB,external_unchanged,0.08,0.017613917440773924,-0.03652503710218216,0.0,post hoc diagnostic analysis
AtoB,external_unchanged,0.09,0.01654950611967047,-0.04791542212528306,0.0,post hoc diagnostic analysis
AtoB,external_unchanged,0.1,0.01639275179098188,-0.05955892681556399,0.0,post hoc diagnostic analysis
AtoB,external_unchanged,0.11,0.016177786616287163,-0.07146408329663774,0.0,post hoc diagnostic analysis
AtoB,external_unchanged,0.12,0.016058499023100792,-0.08363981151591769,0.0,post hoc diagnostic analysis
AtoB,external_unchanged,0.13,0.01555647587078774,-0.09609544153334205,0.0,post hoc diagnostic analysis
AtoB,external_unchanged,0.14,0.015538176579543116,-0.1088407373651251,0.0,post hoc diagnostic analysis
AtoB,external_unchanged,0.15,0.015274782479363428,-0.12188592251059717,0.0,post hoc diagnostic analysis
AtoB,external_unchanged,0.16,0.01496297634097887,-0.13524170730239,0.0,post hoc diagnostic analysis
AtoB,external_unchanged,0.17,0.014568260399372458,-0.1489193182337441,0.0,post hoc diagnostic analysis
AtoB,external_unchanged,0.18,0.014495390213067744,-0.16293052943171654,0.0,post hoc diagnostic analysis
AtoB,external_unchanged,0.19,0.014321611961729958,-0.17728769646173775,0.0,post hoc diagnostic analysis
AtoB,external_unchanged,0.2,0.014032869785082176,-0.1920037926675095,0.0,post hoc diagnostic analysis
AtoB,external_unchanged,0.21,0.013764822608779146,-0.20709244827089568,0.0,post hoc diagnostic analysis
AtoB,external_unchanged,0.22,0.013512593601089175,-0.22256799247949693,0.0,post hoc diagnostic analysis
AtoB,external_unchanged,0.23,0.012920518167041553,-0.23844549887533456,0.0,post hoc diagnostic analysis
AtoB,external_unchanged,0.24,0.012758666577949298,-0.2547408343868521,0.0,post hoc diagnostic analysis
AtoB,external_unchanged,0.25,0.012768647281921619,-0.2714707121786768,0.0,post hoc diagnostic analysis
AtoB,external_unchanged,0.26,0.012461133700071753,-0.28865274882974,0.0,post hoc diagnostic analysis
AtoB,external_unchanged,0.27,0.011976343452886062,-0.30630552621096935,0.0,post hoc diagnostic analysis
AtoB,external_unchanged,0.28,0.01171512852928782,-0.32444865851945504,0.0,post hoc diagnostic analysis
AtoB,external_unchanged,0.29,0.011516888944285177,-0.3431028649774755,0.0,post hoc diagnostic analysis
AtoB,external_unchanged,0.3,0.011188369152970922,-0.362290048762868,0.0,post hoc diagnostic analysis
AtoB,external_unchanged,0.31,0.010841166016233349,-0.3820333828029096,0.0,post hoc diagnostic analysis
AtoB,external_unchanged,0.32,0.010779355990183682,-0.4023574031382465,0.0,post hoc diagnostic analysis
AtoB,external_unchanged,0.33,0.010585504839896596,-0.4232881106477726,0.0,post hoc diagnostic analysis
AtoB,external_unchanged,0.34,0.010247864230165115,-0.4448530820212237,0.0,post hoc diagnostic analysis
AtoB,external_unchanged,0.35,0.009929009044053291,-0.46708159097539625,0.0,post hoc diagnostic analysis
AtoB,external_unchanged,0.36,0.009706858407079647,-0.49000474083438683,0.0,post hoc diagnostic analysis
AtoB,external_unchanged,0.37,0.009350229767423194,-0.51365560973652,0.0,post hoc diagnostic analysis
AtoB,external_unchanged,0.38,0.008918885852942374,-0.5380694098935607,0.0,post hoc diagnostic analysis
AtoB,external_unchanged,0.39,0.008572879318563346,-0.5632836625147666,0.0,post hoc diagnostic analysis
AtoB,external_unchanged,0.4,0.00830172777075432,-0.5893383902233461,0.0,post hoc diagnostic analysis
AtoB,external_unchanged,0.41,0.007979601019949004,-0.6162763290406906,0.0,post hoc diagnostic analysis
AtoB,external_unchanged,0.42,0.008095383408169492,-0.644143162300013,0.0,post hoc diagnostic analysis
AtoB,external_unchanged,0.43,0.007690686894226717,-0.6729877791824693,0.0,post hoc diagnostic analysis
AtoB,external_unchanged,0.44,0.0074092468845945465,-0.702862560953585,0.0,post hoc diagnostic analysis
AtoB,external_unchanged,0.45,0.007062406619928745,-0.7338236984254684,0.0,post hoc diagnostic analysis
AtoB,external_unchanged,0.46,0.006578639322002155,-0.7659315446926067,0.0,post hoc diagnostic analysis
AtoB,external_unchanged,0.47,0.006273406006249553,-0.7992510078000142,0.0,post hoc diagnostic analysis
AtoB,external_unchanged,0.48,0.005737625206651756,-0.8338519887192454,0.0,post hoc diagnostic analysis
AtoB,external_unchanged,0.49,0.005334523189806897,-0.8698098708509953,0.0,post hoc diagnostic analysis
AtoB,external_unchanged,0.5,0.00518331226295828,-0.9072060682680152,0.0,post hoc diagnostic analysis
AtoB,external_recalibrated_ALL,0.01,0.03469269177233779,0.036764611985850924,0.0,post hoc diagnostic analysis
AtoB,external_recalibrated_ALL,0.02,0.02840501560927785,0.0269356794550943,0.0,post hoc diagnostic analysis
AtoB,external_recalibrated_ALL,0.03,0.024473132013502416,0.016904088521641665,0.0,post hoc diagnostic analysis
AtoB,external_recalibrated_ALL,0.04,0.021296881584492205,0.006663506110408758,0.0,post hoc diagnostic analysis
AtoB,external_recalibrated_ALL,0.05,0.02002461906979839,-0.0037926675094816717,0.0,post hoc diagnostic analysis
AtoB,external_recalibrated_ALL,0.06,0.018390402668316434,-0.014471312908518705,0.0,post hoc diagnostic analysis
AtoB,external_recalibrated_ALL,0.07,0.017386457866046784,-0.025379606595707094,0.0,post hoc diagnostic analysis
AtoB,external_recalibrated_ALL,0.08,0.016717968449403618,-0.03652503710218216,0.0,post hoc diagnostic analysis
AtoB,external_recalibrated_ALL,0.09,0.016266097998082825,-0.04791542212528306,0.0,post hoc diagnostic analysis
AtoB,external_recalibrated_ALL,0.1,0.015943250456524793,-0.05955892681556399,0.0,post hoc diagnostic analysis
AtoB,external_recalibrated_ALL,0.11,0.015128055796247108,-0.07146408329663774,0.0,post hoc diagnostic analysis
AtoB,external_recalibrated_ALL,0.12,0.015084473049074822,-0.08363981151591769,0.0,post hoc diagnostic analysis
AtoB,external_recalibrated_ALL,0.13,0.014800848627519365,-0.09609544153334205,0.0,post hoc diagnostic analysis
AtoB,external_recalibrated_ALL,0.14,0.014784053156146181,-0.1088407373651251,0.0,post hoc diagnostic analysis
AtoB,external_recalibrated_ALL,0.15,0.014676135941102106,-0.12188592251059717,0.0,post hoc diagnostic analysis
AtoB,external_recalibrated_ALL,0.16,0.01454156883992535,-0.13524170730239,0.0,post hoc diagnostic analysis
AtoB,external_recalibrated_ALL,0.17,0.01433978645301814,-0.1489193182337441,0.0,post hoc diagnostic analysis
AtoB,external_recalibrated_ALL,0.18,0.01410224784928001,-0.16293052943171654,0.0,post hoc diagnostic analysis
AtoB,external_recalibrated_ALL,0.19,0.013748809914001653,-0.17728769646173775,0.0,post hoc diagnostic analysis
AtoB,external_recalibrated_ALL,0.2,0.013843236409608092,-0.1920037926675095,0.0,post hoc diagnostic analysis
AtoB,external_recalibrated_ALL,0.21,0.013602394021347759,-0.20709244827089568,0.0,post hoc diagnostic analysis
AtoB,external_recalibrated_ALL,0.22,0.01347531524522675,-0.22256799247949693,0.0,post hoc diagnostic analysis
AtoB,external_recalibrated_ALL,0.23,0.013151197727683191,-0.23844549887533456,0.0,post hoc diagnostic analysis
AtoB,external_recalibrated_ALL,0.24,0.01307139530241533,-0.2547408343868521,0.0,post hoc diagnostic analysis
AtoB,external_recalibrated_ALL,0.25,0.012515802781289507,-0.2714707121786768,0.0,post hoc diagnostic analysis
AtoB,external_recalibrated_ALL,0.26,0.012329586223391534,-0.28865274882974,0.0,post hoc diagnostic analysis
AtoB,external_recalibrated_ALL,0.27,0.012320973970870928,-0.30630552621096935,0.0,post hoc diagnostic analysis
AtoB,external_recalibrated_ALL,0.28,0.0119960668633235,-0.32444865851945504,0.0,post hoc diagnostic analysis
AtoB,external_recalibrated_ALL,0.29,0.011517779241822616,-0.3431028649774755,0.0,post hoc diagnostic analysis
AtoB,external_recalibrated_ALL,0.3,0.011305761242550116,-0.362290048762868,0.0,post hoc diagnostic analysis
AtoB,external_recalibrated_ALL,0.31,0.010962091646970446,-0.3820333828029096,0.0,post hoc diagnostic analysis
AtoB,external_recalibrated_ALL,0.32,0.010838848813861827,-0.4023574031382465,0.0,post hoc diagnostic analysis
AtoB,external_recalibrated_ALL,0.33,0.01043455289922071,-0.4232881106477726,0.0,post hoc diagnostic analysis
AtoB,external_recalibrated_ALL,0.34,0.010364709037275408,-0.4448530820212237,0.0,post hoc diagnostic analysis
AtoB,external_recalibrated_ALL,0.35,0.01018671593892833,-0.46708159097539625,0.0,post hoc diagnostic analysis
AtoB,external_recalibrated_ALL,0.36,0.00977402022756005,-0.49000474083438683,0.0,post hoc diagnostic analysis
AtoB,external_recalibrated_ALL,0.37,0.009495715690405956,-0.51365560973652,0.0,post hoc diagnostic analysis
AtoB,external_recalibrated_ALL,0.38,0.00910444109130949,-0.5380694098935607,0.0,post hoc diagnostic analysis
AtoB,external_recalibrated_ALL,0.39,0.008813288843754534,-0.5632836625147666,0.0,post hoc diagnostic analysis
AtoB,external_recalibrated_ALL,0.4,0.008407079646017699,-0.5893383902233461,0.0,post hoc diagnostic analysis
AtoB,external_recalibrated_ALL,0.41,0.008076024770190062,-0.6162763290406906,0.0,post hoc diagnostic analysis
AtoB,external_recalibrated_ALL,0.42,0.007958062687998604,-0.644143162300013,0.0,post hoc diagnostic analysis
AtoB,external_recalibrated_ALL,0.43,0.007816000177434737,-0.6729877791824693,0.0,post hoc diagnostic analysis
AtoB,external_recalibrated_ALL,0.44,0.007513093733068448,-0.702862560953585,0.0,post hoc diagnostic analysis
AtoB,external_recalibrated_ALL,0.45,0.007252039995402827,-0.7338236984254684,0.0,post hoc diagnostic analysis
AtoB,external_recalibrated_ALL,0.46,0.006651215058294704,-0.7659315446926067,0.0,post hoc diagnostic analysis
AtoB,external_recalibrated_ALL,0.47,0.006280561982682538,-0.7992510078000142,0.0,post hoc diagnostic analysis
AtoB,external_recalibrated_ALL,0.48,0.005737625206651756,-0.8338519887192454,0.0,post hoc diagnostic analysis
AtoB,external_recalibrated_ALL,0.49,0.0053952554473116685,-0.8698098708509953,0.0,post hoc diagnostic analysis
AtoB,external_recalibrated_ALL,0.5,0.005309734513274336,-0.9072060682680152,0.0,post hoc diagnostic analysis
BtoA,internal_test,0.01,0.03910825425976941,0.0378532802775227,0.0,post hoc diagnostic analysis
BtoA,internal_test,0.02,0.036198721913007624,0.028035456606885178,0.0,post hoc diagnostic analysis
BtoA,internal_test,0.03,0.03177132146204311,0.01801520358221389,0.0,post hoc diagnostic analysis
BtoA,internal_test,0.04,0.028324915824915822,0.0077861952861952785,0.0,post hoc diagnostic analysis
BtoA,internal_test,0.05,0.025531632110579475,-0.002658160552897401,0.0,post hoc diagnostic analysis
BtoA,internal_test,0.06,0.022888459058671824,-0.013324736728992044,0.0,post hoc diagnostic analysis
BtoA,internal_test,0.07,0.020655479526447265,-0.02422070164005649,0.0,post hoc diagnostic analysis
BtoA,internal_test,0.08,0.018620992534036016,-0.03535353535353536,0.0,post hoc diagnostic analysis
BtoA,internal_test,0.09,0.017565767565767568,-0.046731046731046735,0.0,post hoc diagnostic analysis
BtoA,internal_test,0.1,0.01728395061728395,-0.05836139169472504,0.0,post hoc diagnostic analysis
BtoA,internal_test,0.11,0.018215866530473274,-0.07025309272500284,0.0,post hoc diagnostic analysis
BtoA,internal_test,0.12,0.020041322314049585,-0.08241505968778695,0.0,post hoc diagnostic analysis
BtoA,internal_test,0.13,0.019284802043422734,-0.09485661209799143,0.0,post hoc diagnostic analysis
BtoA,internal_test,0.14,0.018821940333568238,-0.10758750293634017,0.0,post hoc diagnostic analysis
BtoA,internal_test,0.15,0.01776589423648247,-0.12061794414735594,0.0,post hoc diagnostic analysis
BtoA,internal_test,0.16,0.017484367484367484,-0.13395863395863397,0.0,post hoc diagnostic analysis
BtoA,internal_test,0.17,0.016307654861871728,-0.14762078617500307,0.0,post hoc diagnostic analysis
BtoA,internal_test,0.18,0.015287016506528703,-0.1616161616161616,0.0,post hoc diagnostic analysis
BtoA,internal_test,0.19,0.015260631001371743,-0.1759571018830278,0.0,post hoc diagnostic analysis
BtoA,internal_test,0.2,0.014583333333333334,-0.19065656565656566,0.0,post hoc diagnostic analysis
BtoA,internal_test,0.21,0.01421173762945915,-0.2057281677534842,0.0,post hoc diagnostic analysis
BtoA,internal_test,0.22,0.013862988862988864,-0.2211862211862212,0.0,post hoc diagnostic analysis
BtoA,internal_test,0.23,0.014216843762298308,-0.23704578250032796,0.0,post hoc diagnostic analysis
BtoA,internal_test,0.24,0.013689526847421583,-0.2533227006911217,0.0,post hoc diagnostic analysis
BtoA,internal_test,0.25,0.013720538720538722,-0.27003367003367007,0.0,post hoc diagnostic analysis
BtoA,internal_test,0.26,0.013718263718263717,-0.2871962871962872,0.0,post hoc diagnostic analysis
BtoA,internal_test,0.27,0.013484156634841567,-0.3048291130482912,0.0,post hoc diagnostic analysis
BtoA,internal_test,0.28,0.012514029180695847,-0.3229517396184064,0.0,post hoc diagnostic analysis
BtoA,internal_test,0.29,0.012679613031725708,-0.34158486271162325,0.0,post hoc diagnostic analysis
BtoA,internal_test,0.3,0.011796536796536795,-0.3607503607503608,0.0,post hoc diagnostic analysis
BtoA,internal_test,0.31,0.011257502561850385,-0.3804713804713805,0.0,post hoc diagnostic analysis
BtoA,internal_test,0.32,0.010635769459298871,-0.40077243018419495,0.0,post hoc diagnostic analysis
BtoA,internal_test,0.33,0.010662596110357305,-0.421679481380974,0.0,post hoc diagnostic analysis
BtoA,internal_test,0.34,0.010629017447199265,-0.443220079583716,0.0,post hoc diagnostic analysis
BtoA,internal_test,0.35,0.010256410256410256,-0.46542346542346547,0.0,post hoc diagnostic analysis
BtoA,internal_test,0.36,0.00975378787878788,-0.48832070707070707,0.0,post hoc diagnostic analysis
BtoA,internal_test,0.37,0.009407567740901073,-0.5119448452781786,0.0,post hoc diagnostic analysis
BtoA,internal_test,0.38,0.008927989573150864,-0.5363310524600847,0.0,post hoc diagnostic analysis
BtoA,internal_test,0.39,0.009124027156814042,-0.5615168074184469,0.0,post hoc diagnostic analysis
BtoA,internal_test,0.4,0.008754208754208754,-0.5875420875420877,0.0,post hoc diagnostic analysis
BtoA,internal_test,0.41,0.008380414312617704,-0.6144495805512753,0.0,post hoc diagnostic analysis
BtoA,internal_test,0.42,0.008620689655172414,-0.6422849181469871,0.0,post hoc diagnostic analysis
BtoA,internal_test,0.43,0.007748538011695907,-0.671096934254829,0.0,post hoc diagnostic analysis
BtoA,internal_test,0.44,0.007215007215007214,-0.700937950937951,0.0,post hoc diagnostic analysis
BtoA,internal_test,0.45,0.007483930211202939,-0.7318640955004592,0.0,post hoc diagnostic analysis
BtoA,internal_test,0.46,0.007154882154882154,-0.7639356528245418,0.0,post hoc diagnostic analysis
BtoA,internal_test,0.47,0.006794358681151134,-0.7972174575948161,0.0,post hoc diagnostic analysis
BtoA,internal_test,0.48,0.006468531468531468,-0.8317793317793317,0.0,post hoc diagnostic analysis
BtoA,internal_test,0.49,0.005382253911665677,-0.8676965735789265,0.0,post hoc diagnostic analysis
BtoA,internal_test,0.5,0.00505050505050505,-0.9050505050505051,0.0,post hoc diagnostic analysis
BtoA,external_unchanged,0.01,0.06720564643077992,0.06948536651752843,0.0,post hoc diagnostic analysis
BtoA,external_unchanged,0.02,0.05724067846435731,0.05999031923709505,0.0,post hoc diagnostic analysis
BtoA,external_unchanged,0.03,0.04949042490408262,0.05029949778593108,0.0,post hoc diagnostic analysis
BtoA,external_unchanged,0.04,0.04238586034190156,0.0404067842212012,0.0,post hoc diagnostic analysis
BtoA,external_unchanged,0.05,0.03697216467220454,0.030305803002477004,0.0,post hoc diagnostic analysis
BtoA,external_unchanged,0.06,0.032043034048365754,0.019989907289737402,0.0,post hoc diagnostic analysis
BtoA,external_unchanged,0.07,0.027040613996787408,0.009452164357368967,0.0,post hoc diagnostic analysis
BtoA,external_unchanged,0.08,0.022697455444635813,-0.00131465994309439,0.0,post hoc diagnostic analysis
BtoA,external_unchanged,0.09,0.018982755726826263,-0.01231811774466686,0.0,post hoc diagnostic analysis
BtoA,external_unchanged,0.1,0.01582571022531286,-0.023566096830718725,0.0,post hoc diagnostic analysis
BtoA,external_unchanged,0.11,0.01869775657616605,-0.03506683949173803,0.0,post hoc diagnostic analysis
BtoA,external_unchanged,0.12,0.02206687513405507,-0.046828962667780485,0.0,post hoc diagnostic analysis
BtoA,external_unchanged,0.13,0.020779719416338025,-0.058861479480053866,0.0,post hoc diagnostic analysis
BtoA,external_unchanged,0.14,0.019976666214237652,-0.07117382226470566,0.0,post hoc diagnostic analysis
BtoA,external_unchanged,0.15,0.018736167011197874,-0.08377586723252571,0.0,post hoc diagnostic analysis
BtoA,external_unchanged,0.16,0.018478768633990287,-0.09667796089005577,0.0,post hoc diagnostic analysis
BtoA,external_unchanged,0.17,0.01751723147401477,-0.10989094837065887,0.0,post hoc diagnostic analysis
BtoA,external_unchanged,0.18,0.017028951489067853,-0.12342620383859369,0.0,post hoc diagnostic analysis
BtoA,external_unchanged,0.19,0.016316287312603386,-0.137295663145243,0.0,post hoc diagnostic analysis
BtoA,external_unchanged,0.2,0.016500062088662608,-0.15151185893455854,0.0,post hoc diagnostic analysis
BtoA,external_unchanged,0.21,0.01609196667017717,-0.16608795841474283,0.0,post hoc diagnostic analysis
BtoA,external_unchanged,0.22,0.015542861873421913,-0.18103780403544467,0.0,post hoc diagnostic analysis
BtoA,external_unchanged,0.23,0.014999653271104902,-0.19637595733460628,0.0,post hoc diagnostic analysis
BtoA,external_unchanged,0.24,0.014780369525577262,-0.21211774624690372,0.0,post hoc diagnostic analysis
BtoA,external_unchanged,0.25,0.014756405480359286,-0.22827931619686243,0.0,post hoc diagnostic analysis
BtoA,external_unchanged,0.26,0.013652793486395871,-0.24487768533465792,0.0,post hoc diagnostic analysis
BtoA,external_unchanged,0.27,0.013358418287067358,-0.261930804311845,0.0,post hoc diagnostic analysis
BtoA,external_unchanged,0.28,0.012904093712488098,-0.27945762103839844,0.0,post hoc diagnostic analysis
BtoA,external_unchanged,0.29,0.01263548008528009,-0.29747815091217866,0.0,post hoc diagnostic analysis
BtoA,external_unchanged,0.3,0.01254190984726189,-0.31601355306806694,0.0,post hoc diagnostic analysis
BtoA,external_unchanged,0.31,0.01199390991205006,-0.33508621325745924,0.0,post hoc diagnostic analysis
BtoA,external_unchanged,0.32,0.011143088801396629,-0.35471983404065716,0.0,post hoc diagnostic analysis
BtoA,external_unchanged,0.33,0.010863662563872552,-0.3749395330561894,0.0,post hoc diagnostic analysis
BtoA,external_unchanged,0.34,0.010607753933222702,-0.3957719502237074,0.0,post hoc diagnostic analysis
BtoA,external_unchanged,0.35,0.010722234427685811,-0.41724536484253355,0.0,post hoc diagnostic analysis
BtoA,external_unchanged,0.36,0.010349403948838942,-0.4393898236681981,0.0,post hoc diagnostic analysis
BtoA,external_unchanged,0.37,0.010109611127865195,-0.462237281186741,0.0,post hoc diagnostic analysis
BtoA,external_unchanged,0.38,0.00960371410374014,-0.4858217534639465,0.0,post hoc diagnostic analysis
BtoA,external_unchanged,0.39,0.009004891772336142,-0.5101794871272899,0.0,post hoc diagnostic analysis
BtoA,external_unchanged,0.4,0.008692412765429033,-0.5353491452460781,0.0,post hoc diagnostic analysis
BtoA,external_unchanged,0.41,0.008572444841063547,-0.5613720121146555,0.0,post hoc diagnostic analysis
BtoA,external_unchanged,0.42,0.00795805375593589,-0.5882922192200807,0.0,post hoc diagnostic analysis
BtoA,external_unchanged,0.43,0.007599870158445909,-0.6161569949958715,0.0,post hoc diagnostic analysis
BtoA,external_unchanged,0.44,0.007490553653474303,-0.6450169413350836,0.0,post hoc diagnostic analysis
BtoA,external_unchanged,0.45,0.007648194348802818,-0.6749263402684488,0.0,post hoc diagnostic analysis
BtoA,external_unchanged,0.46,0.007319563447714447,-0.7059434947178646,0.0,post hoc diagnostic analysis
BtoA,external_unchanged,0.47,0.007051163400959211,-0.7381311078257486,0.0,post hoc diagnostic analysis
BtoA,external_unchanged,0.48,0.005984391865429988,-0.771556706053167,0.0,post hoc diagnostic analysis
BtoA,external_unchanged,0.49,0.0057839850208057896,-0.8062931120542094,0.0,post hoc diagnostic analysis
BtoA,external_unchanged,0.5,0.005401713647088042,-0.8424189742952937,0.0,post hoc diagnostic analysis
BtoA,external_recalibrated_ALL,0.01,0.06916927878060375,0.06948536651752843,0.0,post hoc diagnostic analysis
BtoA,external_recalibrated_ALL,0.02,0.059810388827081805,0.05999031923709505,0.0,post hoc diagnostic analysis
BtoA,external_recalibrated_ALL,0.03,0.05174353925859736,0.05029949778593108,0.0,post hoc diagnostic analysis
BtoA,external_recalibrated_ALL,0.04,0.044502048925866136,0.0404067842212012,0.0,post hoc diagnostic analysis
BtoA,external_recalibrated_ALL,0.05,0.03804074323396969,0.030305803002477004,0.0,post hoc diagnostic analysis
BtoA,external_recalibrated_ALL,0.06,0.03246444433289035,0.019989907289737402,0.0,post hoc diagnostic analysis
BtoA,external_recalibrated_ALL,0.07,0.027540661397809398,0.009452164357368967,0.0,post hoc diagnostic analysis
BtoA,external_recalibrated_ALL,0.08,0.02258137664062542,-0.00131465994309439,0.0,post hoc diagnostic analysis
BtoA,external_recalibrated_ALL,0.09,0.018346858654818422,-0.01231811774466686,0.0,post hoc diagnostic analysis
BtoA,external_recalibrated_ALL,0.1,0.014908177766739791,-0.023566096830718725,0.0,post hoc diagnostic analysis
BtoA,external_recalibrated_ALL,0.11,0.012693294563963183,-0.03506683949173803,0.0,post hoc diagnostic analysis
BtoA,external_recalibrated_ALL,0.12,0.02202454195500265,-0.046828962667780485,0.0,post hoc diagnostic analysis
BtoA,external_recalibrated_ALL,0.13,0.021032356043510586,-0.058861479480053866,0.0,post hoc diagnostic analysis
BtoA,external_recalibrated_ALL,0.14,0.01993912423219427,-0.07117382226470566,0.0,post hoc diagnostic analysis
BtoA,external_recalibrated_ALL,0.15,0.019316878620316866,-0.08377586723252571,0.0,post hoc diagnostic analysis
BtoA,external_recalibrated_ALL,0.16,0.018735993093375432,-0.09667796089005577,0.0,post hoc diagnostic analysis
BtoA,external_recalibrated_ALL,0.17,0.018019177168128616,-0.10989094837065887,0.0,post hoc diagnostic analysis
BtoA,external_recalibrated_ALL,0.18,0.017463572127339306,-0.12342620383859369,0.0,post hoc diagnostic analysis
BtoA,external_recalibrated_ALL,0.19,0.017417019652211506,-0.137295663145243,0.0,post hoc diagnostic analysis
BtoA,external_recalibrated_ALL,0.2,0.016857071898671302,-0.15151185893455854,0.0,post hoc diagnostic analysis
BtoA,external_recalibrated_ALL,0.21,0.016251510955112257,-0.16608795841474283,0.0,post hoc diagnostic analysis
BtoA,external_recalibrated_ALL,0.22,0.015886737543263064,-0.18103780403544467,0.0,post hoc diagnostic analysis
BtoA,external_recalibrated_ALL,0.23,0.014679533802841888,-0.19637595733460628,0.0,post hoc diagnostic analysis
BtoA,external_recalibrated_ALL,0.24,0.01419542896730215,-0.21211774624690372,0.0,post hoc diagnostic analysis
BtoA,external_recalibrated_ALL,0.25,0.013680201995115692,-0.22827931619686243,0.0,post hoc diagnostic analysis
BtoA,external_recalibrated_ALL,0.26,0.01337087739670628,-0.24487768533465792,0.0,post hoc diagnostic analysis
BtoA,external_recalibrated_ALL,0.27,0.012188089523346187,-0.261930804311845,0.0,post hoc diagnostic analysis
BtoA,external_recalibrated_ALL,0.28,0.01168301668115402,-0.27945762103839844,0.0,post hoc diagnostic analysis
BtoA,external_recalibrated_ALL,0.29,0.01121093879806843,-0.29747815091217866,0.0,post hoc diagnostic analysis
BtoA,external_recalibrated_ALL,0.3,0.010989693282006706,-0.31601355306806694,0.0,post hoc diagnostic analysis
BtoA,external_recalibrated_ALL,0.31,0.010557772150805262,-0.33508621325745924,0.0,post hoc diagnostic analysis
BtoA,external_recalibrated_ALL,0.32,0.009777138223972068,-0.35471983404065716,0.0,post hoc diagnostic analysis
BtoA,external_recalibrated_ALL,0.33,0.008958374648550368,-0.3749395330561894,0.0,post hoc diagnostic analysis
BtoA,external_recalibrated_ALL,0.34,0.008666072120685308,-0.3957719502237074,0.0,post hoc diagnostic analysis
BtoA,external_recalibrated_ALL,0.35,0.007894812253436368,-0.41724536484253355,0.0,post hoc diagnostic analysis
BtoA,external_recalibrated_ALL,0.36,0.00772615795355768,-0.4393898236681981,0.0,post hoc diagnostic analysis
BtoA,external_recalibrated_ALL,0.37,0.007593541990661076,-0.462237281186741,0.0,post hoc diagnostic analysis
BtoA,external_recalibrated_ALL,0.38,0.0071361904800054474,-0.4858217534639465,0.0,post hoc diagnostic analysis
BtoA,external_recalibrated_ALL,0.39,0.006010386110053681,-0.5101794871272899,0.0,post hoc diagnostic analysis
BtoA,external_recalibrated_ALL,0.4,0.005608675855788733,-0.5353491452460781,0.0,post hoc diagnostic analysis
BtoA,external_recalibrated_ALL,0.41,0.0052101859081887586,-0.5613720121146555,0.0,post hoc diagnostic analysis
BtoA,external_recalibrated_ALL,0.42,0.004770122079156622,-0.5882922192200807,0.0,post hoc diagnostic analysis
BtoA,external_recalibrated_ALL,0.43,0.004143601273144366,-0.6161569949958715,0.0,post hoc diagnostic analysis
BtoA,external_recalibrated_ALL,0.44,0.003827322559472069,-0.6450169413350836,0.0,post hoc diagnostic analysis
BtoA,external_recalibrated_ALL,0.45,0.0033866543241931296,-0.6749263402684488,0.0,post hoc diagnostic analysis
BtoA,external_recalibrated_ALL,0.46,0.003132028091670461,-0.7059434947178646,0.0,post hoc diagnostic analysis
BtoA,external_recalibrated_ALL,0.47,0.002690899207842384,-0.7381311078257486,0.0,post hoc diagnostic analysis
BtoA,external_recalibrated_ALL,0.48,0.002058477968076875,-0.771556706053167,0.0,post hoc diagnostic analysis
BtoA,external_recalibrated_ALL,0.49,0.001678828739989725,-0.8062931120542094,0.0,post hoc diagnostic analysis
BtoA,external_recalibrated_ALL,0.5,0.0013659505774245623,-0.8424189742952937,0.0,post hoc diagnostic analysis
