Feature,Family
Age,static_context
Gender,static_context
Unit1,static_context
Unit2,static_context
HospAdmTime,static_context
ICULOS,static_context
HR_current,current
HR_missing,missingness
HR_last,last_observed
HR_delta,delta
HR_mean6,window_6h
HR_std6,window_6h
HR_mean12,window_12_24h
HR_std12,window_12_24h
HR_mean24,window_12_24h
HR_std24,window_12_24h
O2Sat_current,current
O2Sat_missing,missingness
O2Sat_last,last_observed
O2Sat_delta,delta
O2Sat_mean6,window_6h
O2Sat_std6,window_6h
O2Sat_mean12,window_12_24h
O2Sat_std12,window_12_24h
O2Sat_mean24,window_12_24h
O2Sat_std24,window_12_24h
Temp_current,current
Temp_missing,missingness
Temp_last,last_observed
Temp_delta,delta
Temp_mean6,window_6h
Temp_std6,window_6h
Temp_mean12,window_12_24h
Temp_std12,window_12_24h
Temp_mean24,window_12_24h
Temp_std24,window_12_24h
SBP_current,current
SBP_missing,missingness
SBP_last,last_observed
SBP_delta,delta
SBP_mean6,window_6h
SBP_std6,window_6h
SBP_mean12,window_12_24h
SBP_std12,window_12_24h
SBP_mean24,window_12_24h
SBP_std24,window_12_24h
MAP_current,current
MAP_missing,missingness
MAP_last,last_observed
MAP_delta,delta
MAP_mean6,window_6h
MAP_std6,window_6h
MAP_mean12,window_12_24h
MAP_std12,window_12_24h
MAP_mean24,window_12_24h
MAP_std24,window_12_24h
DBP_current,current
DBP_missing,missingness
DBP_last,last_observed
DBP_delta,delta
DBP_mean6,window_6h
DBP_std6,window_6h
DBP_mean12,window_12_24h
DBP_std12,window_12_24h
DBP_mean24,window_12_24h
DBP_std24,window_12_24h
Resp_current,current
Resp_missing,missingness
Resp_last,last_observed
Resp_delta,delta
Resp_mean6,window_6h
Resp_std6,window_6h
Resp_mean12,window_12_24h
Resp_std12,window_12_24h
Resp_mean24,window_12_24h
Resp_std24,window_12_24h
EtCO2_current,current
EtCO2_missing,missingness
EtCO2_last,last_observed
EtCO2_delta,delta
EtCO2_mean6,window_6h
EtCO2_std6,window_6h
EtCO2_mean12,window_12_24h
EtCO2_std12,window_12_24h
EtCO2_mean24,window_12_24h
EtCO2_std24,window_12_24h
BaseExcess_current,current
BaseExcess_missing,missingness
BaseExcess_last,last_observed
BaseExcess_delta,delta
BaseExcess_mean6,window_6h
BaseExcess_std6,window_6h
BaseExcess_mean12,window_12_24h
BaseExcess_std12,window_12_24h
BaseExcess_mean24,window_12_24h
BaseExcess_std24,window_12_24h
HCO3_current,current
HCO3_missing,missingness
HCO3_last,last_observed
HCO3_delta,delta
HCO3_mean6,window_6h
HCO3_std6,window_6h
HCO3_mean12,window_12_24h
HCO3_std12,window_12_24h
HCO3_mean24,window_12_24h
HCO3_std24,window_12_24h
FiO2_current,current
FiO2_missing,missingness
FiO2_last,last_observed
FiO2_delta,delta
FiO2_mean6,window_6h
FiO2_std6,window_6h
FiO2_mean12,window_12_24h
FiO2_std12,window_12_24h
FiO2_mean24,window_12_24h
FiO2_std24,window_12_24h
pH_current,current
pH_missing,missingness
pH_last,last_observed
pH_delta,delta
pH_mean6,window_6h
pH_std6,window_6h
pH_mean12,window_12_24h
pH_std12,window_12_24h
pH_mean24,window_12_24h
pH_std24,window_12_24h
PaCO2_current,current
PaCO2_missing,missingness
PaCO2_last,last_observed
PaCO2_delta,delta
PaCO2_mean6,window_6h
PaCO2_std6,window_6h
PaCO2_mean12,window_12_24h
PaCO2_std12,window_12_24h
PaCO2_mean24,window_12_24h
PaCO2_std24,window_12_24h
SaO2_current,current
SaO2_missing,missingness
SaO2_last,last_observed
SaO2_delta,delta
SaO2_mean6,window_6h
SaO2_std6,window_6h
SaO2_mean12,window_12_24h
SaO2_std12,window_12_24h
SaO2_mean24,window_12_24h
SaO2_std24,window_12_24h
AST_current,current
AST_missing,missingness
AST_last,last_observed
AST_delta,delta
AST_mean6,window_6h
AST_std6,window_6h
AST_mean12,window_12_24h
AST_std12,window_12_24h
AST_mean24,window_12_24h
AST_std24,window_12_24h
BUN_current,current
BUN_missing,missingness
BUN_last,last_observed
BUN_delta,delta
BUN_mean6,window_6h
BUN_std6,window_6h
BUN_mean12,window_12_24h
BUN_std12,window_12_24h
BUN_mean24,window_12_24h
BUN_std24,window_12_24h
Alkalinephos_current,current
Alkalinephos_missing,missingness
Alkalinephos_last,last_observed
Alkalinephos_delta,delta
Alkalinephos_mean6,window_6h
Alkalinephos_std6,window_6h
Alkalinephos_mean12,window_12_24h
Alkalinephos_std12,window_12_24h
Alkalinephos_mean24,window_12_24h
Alkalinephos_std24,window_12_24h
Calcium_current,current
Calcium_missing,missingness
Calcium_last,last_observed
Calcium_delta,delta
Calcium_mean6,window_6h
Calcium_std6,window_6h
Calcium_mean12,window_12_24h
Calcium_std12,window_12_24h
Calcium_mean24,window_12_24h
Calcium_std24,window_12_24h
Chloride_current,current
Chloride_missing,missingness
Chloride_last,last_observed
Chloride_delta,delta
Chloride_mean6,window_6h
Chloride_std6,window_6h
Chloride_mean12,window_12_24h
Chloride_std12,window_12_24h
Chloride_mean24,window_12_24h
Chloride_std24,window_12_24h
Creatinine_current,current
Creatinine_missing,missingness
Creatinine_last,last_observed
Creatinine_delta,delta
Creatinine_mean6,window_6h
Creatinine_std6,window_6h
Creatinine_mean12,window_12_24h
Creatinine_std12,window_12_24h
Creatinine_mean24,window_12_24h
Creatinine_std24,window_12_24h
Bilirubin_direct_current,current
Bilirubin_direct_missing,missingness
Bilirubin_direct_last,last_observed
Bilirubin_direct_delta,delta
Bilirubin_direct_mean6,window_6h
Bilirubin_direct_std6,window_6h
Bilirubin_direct_mean12,window_12_24h
Bilirubin_direct_std12,window_12_24h
Bilirubin_direct_mean24,window_12_24h
Bilirubin_direct_std24,window_12_24h
Glucose_current,current
Glucose_missing,missingness
Glucose_last,last_observed
Glucose_delta,delta
Glucose_mean6,window_6h
Glucose_std6,window_6h
Glucose_mean12,window_12_24h
Glucose_std12,window_12_24h
Glucose_mean24,window_12_24h
Glucose_std24,window_12_24h
Lactate_current,current
Lactate_missing,missingness
Lactate_last,last_observed
Lactate_delta,delta
Lactate_mean6,window_6h
Lactate_std6,window_6h
Lactate_mean12,window_12_24h
Lactate_std12,window_12_24h
Lactate_mean24,window_12_24h
Lactate_std24,window_12_24h
Magnesium_current,current
Magnesium_missing,missingness
Magnesium_last,last_observed
Magnesium_delta,delta
Magnesium_mean6,window_6h
Magnesium_std6,window_6h
Magnesium_mean12,window_12_24h
Magnesium_std12,window_12_24h
Magnesium_mean24,window_12_24h
Magnesium_std24,window_12_24h
Phosphate_current,current
Phosphate_missing,missingness
Phosphate_last,last_observed
Phosphate_delta,delta
Phosphate_mean6,window_6h
Phosphate_std6,window_6h
Phosphate_mean12,window_12_24h
Phosphate_std12,window_12_24h
Phosphate_mean24,window_12_24h
Phosphate_std24,window_12_24h
Potassium_current,current
Potassium_missing,missingness
Potassium_last,last_observed
Potassium_delta,delta
Potassium_mean6,window_6h
Potassium_std6,window_6h
Potassium_mean12,window_12_24h
Potassium_std12,window_12_24h
Potassium_mean24,window_12_24h
Potassium_std24,window_12_24h
Bilirubin_total_current,current
Bilirubin_total_missing,missingness
Bilirubin_total_last,last_observed
Bilirubin_total_delta,delta
Bilirubin_total_mean6,window_6h
Bilirubin_total_std6,window_6h
Bilirubin_total_mean12,window_12_24h
Bilirubin_total_std12,window_12_24h
Bilirubin_total_mean24,window_12_24h
Bilirubin_total_std24,window_12_24h
TroponinI_current,current
TroponinI_missing,missingness
TroponinI_last,last_observed
TroponinI_delta,delta
TroponinI_mean6,window_6h
TroponinI_std6,window_6h
TroponinI_mean12,window_12_24h
TroponinI_std12,window_12_24h
TroponinI_mean24,window_12_24h
TroponinI_std24,window_12_24h
Hct_current,current
Hct_missing,missingness
Hct_last,last_observed
Hct_delta,delta
Hct_mean6,window_6h
Hct_std6,window_6h
Hct_mean12,window_12_24h
Hct_std12,window_12_24h
Hct_mean24,window_12_24h
Hct_std24,window_12_24h
Hgb_current,current
Hgb_missing,missingness
Hgb_last,last_observed
Hgb_delta,delta
Hgb_mean6,window_6h
Hgb_std6,window_6h
Hgb_mean12,window_12_24h
Hgb_std12,window_12_24h
Hgb_mean24,window_12_24h
Hgb_std24,window_12_24h
PTT_current,current
PTT_missing,missingness
PTT_last,last_observed
PTT_delta,delta
PTT_mean6,window_6h
PTT_std6,window_6h
PTT_mean12,window_12_24h
PTT_std12,window_12_24h
PTT_mean24,window_12_24h
PTT_std24,window_12_24h
WBC_current,current
WBC_missing,missingness
WBC_last,last_observed
WBC_delta,delta
WBC_mean6,window_6h
WBC_std6,window_6h
WBC_mean12,window_12_24h
WBC_std12,window_12_24h
WBC_mean24,window_12_24h
WBC_std24,window_12_24h
Fibrinogen_current,current
Fibrinogen_missing,missingness
Fibrinogen_last,last_observed
Fibrinogen_delta,delta
Fibrinogen_mean6,window_6h
Fibrinogen_std6,window_6h
Fibrinogen_mean12,window_12_24h
Fibrinogen_std12,window_12_24h
Fibrinogen_mean24,window_12_24h
Fibrinogen_std24,window_12_24h
Platelets_current,current
Platelets_missing,missingness
Platelets_last,last_observed
Platelets_delta,delta
Platelets_mean6,window_6h
Platelets_std6,window_6h
Platelets_mean12,window_12_24h
Platelets_std12,window_12_24h
Platelets_mean24,window_12_24h
Platelets_std24,window_12_24h
ShockIndex,clinical_composite
BUN_Creatinine,clinical_composite
qSOFA_partial,clinical_composite
SIRS_partial,clinical_composite
MeasCount24,missingness
