Variable,missing_pct_A,missing_pct_B
HR,7.743335674468341,12.101129272501788
O2Sat,12.032041912644027,14.128307928529715
Temp,66.22425542415672,66.09885891639709
SBP,15.211176705073937,13.919251438657735
MAP,10.232405104939794,14.752327771179601
DBP,48.12576324164942,13.944579688843103
Resp,9.776832887252203,21.138852617143158
EtCO2,100.0,92.43617084101602
BaseExcess,89.57486253741071,99.76850241799487
HCO3,91.94940617426903,99.81482818128727
FiO2,85.80702720145783,97.74145499642385
pH,88.53286763728858,97.77452607956745
PaCO2,91.23175338357282,97.76730818443691
SaO2,95.04438665426498,98.11009258590936
AST,98.50420455192574,98.24631395219129
BUN,91.84070158121523,94.47607923936509
Alkalinephos,98.54065032934075,98.24027716717302
Calcium,95.02439209582202,93.1741021922716
Chloride,91.67606284365647,99.38464163150677
Creatinine,93.35788361395316,94.47122356445908
Bilirubin_direct,99.85042045519258,99.76272810189043
Glucose,87.76839214644116,77.83974960465619
Lactate,96.56511202647381,98.12295356268741
Magnesium,92.21971235676367,95.21387935616376
Phosphate,94.95124744531552,97.05969199272961
Potassium,89.13763975626885,92.2979809578803
Bilirubin_total,98.77337180387616,98.23515902335316
TroponinI,99.87788133609207,98.18686474320698
Hct,88.22371126845225,94.176470974219
Hgb,91.16430338578742,94.12463336373598
PTT,95.15245850812754,99.02978365999778
WBC,92.48963889574357,94.73762951200467
Fibrinogen,99.23691653537328,99.44724046745714
Platelets,93.48291287814075,94.65744525882715
